REPUBBLICA	ante	prima	?	?	ha assistito alla	ante-prima	europea del suo ultimo film , qualcosa di biondo , diretto da maurizio ponzi , e gli applausi vigorosi degli
REPUBBLICA	ante	litteram	?	?	animale in pieno campo , fuori dalla torre d' avorio dei laboratori ; e operò in condizioni da vero etologo	ante-litteram	, e cioè totalmente naturali .
REPUBBLICA	ante	litteram	?	?	a condurre alla pubblica verifica dibattimentale questo primo processo alla mafia , voglio oggi occupar- me dei " pentiti "	ante-litteram	della mafia , di quei pochi cioè che hanno parlato negli anni settanta , quando la categoria giuridica del "
REPUBBLICA	ante	metanolo	?	?	antinori , immortalato sulla copertina della rivista enologica inglese " decanter " come uomo dell' anno con un sorriso da	ante-metanolo	, pierluigi bolla e i rappresentanti delle varie associazioni di produttori e commercianti hanno girato a lungo attorno al problema
REPUBBLICA	ante	requisitoria	?	?	scorsa con la richiesta di condanna di sereno freato e di bruno musselli , appare sempre di più come una	ante-requisitoria	, un vero e proprio atto di accusa contro i protagonisti della mega-truffa che costò alle casse dello stato circa
REPUBBLICA	ante	litteram	?	?	dalla civiltà industriale e dal fumo delle ciminiere per il ritorno a una vita naturale e primitiva : un verde	ante-litteram	, insomma .
REPUBBLICA	ante	guerra	Qualification or Set of Circumstances	?	quel libro ha lasciato la bocca amara a molti vecchi marinai che hanno fatto parte della marina d'	ante-guerra	e / o che hanno combattuto nel 2 & ordm ; conflitto mondiale con fede , con coraggio , con
REPUBBLICA	ante	gorbaciov	?	?	persino nell' urss	ante-gorbaciov	si sapeva , quanto meno , che il politburo si riuniva una volta alla settimana , e che tutti i
REPUBBLICA	ante	gardini	?	?	ecco schimberni negli stati uniti prima dal suo vecchio amico henry kissinger , consulente d' oro della montedison	ante-gardini	, e poi sempre negli states per un week-end di lavoro nel ranch dell' ex presidente gerald ford .
REPUBBLICA	ante	decreto	?	?	queste posizioni bisogna aggiungere il suggerimento dei liberali di tornare , come se nulla fosse , ai 140 all' ora	ante-decreto	ferri , e un documento missino che non si discosta di molto dalle opinioni della maggioranza .
REPUBBLICA	ante	scudetto	?	?	niente miracoli siamo l' atalanta " in questi casi torna in mente il perugia di novellino , oppure il verona	ante-scudetto	di bagnoli , o magari l' ascoli di gb fabbri .
REPUBBLICA	ante	imposte	?	?	di stato è stata ceduta per finanziare l' acquisizione delle partecipazioni effettuata negli esercizi precedenti , ma il risultato netto	ante-imposte	è comunque cresciuto da 6,2 a 7,3 miliardi .
REPUBBLICA	ante	glasnost	?	?	ne vien fuori una russia	ante-glasnost	che sorprende per la sua disinvoltura , per un diffuso senso di scetticismo sulla conclamata onnipotenza della polizia , desiderosa
REPUBBLICA	ante	perestrojka	?	?	, sull' esfuerzo-resultado , sulla productividad para el desarrollo , che sembrano importati dal pedagogismo autoritario e brezneviano dell' urss	ante-perestrojka	, e innalzeranno un unico , grande tabellone di saluto a gorbaciov : la patria di martì , saluta il
REPUBBLICA	ante	mortem	?	?	, mascalzoni e supermascalzoni recidivi quegli stessi giornalisti e giornali dei quali oggi sperano di celebrare una specie di funerale	ante-mortem	.
REPUBBLICA	ante	perestrojka	?	?	, invoca un intervento della commissione di vigilanza e attribuisce ai neo-giacobini di radiouno un' intolleranza degna delle emittenti sovietiche	ante-perestrojka	.
REPUBBLICA	ante	crac	?	?	dell' indice generale , che con il rialzo di questa settimana del 3,30 per cento ha quasi recuperato le posizioni	ante-crac	dell' ottobre 1987 , e nel volume degli scambi che con un crescendo impressionante che ha tenuto una media fra
REPUBBLICA	ante	perestrojka	?	?	è una tesi da urss	ante-perestrojka	, ha commentato franco piro , neo-presidente della commissione e anche il sottosegretario al tesoro , sacconi , ha sottolineato
REPUBBLICA	ante	gorbaciov	?	?	il tono del dibattito l' ha dato la domanda canonica d' apertura : il giudizio sul mondo dell' est	ante-gorbaciov	.
REPUBBLICA	ante	crash	?	?	se si guarda poi ai prezzi delle azioni	ante-crash	ed ai dividendi distribuiti per lo scorso esercizio l' impressione che se ne ricava è che sia più probabile fare
REPUBBLICA	ante	gorbaciov	?	?	era la germania divisa ad essere sentita piuttosto come un pericolo , perché un giorno o l' altro parlo dell'	ante-gorbaciov	si sarebbe potuta avverare la previsione di stalin che , tenendo una metà della patria tedesca in ostaggio , l'
REPUBBLICA	ante	crisi	?	?	toccato il 33 % e che non ha intaccato il bilancio dell' intera annata solo in considerazione del buon ritmo	ante-crisi	.
REPUBBLICA	ante	invasione	?	?	si calcolano i danni per l' industria nazionale : ci vorranno cinque anni perché l' estrazione possa tornare ai ritmi	ante-invasione	.
REPUBBLICA	ante	crollo	?	?	agostini di novara , dove l' ultima operazione-aggiornamento s' era appena conclusa con il ritiro e la sostituzione della versione	ante-crollo	del muro di berlino di la nuova geografia ( centomila copie in adozione ) .
REPUBBLICA	ante	imposte	?	?	si è invece attestato a 61,1 miliardi ( contro 70,4 del semestre e 99,4 dell' intero esercizio ) l' utile	ante-imposte	.
REPUBBLICA	ante	golfo	?	?	' , considerato che anche al dettaglio si sta facendo sentire l' effetto calmiere del ritorno del petrolio alle quotazioni	ante-golfo	, ribadisce che la strada dell' inflazione è disseminata di altri ostacoli , come il costo del lavoro e il
REPUBBLICA	ante	guerra	Qualification or Set of Circumstances	?	la produzione industriale delle repubbliche dell' ex unione sovietica è in caduta libera e ha ormai raggiunto i livelli d'	ante-guerra	.
REPUBBLICA	ante	recessione	?	?	domanda complessiva di gomma naturale dovrebbe salire nel 1992 a 5,3 milioni di tonnellate , riportando- si quindi sui livelli	ante-recessione	.
REPUBBLICA	ante	golfo	?	?	italia deficit alimentare quasi quanto l' energia roma -- il deficit agro-alimentare , complice il ritorno del petrolio alle quotazioni	ante-golfo	, si avvicina sempre più a quello energetico , con il quale forma un duo che rischia di strangolare i
REPUBBLICA	ante	golfo	?	?	mille miliardi in meno nella bolletta energetica roma -- grazie al ritorno delle quotazioni del petrolio ai livelli	ante-golfo	, la " bolletta " energetica che il nostro paese è costretto a pagare sta diventando sempre meno salata .
REPUBBLICA	ante	golfo	?	?	e di questo trend positivo , dovuto al ritorno delle quotazioni del greggio ai livelli	ante-golfo	, potrebbero approfittare i nostri conti con l' estero per limitare i danni in un anno che si annuncia piuttosto
REPUBBLICA	ante	liquidazione	?	?	alcune forze politiche continua il suo pressing nei confronti del ministro guarino per far valere le ragioni di un intervento	ante-liquidazione	: al senato ieri il pds ha formalizzato un emendamento al decreto sulla finanza locale in base al quale è
REPUBBLICA	ante	liquidazione	?	?	il mercato ) l' ipotesi di una liquidazione pilotata , rimane in piedi l' altra strada che prevede un intervento	ante-liquidazione	da parte del fondo di garanzia vittime della strada .
REPUBBLICA	ante	litteram	?	?	gli usi , chicca turistica e spunto per dissertazioni psicologiche , emblema della ' finis austriae ' e vessillo femminista	ante-litteram	, l' inquieta consorte di francesco giuseppe è stata appena incoronata regina di un musical .
REPUBBLICA	ante	litteram	?	?	dicendo " il mio nome è dita " , quasi volesse apparire una reincarnazione di questa prestigiosa e sfrontata provocatrice	ante-litteram	, e dichiara apertamente che la lettera " d " incisa sul dente d' oro che ora rende eccentrico e
REPUBBLICA	ante	referendum	?	?	spencer ( raiuno ) , giannini e la sandrelli ( raidue ) , il " rosso e il nero "	ante-referendum	( raitre ) .
REPUBBLICA	ante	litteram	?	?	incredibilmente ignorata dal comune " perché antonioni non è milanese " ( così ha risposto un funzionario , forse iper-leghista	ante-litteram	, agli organizzatori ) , si scopre che il cavaliere lo farà veramente , nel film firmato da alain robbe-grillet
REPUBBLICA	ante	litteram	?	?	il bambi	ante-litteram	, opera del grande illustratore danese kay nielsen , è stato realizzato quando disney aveva sette anni : potevano quegli
REPUBBLICA	ante	imposte	?	?	il settore pubblico ha pagato 15.950 miliardi di oneri finanziari , pari al 148,7 per cento del risultato lordo	ante-imposte	( il risultato , quindi , non riesce a coprire i soli oneri sul debito ) , mentre quello privato
REPUBBLICA	ante	anteprima	?	?	ora , finalmente liberi dal discusso embargo imposto dal festival di locarno quando lo scorso agosto presentò in	ante-anteprima	l' ultimo saggio del personale tocco di rohmer , possiamo presentare l' omaggio che venezia ha reso al maestro con
REPUBBLICA	ante	litteram	?	?	ma qui viene il bello : il nostro naturista	ante-litteram	, che sproloquiava , buon discepolo di rousseau , sulla necessità di un ritorno alle origini , e che considerava
REPUBBLICA	ante	imposte	?	?	assitalia -- raccolta premi in rialzo dell' 11,2 % , da 1.197 a 1.331 miliardi e utile	ante-imposte	, salito da 8 a 14,9 miliardi .
REPUBBLICA	ante	commissariamento	?	?	infatti , il tracollo della federconsorzi è stato troppo rapido e sarebbe stato determinato proprio da una serie di rimborsi	ante-commissariamento	che avrebbe reso impossibile qualsiasi tentativo di salvataggio .
REPUBBLICA	ante	ricapitalizzazione	?	?	uno studio	ante-ricapitalizzazione	' spiega ' il rifiuto di arcuti .
REPUBBLICA	ante	operazioni	?	?	se consideriamo , invece dell' utile ante-imposte ( e	ante-operazioni	di maquillage sui bilanci ) , i dati sono i seguenti .
REPUBBLICA	ante	riforma	documento	?	di nuovo crescere l' aliquota di equilibrio di 2 - 2,5 punti , riportando- la non molto distante dai livelli	ante-riforma	.
REPUBBLICA	ante	svalutazione	?	?	un consistente margine di sicurezza e che anche l' attuale riaggiustamento dei cambi non ha riportato la lira sulle posizioni	ante-svalutazione	.
REPUBBLICA	ante	recessione	?	?	poco sul mercato interno , dove al moderato recupero dei consumi dovrebbe accompagnar- si un ritorno degli investimenti ai livelli	ante-recessione	.
REPUBBLICA	ante	riforma	documento	?	il sistema fiscale italiano	ante-riforma	, insomma , non appare affatto un modello da imitare .
REPUBBLICA	ante	anteprima	?	?	roma -- a pochi giorni dalla presentazione ufficiale al salone di parigi , ecco la k , mostrata in "	ante-anteprima	" a 500 giornalisti di tutta europa .
REPUBBLICA	ante	tangentopoli	?	?	della galleria commerciale le metropole , a poche decine di metri dal mitico cafè de paris dove , ai tempi	ante-tangentopoli	, si era sempre sicuri di trovare qualche " potente " .
REPUBBLICA	ante	tangentopoli	?	?	park politici , l' ultimo lembo delle sue istituzioni sopravvissuto al diluvio che ha sommerso man mano l' italia dell'	ante-tangentopoli	.
REPUBBLICA	ante	trasformazione	?	?	è resa necessaria un' assemblea in quanto l' atto costitutivo stabilisce che la massima carica operativa fosse assunta dal provveditore	ante-trasformazione	.
REPUBBLICA	ante	marcia	?	?	e fraga , centrista	ante-marcia	, fondatore del partito è un po' emarginato .
REPUBBLICA	ante	craxi	?	?	tra i due , il buon vecchio libro che campeggiava nel vecchio simbolo dei socialisti	ante-craxi	.
REPUBBLICA	ante	marcia	?	?	vorrebbe di sì , ma su quella poltrona chiave il ppi vedrebbe bene il suo roberto pinza dai meriti ulivetani	ante-marcia	, mentre il pds avanza discretamente la candidatura dell' ex sindaco di genova claudio burlando ; risultato probabile del braccio
REPUBBLICA	ante	tasse	?	?	nell' anno concluso il primo giugno 1996 wh smith ha accusato un rosso	ante-tasse	e dopo le voci straordinarie di 194,7 milioni di sterline contro l' attivo di 115,2 milioni del '94 - '95
REPUBBLICA	ante	ante	?	?	e sarà una	ante-ante	prima , visto che la vettura -- esposta poi a parigi come prototipo -- andrà in produzione non prima di
REPUBBLICA	ante	glasnost	?	?	così : le malattie dell' inquilino della casa bianca venivano nascoste , né più né meno come accadeva nel cremlino	ante-glasnost	.
REPUBBLICA	ante	necci	?	?	ad altri dieci che ogni mese il vicesegretario prelevava " per le spese personali " , la più strepitosa paghetta	ante-necci	.
REPUBBLICA	ante	ottobre	?	?	sono fuori della restrizione i pensionati	ante-ottobre	'96 , ed anche quelli successivi a condizione che raggiungano 40 anni di versamenti .
REPUBBLICA	ante	litteram	?	?	accettava di ospitar- li ( in cambio di vantaggi finanziari e commerciali ) , e nacque così una minuscola manhattan	ante-litteram	, con gli edifici sopraeleva- ti fino a otto piani contro i due o tre consueti in città .
REPUBBLICA	ante	festival	?	?	diffuse le voci di un passaggio di antonio ricci su raidue e , tra parentesi , nel programmino di chiambretti	ante-festival	è proprio ricci il più ripreso dalle telecamere rai che inseguono le telecamere mediaset in agguato sui personaggi rai .
REPUBBLICA	ante	findus	?	?	teneva in grembo un gran canovaccio pieno di fagiolini , da spuntare uno ad uno come si faceva nell' era	ante-findus	.
REPUBBLICA	ante	opera	documento	?	vivono dell' opera , ciò che è la loro salvezza , ma ignorano l'	ante-opera	, un mondo che è sconosciuto anche ai direttori che non sono compositori .
REPUBBLICA	ante	boom	?	?	virzì : ' il mio omaggio a livorno e ai suoi proletari gentili ' ' santo stefano ' nell' italia	ante-boom	un direttore di carcere coraggioso e idealista prova a recuperare ladri e assassini ' la medaglia ' un film al
REPUBBLICA	ante	imposte	?	?	mesi dell' anno i 780,4 miliardi , con un aumento del 37 % sullo stesso periodo '96 , l' utile	ante-imposte	consolidato è salito del 39 % a 123,1 miliardi e l' utile netto consolidato ha segnato un incremento del 37
REPUBBLICA	ante	imposte	?	?	tradotti in termini economici e finanziari questi risultati portano a un utile	ante-imposte	che , a fine anno , non sarà inferiore ai 4 mila miliardi .
REPUBBLICA	ante	litteram	?	?	le fs parte civile nei processi in corso , incluso quello -- storico -- delle lenzuola d' oro , tangentopoli	ante-litteram	" .
REPUBBLICA	ante	carcere	Entity	?	grigio-verde , patrizia reggiani ha la pelle liscia , candida , senza rughe ; le labbra , che nelle foto	ante-carcere	erano inutilmente esasperate da matita e rossetto , al naturale sono naturalmente belle .
REPUBBLICA	ante	litteram	?	?	questi ultimi introducono in francia le " lettere di cambio " , sorta di traveller 's cheques	ante-litteram	e , forti dell' esperienza dell' assai più moderno e complesso sistema fiscale italiano , si aggiudicano , in cambio
REPUBBLICA	ante	imposte	?	?	dal gruppo siderurgico con interessi anche in italia ( fra l' altro le acciaierie di terni ) , l' utile	ante-imposte	del primo semestre 1998 è stato di 411 milioni di marchi con un aumento del 101 % rispetto al primo
REPUBBLICA	ante	imposte	?	?	il fatturato consolidato è stato di 697,9 miliardi contro i 703 miliardi al 30 settembre '97 , mentre l' utile	ante-imposte	è stabile a 58,6 miliardi .
REPUBBLICA	ante	imposte	?	?	miliardi nello stesso periodo del '97 ) , un utile operativo di 66,1 miliardi ( 62,2 ) e un utile	ante-imposte	di 50,1 miliardi ( 26,1 ) .
REPUBBLICA	ante	scissione	?	?	cosa dirà marini il suo segretario-braccio destro paolo naccarato ( già in predicato per affiancare mastella come vicesegretario del partito	ante-scissione	) .
REPUBBLICA	ante	litteram	?	?	marxiano	ante-litteram	ma laureato con una tesi sulla storia della chiesa .
REPUBBLICA	ante	litteram	?	?	ma a parlare di gobetti fu un gobettianno	ante-litteram	, il professore augusto monti .
REPUBBLICA	ante	crisi	?	?	ue a due " volani " : quello economico , con il ritorno degli importanti accordi con ankara a livello	ante-crisi	; e quello politico , mettendo l' accento sulla necessità delle riforme e il pieno rispetto dei diritti umani ivi
REPUBBLICA	ante	crisi	?	?	) , cresciuto in america del 4,8 per cento nel terzo trimestre 1999 , cioè a ritmi da tigre asiatica	ante-crisi	.
REPUBBLICA	ante	crisi	?	?	unione a due volani : quello economico , con il ritorno degli importanti accordi fra ankara e roma al livello	ante-crisi	; e quello politico , mettendo l' accento sulla necessità delle riforme e il pieno rispetto dei diritti umani ivi
REPUBBLICA	ante	litteram	?	?	uno sguardo al passato : " mio padre -- ha ricordato il presidente -- ha cominciato con un venture capital	ante-litteram	, fondando nel 1921 la compagnia italiana " tubi metallici flessibili " da cui poi è nato il nostro gruppo
REPUBBLICA	ante	internet	?	?	anni fa sul minitel francese , una sorta di internet	ante-internet	, la cosa di maggior successo fu un sistema per trovare delle baby sitter nel giro di pochi minuti ,
REPUBBLICA	ante	derby	?	?	a perugia è ricomparsa la squadra	ante-derby	.
REPUBBLICA	ante	imposte	?	?	principali azionisti di lazard che nel '99 ha realizzato utili	ante-imposte	per 500 milioni di dollari , sono i partners attivi , con il 60,23 % del capitale , gli azionisti
WIKICONLL	ante	litteram	?	?	l' accusa di " lolitismo "	ante-litteram	però fece scuola , al punto che vladimir nabokov , dopo l' uscita del suo celebre romanzo , notò sarcasticamente
WIKICONLL	ante	guerra	Qualification or Set of Circumstances	?	l' attività di pippo barzizza nella radio e in particolare all' eiar	ante-guerra	è documentata nel film del 1940 " ecco la radio ! " , diretto da giacomo gentilomo .
WIKICONLL	ante	litteram	?	?	ricompensavano i collaboratori con concessioni territoriali creando una classe sociale di nuovi proprietari terrieri ( in una sorta di feudalesimo	ante-litteram	) . con l' andare del tempo , però , le piccole comunità indipendenti nate in territori pianeggianti diedero vita
WIKICONLL	ante	girone	?	?	titolare alla juventus , per un totale di 338 gare , vincendo ben 8 campionati italiani fra serie a e	ante-girone	unico .
WIKICONLL	ante	litteram	?	?	le ridotte dimensioni della type c e gli obiettivi commerciali che si era prefissata ne facevano una 2cv "	ante-litteram	" .
WIKICONLL	ante	riforma	documento	?	negativa ( vedi http://www.comferenza.it/img/slide11.gif) , nonostante il raddoppio delle sedi ove oggi è possibile studiare comunicazione rispetto all' ultimo anno	ante-riforma	e al numero di corsi di laurea quasi triplo ( in molte università sono attivi più corsi di laurea della
WIKICONLL	ante	litteram	?	?	david lazzaretti , per alcuni detto " il santo " , per altri raffigurato approssimativamente come un visionario socialista "	ante-litteram	" .
WIKICONLL	ante	guerra	Qualification or Set of Circumstances	?	la camera dei consiglieri ha ereditato le funzioni del periodo	ante-guerra	della camera dei pari , l' equivalente giapponese della britannica camera dei lord .
WIKICONLL	ante	gold	?	?	nel 1974 appare	ante-gold	collection , disegnato da dario rossi e che ha segnato un' epoca .
WIKICONLL	ante	litteram	?	?	politica , mentre sul piano sociale ed economico esprimeva un europeismo che in tempi recenti fu definito di globalizzazione "	ante-litteram	" .
WIKICONLL	ante	conflitto	?	?	in buona sostanza , però , nonostante i tempi convulsi , la borghesia parmense non muta di atteggiamento dall'	ante-conflitto	e non vede di buon occhio , per risolvere i conflitti sociali , gli squadristi : continua a far riferimento
WIKICONLL	ante	litteram	?	?	di alcune tasse e la creazione nel 1397 della società del molleggio - una sorta di società per azioni "	ante-litteram	" votata allo sfruttamento dei mulini presenti lungo il corso del borbore e del torrente triversa - fece compartecipare i
WIKICONLL	ante	mortem	?	?	si legava insieme le ginocchia per far trovare il proprio corpo in una posa dignitosa , passate le convulsioni "	ante-mortem	" .
WIKICONLL	ante	professionismo	?	?	tra i primi giocatori di colore di alto livello del regno unito , nel periodo	ante-professionismo	guscott svolse la libera professione di muratore , poi si impiegò alla british gas nell’ ufficio pubbliche relazioni .
WIKICONLL	ante	riforma	documento	?	il corso , che abilita all' insegnamento nella scuola dell' infanzia e in quella primaria , è l' unico	ante-riforma	autorizzato ad essere presente nelle offerte formative degli atenei .
WIKICONLL	ante	guerra	Qualification or Set of Circumstances	?	già nel periodo	ante-guerra	troviamo filistrucchi a cinecittà , nel '41 con " la cena delle beffe " di alessandro blasetti .
WIKICONLL	ante	guerra	Qualification or Set of Circumstances	?	è comunque ancora conosciuto tra gli studiosi in quanto autore di spicco della letteratura	ante-guerra	civile .
WIKICONLL	ante	guerra	Qualification or Set of Circumstances	?	causato dai bombardamenti durante la seconda guerra mondiale il 13 maggio 1944 : dove adesso si trova questa piazza nell’	ante-guerra	sorgeva il teatro reinach voluto dall’ omonimo barone oscar reinach .
WIKICONLL	ante	guerra	Qualification or Set of Circumstances	?	come era comune nei progetti	ante-guerra	, il retro della fusoliera fu sopraelevato che bloccava la vista diretta del retro , ma il velivolo tuttavia usava
WIKICONLL	ante	litteram	?	?	la storia dell' arte e la sua iconografia è stata l' elemento centrale della sua ricerca , anticipatore	ante-litteram	del citazionismo , non aderì al movimento promulgato da maurizio calvesi ed enrico crispolti per proseguire il percorso fuori da
ITWAC	ante	imposte	?	?	visto in notevole contrazione anche l' utile	ante-imposte	con un calo rispetto allo stesso periodo del 2004 del 49,4 % a 21,2 milioni di euro .
ITWAC	ante	riforma	documento	?	di permettere alla generalità dei lavoratori una integrazione del trattamento pubblico di base , per tentare di riportarlo ai valori	ante-riforma	, tenendo conto che , con l' entrata a regime del sistema contributivo , tali trattamenti saranno pari a circa
ITWAC	ante	euro	?	?	nulla potremo contro la sostanziale disonesta' economica e intellettuale di quelle istituzioni che hanno acconsentito , gia' in questi mesi	ante-euro	, gli aumenti a raffica con la scusa dell' euro ( trasporti pubblici in primis ) .
ITWAC	ante	bettino	?	?	parlando di	ante-bettino	, s' intende .
ITWAC	ante	fusione	?	?	per quanto riguarda la situazione contabile-fiscale	ante-fusione	delle due società viene riportato quanto segue .
ITWAC	ante	erogazione	?	?	ciò , dalle analisi compiute è risultato come la componente chiave sia la conoscenza diretta , in alcuni casi anche	ante-erogazione	, del soggetto immigrato .
ITWAC	ante	buco	?	?	i due dati , sommati , non riescono infatti a riportare l' indice ai livelli	ante-buco	: era a quota 106,2 a ottobre , è sceso a 103,6 a novembre e , nonostante i 2 rialzi
ITWAC	ante	crac	?	?	ministro marzano sembra muoversi con un solo imperativo : mantenere i livelli occupazionali dell' azienda e dell' indotto allo stato	ante-crac	.
ITWAC	ante	scissione	?	?	] medesima	ante-scissione	.
ITWAC	ante	causa	?	?	posto nel nulla il menzionato decreto del 25 luglio 2002 , pronunciato inaudita altera parte , autorizzante il sequestro conservativo	ante-causa	, sino alla concorrenza di 206.582,76 euro ( pari a 400.000.000 lire ) , concernente quota parte del credito d'
ITWAC	ante	crisi	?	?	infatti , sia negli anni	ante-crisi	( 1996 - 2001 ) , sia nell' ultimo biennio ( 2001 - 2003 ) , la quota dell' export
ITWAC	ante	guerra	Qualification or Set of Circumstances	?	il fascismo portando alle sue ultime conseguenze un fenomeno di dittatura burocratica già prevalso con le corrotte sedicenti democrazie dell'	ante-guerra	, ha preteso di risolvere la recente crisi dei disoccupati , degli spostati e dei plutocrati , organizzando un esercito
ITWAC	ante	parto	?	?	necessità di ricovero , la madre ha la facoltà di richiedere che il periodo restante di congedo obbligatorio post-parto e	ante-parto	, qualora non fruito , decorra dalla data di effettivo rientro a casa del figlio .
ITWAC	ante	decreti	?	?	ho vissuto sia il periodo	ante-decreti	delegati quando c' era il maestro unico in classe , poi i decreti delegati nel  74 ed il passaggio
ITWAC	ante	riforma	documento	?	seguendo un intento di rafforzamento del ruolo regionale viene abbandonata la logica	ante-riforma	, che prevedeva un elenco esplicito di materie con potestà concorrente ed una attribuzione allo stato per le non espresse
ITWAC	ante	imposte	?	?	utile ante-imposte 20 trimestre ma vendite crescono dell' 1,9 % milano 6 ago - si e' chiuso con un utile	ante-imposte	di 1,22 milioni di euro e con ricavi per 15,13 milioni di euro il secondo trimestre 2003 di cembre ,
ITWAC	ante	riforma	documento	?	2 ) , automazione dei dati e telematica ; 4.3 il settore dell' industria della difesa 4.3.1 struttura ordinativa 4.3.1.1	ante-riforma	area tecnico industriale della difesa ante riforma ( file pdf 375 kb ) gli enti dell' area tecnico-industriale della difesa
ITWAC	ante	riforma	documento	?	riforma ( file pdf 375 kb ) gli enti dell' area tecnico-industriale della difesa ( 35 stabilimenti ed arsenali )	ante-riforma	( legge 28 dicembre 1995 , n. 549 ) costituivano un' eredità che la difesa si portava dietro dai tempi
ITWAC	ante	imposta	?	?	sempre in termini reali , l' aumento dell' utile	ante-imposta	dei 10 gestori regionali dal 1989 - 90 al 1997 - 98 è stato in media del 142 % .
ITWAC	ante	guerra	Qualification or Set of Circumstances	?	l' esperienza dell'	ante-guerra	è l' esperienza giolittiana .
ITWAC	ante	procedura	?	?	scenario	ante-procedura	/ anno 2002 scenario post-procedura / anno 2002 scarica la relazione sullo stato acustico del comune di firenze in formato
ITWAC	ante	guerra	Qualification or Set of Circumstances	?	attualmente , mentre alcune popolazioni hanno completamente recuperato ( francia , svizzera , austria ) o addirittura superato i livelli	ante-guerra	( isole britanniche ) , altre mostrano un recupero più lento ( germania e nord-europa ) .
ITWAC	ante	infortunio	?	?	assegnato ad altre funzioni in caso dâ  tmimpossibilità , da parte dellâ  tmazienda , di assegnarmi alle funzioni	ante-infortunio	.
ITWAC	ante	imposte	?	?	utile delle attività ordinarie della banca risulta pari a 85,5 miliardi ( + 36,9 % ) , mentre l' utile	ante-imposte	- calcolato dopo la contabilizzazione di un saldo positivo delle poste straordinarie di 10,6 miliardi ( dei quali 10,3 dovuti
ITWAC	ante	liberalizzazione	?	?	12 , comma 5 e art. 11 , comma 7 ) , la possibilità di concentrare o accorpare esercizi autorizzati	ante-liberalizzazione	a determinate condizioni e secondo le modalità di seguito elencate : · non sono previsti limiti dimensionali dei punti vendita
ITWAC	ante	euro	?	?	quale migliore incentivo che riportare i prezzi ad	ante-euro	e ricomonciare da capo ( rimborsando ai meno abbienti il maltolto !
ITWAC	ante	riforma	documento	?	titolo di accesso laurea	ante-riforma	d.m. 509/99 quinquennale in discipline scientifiche nonchè i laureati delle classi di laurea specialistica in discipline scientifiche .
ITWAC	ante	guerra	Qualification or Set of Circumstances	?	, gli investimenti forzati della proprietà di minorenni , ecc. ) al loro pieno valore nominale in buona moneta dell'	ante-guerra	: b ) i possessori di redditi fissi vitalizi od a lunga scadenza ( pensionati , assicurati sulla vita o
ITWAC	ante	riforma	documento	?	il presidente dell' aduc ricorda , inoltre , che in spagna già la legge	ante-riforma	prevedeva la possibilità della fecondazione eterologa e anche per le donne single .
ITWAC	ante	riforma	documento	?	specializzazione , dottorati di ricerca , master di primo livello e master di secondo livello ; - con gli ordinamenti	ante-riforma	esistevano solo i diplomi universitari ( corsi della durata 3 anni ; la legge 341/1990 prevedeva anche corsi biennali ,
ITWAC	ante	legge	documento	?	come abbiamo sempre detto , a costituzione invariata , cioè dentro il quadro istituzionale definito dalla nostra costituzione	ante-legge	sul federalismo , essa permetteva di realizzare correttamente il principio di sussidiarietà .
ITWAC	ante	trasmissione	?	?	la signora armeni mi sembra molto più preoccupata del trucco	ante-trasmissione	( è sempre più luccicante e in versione vamp ) che dei contenuti del programma .
ITWAC	ante	imposte	?	?	in leggero aumento , invece , l' utile	ante-imposte	, salito da 393 a 397 milioni di euro .
ITWAC	ante	dottorato	?	?	e' stata precisata la laurea per i primi ricercatori (	ante-dottorato	) .
ITWAC	ante	riforma	documento	?	requisiti di ammissione essere studenti regolarmente iscritti agli ultimi due anni di un corso di laurea	ante-riforma	o all' ultimo anno di un corso di laurea post-riforma , presso le università della basilicata , di bolzano ,
ITWAC	ante	costituzione	?	?	ciò vuol dire che siamo di fronte alla possibilità di regredire ad una situazione non soltanto incostituzionale , ma addirittura	ante-costituzione	; che questo sia in questi termini , è dimostrato dal fatto che , poiché molte leggi di spesa presentano
ITWAC	ante	parola	?	?	la nascita , più propriamente , è l'	ante-parola	; mai l' anti-parola .
ITWAC	ante	fusione	?	?	la situazione	ante-fusione	è sintetizzata nel prospetto che segue , nel quale viene ricostruito il quadro rj del modello unico 2001 relativo alla
ITWAC	ante	fusione	?	?	17 ) 310 rj 43 variazione in aumento del capitale investito 7.069 la società a , rispetto alla sua situazione	ante-fusione	, rileva il medesimo incremento del capitale investito ( pari a 4.618 + 653 ulteriori ) , di cui già
ITWAC	ante	derby	?	?	fattostà che almeno qualcosa di più la si poteva fare ( speriamo che la partita è stata condizionata dalla preparazione	ante-derby	anche se non dovrebbe essere cosi' ) .
ITWAC	ante	guerra	Qualification or Set of Circumstances	?	l' attacco della coalizione araba contro israele venne dopo dier yassin e dopo il terrorismo sionista	ante-guerra	allora ?
ITWAC	ante	guerra	Qualification or Set of Circumstances	?	l' attacco della coalizione araba contro israele venne dopo dier yassin e dopo il terrorismo sionista	ante-guerra	allora ?
ITWAC	ante	euro	?	?	a pagare molti oggetti e servizi della nostra quotidianita' ad un prezzo come minimo il 30 % superiore al periodo	ante-euro	, a fronte di remunerazioni medie rimaste ferme tranne quelle dei professionisti e degli artigiani che , com' e' ovvio
ITWAC	ante	guerra	Qualification or Set of Circumstances	?	uno ( non meglio identificato dalla fonte ) era stato in residente illegale in germania nell'	ante-guerra	e divenne più tardi un membro della residentura illegale di " henri " in francia ; l' altro si trovava
ITWAC	ante	anni	?	?	il napoli	ante-anni	'85 - '90 non offrì grandi soddisfazioni ai suoi tifosi eccezion fatta per le due coppe italia vinte rispettivamente nel
ITWAC	ante	liberalizzazione	?	?	12 , comma 5 e art. 11 , comma 7 ) , la possibilità di concentrare o accorpare esercizi autorizzati	ante-liberalizzazione	a determinate condizioni e secondo le modalità di seguito elencate : non sono previsti limiti dimensionali dei punti vendita che
ITWAC	ante	riforma	documento	?	di permettere alla generalità dei lavoratori una integrazione del trattamento pubblico di base , per tentare di riportarlo ai valori	ante-riforma	, tenendo conto che , con l' entrata a regime del sistema contributivo , tali trattamenti saranno pari a circa
ITWAC	ante	guerra	Qualification or Set of Circumstances	?	; però una simile eventualità non si concepisce senza la negazione del cerebralismo - ma sotto la forma titanica dell'	ante-guerra	, sia sotto quella relativistica del dopo-guerra - e dell' immanentismo , e senza un ritorno alle vie del cuore
ITWAC	ante	parola	?	?	la nascita , più propriamente , è l'	ante-parola	; mai l' anti-parola .
ITWAC	ante	euro	?	?	i consumi si sono contratti ma i prezzi non sono ancora diminuiti a livello	ante-euro	!
ITWAC	ante	crisi	?	?	[ 5 ] per quanto riguarda la criminalità , cfr. barbagli p. 126 , che confronta la situazione	ante-crisi	petrolifera a quella degli ultimi due decenni : " il mutamento nelle motivazioni degli immigrati che delinquono ( ...
ITWAC	ante	modifiche	?	?	richiesti espressamente dalla legge , ma è bene effettuarli comunque per sicurezza ; la raccomandata era prevista dalla l. 398/91	ante-modifiche	, ma non è mai stata esplicitamente abrogata bollatura registro contabile prospetto dm 11.2.97 ( quello previsto per i c.d.
ITWAC	ante	sessione	?	?		ante-sessione	del 5 dicembre 2000 .
ITWAC	ante	euro	?	?		ante-euro	i prezzi sono aumentati del 2,445 % .
ITWAC	ante	marcia	?	?	un vero "	ante-marcia	" .
ITWAC	ante	caduta	?	?	questa sinistra non è più la sinistra	ante-caduta	del muro di berlino .
ITWAC	ante	guerra	Qualification or Set of Circumstances	?	avrebbero dovuto ricominciare a pompare a pieno ritmo , ovvero tirare fuori i 2,5 milioni di barili al giorno dell'	ante-guerra	.
ITWAC	ante	guerra	Qualification or Set of Circumstances	?	le escursioni guidate a questi monumenti dello sfarzo	ante-guerra	civile tendono a rafforzare i luoghi comuni sull' eleganza e il ' fascino sudista ' dei padroni di piantagioni americani
ITWAC	ante	fatti	?	?	forse è meglio giusto ?? dunque parto con un paio di	ante-fatti	presente il mio collega , quello in ferie ?? non era in ferie per godersela ma bensì per accompagnare la
ITWAC	ante	fatto	?	?	fine dell'	ante-fatto	veniamo al fatto .
ITWAC	ante	animalista	?	?	calzature mirabella i cui protagonisti , due travestiti di mezza età , abbigliati con abiti maculati degni di marina ripa	ante-animalista	, mettono in scena una simpatica gag fatta di " spassosi equivoci " e " piccanti doppi sensi " ai
ITWAC	ante	riforma	documento	?	ires sulla pianificazione fiscale ( 37 ) le possibilità di tax planning offerte dal trattamento tributario delle operazioni straordinarie societarie	ante-riforma	tremonti e la monetizzazione dell' imposta sostitutiva l' impatto dell' ires sulla pianificazione fiscale ( 36 ) sopraggiunta inapplicabilità dell'
ITWAC	ante	riforma	documento	?	- thin capitalization l' impatto dell' ires sulla pianificazione fiscale ( 35 ) concetto di thin capitalization , il contrasto	ante-riforma	tremonti , sintesi della nuova normativa l' impatto dell' ires sulla pianificazione fiscale ( 34 ) consolidato mondiale : rilevanza
ITWAC	ante	riforma	documento	?	tra le " strutture a tempo determinato " presso le universita' ed i " centri " che esistevano nel cnr	ante-riforma	berlinguer e che sono stati soppressi in quanto ritenuti presumibilmente non positivi .
ITWAC	ante	feudalesimo	?	?	consente di affermare che insediamenti umani fossero presenti sul territorio già millenni fa , ma poco si sa della storia	ante-feudalesimo	di san cono .
ITWAC	ante	trasformazione	?	?	modo la piena coincidenza tra dati contabili e fiscali ; ovvero , se la società debba mantenere memoria dei dati	ante-trasformazione	, ai fini fiscali ; - se , a seguito della trasformazione , venga meno il regime di sospensione d'
ITWAC	ante	fatto	?	?	anche in questo l' ebraismo è l'	ante-fatto	genetico e il modello storico del cristianesimo : il giudizio e la condanna di gesù cristo " eretico " in
ITWAC	ante	salone	?	?	al di là delle polemiche	ante-salone	 il mancato invito di gao xingjian ( premio nobel per la letteratura nel 2000 malvisto dalle autorità di pechino
ITWAC	ante	guerra	Qualification or Set of Circumstances	?	sua chemical embriology ( 3 volumi , 1931 )  si è imposto nel ricco panorama della biologia britannica dell'	ante-guerra	, caratterizzato da presenze significative : presenze molto marcate sia sotto il profilo strettamente scientifico sia sotto il profilo filosofico
ITWAC	ante	depurazione	?	?	l' apporto contaminante ipotetico direttamente prodotto dagli animali	ante-depurazione	è il seguente : nutrienti prodotti .
ITWAC	ante	depurazione	?	?	l' apporto contaminante ipotetico direttamente prodotto dagli animali	ante-depurazione	è il seguente : nutrienti prodotti .
ITWAC	ante	depurazione	?	?	l' apporto contaminante ipotetico direttamente prodotto dagli animali	ante-depurazione	è il seguente : nutrienti prodotti .
ITWAC	ante	vendita	Event	?	nel caso di chiosco-edicola e' raccomandata la realizzazione di vani accessibili dall' esterno per il ricovero dei quotidiani in ore	ante-vendita	.
ITWAC	ante	euro	?	?		ante-euro	i prezzi sono aumentati del 2,445 % .
ITWAC	ante	decreto	?	?	normativa previgente il dlgs 22/97 la normativa di riferimento	ante-decreto	ronchi , ovvero il dpr 915/82 , classificava " i materiali provenienti da demolizioni , costruzioni e scavi , ...
ITWAC	ante	nomina	?	?	inoltre mi impegno a non pubblicare mai notizie sulle attività	ante-nomina	del presidente del consiglio poichè già note ne " l' odore dei soldi " di veltri - travaglio , sul
ITWAC	ante	riforma	documento	?	per quanto riguarda il numero dei membri del collegio sindacale , non vi sono sostanziali modifiche rispetto alle previsioni normative	ante-riforma	.
ITWAC	ante	imposte	?	?	la fiscalità differita origina dalla differenza tra il reddito fiscalmente imponibile e il reddito lordo di bilancio	ante-imposte	; deve , peraltro , trattarsi di differenze temporanee , ossia di differenze destinate a essere riassorbite negli esercizi futuri
ITWAC	ante	liberalizzazione	?	?	12 , comma 5 e art. 11 , comma 7 ) , la possibilità di concentrare o accorpare esercizi autorizzati	ante-liberalizzazione	a determinate condizioni e secondo le modalità di seguito elencate : non sono previsti limiti dimensionali dei punti vendita che
ITWAC	ante	liberalizzazione	?	?	12 , comma 5 e art. 11 , comma 7 ) , la possibilità di concentrare o accorpare esercizi autorizzati	ante-liberalizzazione	a determinate condizioni e secondo le modalità di seguito elencate : non sono previsti limiti dimensionali dei punti vendita che
ITWAC	ante	riforma	documento	?	analizziamo nella seconda parte del dossier le caratteristiche della disciplina	ante-riforma	matteo bossa 29.04.2004 - falso in bilancio : un' analisi del d .
ITWAC	ante	trauma	?	?	ma soprattutto come comportarsi per far sì che la calcificazione avvenga nella maniera ottimale e più vicina al periodo	ante-trauma	?
ITWAC	ante	divorzio	?	?	per l' italia	ante-divorzio	erano bigami .
ITWAC	ante	riforma	documento	?	di un regresso del livello di preparazione dei laureati quinquennali , oggi nettamente inferiore rispetto a quello conseguito dai laureati	ante-riforma	.
ITWAC	ante	key	?	?	tutto quello che credevate	ante-key	si sconvolgerà .
ITWAC	ante	caduta	?	?	questa sinistra non è più la sinistra	ante-caduta	del muro di berlino .
ITWAC	ante	imposte	?	?	unico neo l' utile	ante-imposte	.
ITWAC	ante	imposte	?	?	, con un margine operativo ( ebit ) sceso del 46 % a 416 milioni di euro , un utile	ante-imposte	, che si e' ridotto a meno di un terzo ( 213 milioni di euro ) e i profitti netti
ITWAC	ante	imposte	?	?	il reddito operativo si è attestato a 1,78 mln di euro ( + 103,32 % ) e il risultato	ante-imposte	è più che triplicato attestandosi a 1,7 mln ( + 227,27 % ) .
ITWAC	ante	riforma	documento	?	ricordiamo che gia' la legge	ante-riforma	prevedeva la possibilita' della fecondazione eterologa e per donne single .
ITWAC	ante	guerra	Qualification or Set of Circumstances	?	il fascismo portando alle sue ultime conseguenze un fenomeno di dittatura burocratica già prevalso con le corrotte sedicenti democrazie dell'	ante-guerra	, ha preteso di risolvere la recente crisi dei disoccupati , degli spostati e dei plutocrati , organizzando un esercito
ITWAC	ante	fusione	?	?	la sussistenza dei requisiti di legge , conclude la societa' istante deve ritenersi soddisfatta anche per le partecipazioni detenute	ante-fusione	dalla societa' incorporata e nelle quali l' incorporante , per effetto della fusione stessa , e' subentrata fin dalla originaria
ITWAC	ante	guerra	Qualification or Set of Circumstances	?	ernst , d. hare ; tornato in europa nel dopoguerra allestì mostre che però non ebbero l' entusiasmo degli anni	ante-guerra	.
ITWAC	ante	tasse	?	?	caratterizzato da un incremento del 70 % rispetto al semestre precedente e dal raggiungimento del break-even a livello di utile	ante-tasse	, sei mesi in anticipo rispetto alle previsioni .
ITWAC	ante	imposte	?	?	predeterminato ed indicizzato ) e una componente variabile ( percentuale sul risultato economico positivo dell' esercizio conseguito dall' impresa finanziata	ante-imposte	) .
ITWAC	ante	salone	?	?	al di là delle polemiche	ante-salone	 il mancato invito di gao xingjian ( premio nobel per la letteratura nel 2000 malvisto dalle autorità di pechino
ITWAC	ante	imposte	?	?	si è chiuso con ricavi in crescita e utili	ante-imposte	in calo il secondo trimestre del 2005 , per indesit company , con un fatturato consolidato pari a 763 milioni
ITWAC	ante	tempo	Entity	?	la sua innocenza ed il senso di giustizia di un' adolescente cresciuta troppo in fretta , ed entrata per bisogno	ante-tempo	nel modo dei grandi !
ITWAC	ante	lavori	?	?	s.p.a. al ripristino delle situazioni	ante-lavori	; in all .
ITWAC	ante	opera	documento	?	) ; 6 ) planimetria catastale , scala 1:2.000 ; 7 ) planimetria strumento urbanistico ; 8 ) planimetria sito	ante-opera	; 9 ) planimetria sito post-opera ; 10 ) prospetto lato accesso e palo ; prefabbricato simm 4500 e colonnina
ITWAC	ante	euro	?	?	quello scuote la testa anche se voi state rivelando la ricetta per recuperare in cinque mesi il potere d' acquisto	ante-euro	, non fategliela passare liscia .
ITWAC	ante	crisi	?	?	all' immigrazione abbiano giocato a favore della propensione al crimine ( p. 126 ) : " [ rispetto alla situazione	ante-crisi	petrolifera ] vi sono state rilevanti trasformazioni nelle dimensioni e nella natura dell' immigrazione irregolare .
ITWAC	ante	crisi	?	?	visti gli eccessi di produzione a cui si sta arrivando con i forsennati reimpianti dell' ultimo decennio , in era	ante-crisi	.
ITWAC	ante	caduta	?	?	tramontato il riformismo , a sinistra si tornera alla situazione	ante-caduta	del muro , quando i militanti scrivevano sui muri " farla finita con la cultura ebraica " , i professori
ITWAC	ante	euro	?	?	a pagare molti oggetti e servizi della nostra quotidianita' ad un prezzo come minimo il 30 % superiore al periodo	ante-euro	, a fronte di remunerazioni medie rimaste ferme tranne quelle dei professionisti e degli artigiani che , com' e' ovvio
ITWAC	ante	sessione	?	?	lavori 1.1 ordine dei lavori :	ante-sessione	del 5 dicembre 2000 .
ITWAC	ante	retro	?	?	74 e 75 : dettaglio dell' esercizio precedente : alternanza fluida di	ante-retro	proiezioni , con tempi di pausa indietro e auto-allungamento assiale con doppio mento .
ITWAC	ante	euro	?	?		ante-euro	i prezzi sono aumentati del 2,445 % .
ITWAC	ante	girotondi	?	?	subisce il fascino del cinema multientico di ferzan ozpetek , adora i film di nanni moretti , già da epoca	ante-girotondi	, e la sottile ironia nevrotica del mito woody allen .
ITWAC	ante	euro	?	?	la vacanza , stando ai dati di inizio stagione , costa agli italiani complessivamente di più rispetto ai tempi	ante-euro	.
ITWAC	ante	riforma	documento	?	di diritto ai vecchi laureati con quattro , cinque o sei anni di corso , oppure i " dottori "	ante-riforma	verranno assimilati , come qualifica accademica e nel valore legale di essa , ai nuovi laureati triennali ?
ITWAC	ante	festa	?	?	adesso si ritornerà alla monotonia che contraddistingueva le serate	ante-festa	o monselice comincierà a comportarsi come la cartaginese este che è popolata fino a tarda notte nonostante in piazza non
ITWAC	ante	guerra	Qualification or Set of Circumstances	?	così bene : tutte le scoperte scientifiche dell' uomo si sono annullate e si ritorna ad una sorta di tecnologia	ante-guerra	( i trattori , i treni merci , i sidecar ) dalla quale l' uomo è irresistibilmente attratto .
ITWAC	ante	casino	?	?	x chi ha frequentato il forum	ante-casino	, cioè prima del tracollo di tutti i principi morali e civili di alcuni utenti , spero abbia avuto modo
ITWAC	ante	euro	?	?	nulla potremo contro la sostanziale disonesta' economica e intellettuale di quelle istituzioni che hanno acconsentito , gia' in questi mesi	ante-euro	, gli aumenti a raffica con la scusa dell' euro ( trasporti pubblici in primis ) .
ITWAC	ante	scriptum	?	?	mi accingevo a scrivere l ´ articolo sulla questione europea che leggerete di seguito a questo	ante-scriptum	quando è giunta da bagdad la notizia dell ´ esplosione d ´ un grande deposito di armi rastrellate nei giorni
ITWAC	ante	parola	?	?	la nascita , più propriamente , è l'	ante-parola	; mai l' anti-parola .
ITWAC	ante	riforma	documento	?	se essi sono colati a picco quando erano sostenuti da burocrazie centralizzate , come nell' unione sovietica o nella cina	ante-riforma	.
ITWAC	ante	fusione	?	?	la sussistenza dei requisiti di legge , conclude la società istante deve ritenersi soddisfatta anche per le partecipazioni detenute	ante-fusione	dalla società incorporata e nelle quali l' incorporante , per effetto della fusione stessa , è subentrata fin dalla originaria
ITWAC	ante	liberalizzazione	?	?	come si evince dalle tabelle seguenti , i prezzi non hanno fatto registrare alcuna diminuzione rispetto ai livelli	ante-liberalizzazione	, anzi sono addirittura aumentati e di parecchio !
ITWAC	ante	lege	?	?	: vecchiaia ( vecchiaia , anzianità e prepensionamenti ) ; invalidità ( assegni ordinari di invalidità , inabilità e invalidità	ante-lege	222/1984 ) ; superstiti ( da assicurato e da pensionato ) .
