REPUBBLICA	fu	chou	?	?	xiamen ( cina ) --	fu-chou	adesso si scrive fu zhou .
REPUBBLICA	fu	lai	?	?	lin tsan - ch ' eng , è nato nel 1917 ed è figlio d' arte : suo padre lin	fu-lai	era un maestro burattinaio e lo ha preceduto nella direzione della compagnia .
REPUBBLICA	fu	presidente	Role	?	, e de mita dovrà ingaggiare la gondrand per portare via i resti del suo vecchio amico nic , il	fu-presidente	dei senatori dicì .
REPUBBLICA	fu	d	?	?	quando maradona ha messo in moto la sua bmw nera 580 targata	fu-d	- 1937 , l' accensione sembrava quella di un razzo di cape canaveral : e il rumore ha messo ansia
REPUBBLICA	fu	impero	Qualification or Set of Circumstances	?	miss morgan praticano con una buona volontà degna di certi spettacoli che forse trovavano grazia nelle più sperdute colonie del	fu-impero	inglese , lo spettacolo piaf è anche firmato , per la regia , da un signore chiamato peter hall ,
REPUBBLICA	fu	scudo	?	?	a brescia , la città che lo vide trionfante , protagonista di una delle più scalpitanti carriere all' ombra del	fu-scudo	crociato ?
REPUBBLICA	fu	polo	?	?	ma il polo di centrodestra , anzi l' ex polo , il	fu-polo	, il defunto polo , non ha avuto la forza di chiedere e ottenere le elezioni " .
REPUBBLICA	fu	questione	?	?	gli interventi che si sono premurati , negli ultimi mesi , di rinverdire la discussione ormai un po' vizza sulla	fu-questione	morale , oggi retrocessa -- non si sa se per modestia o per sfinimento -- a una chiacchierata tra persone
REPUBBLICA	fu	fu	?	?	di striscia la notizia , ma presto i vocabolari della lingua italiana si arricchiranno di una nuova espressione , il	fu-fu	.
REPUBBLICA	fu	fu	?	?	ebbene , il	fu-fu	ha avuto l' onore di essere registrato dall' " anagrafe delle nuove parole " diretta dal linguista michele cortelazzo dell'
REPUBBLICA	fu	fu	?	?	i redattori dell' anagrafe hanno incluso , infatti , il	fu-fu	negli " annali del lessico contemporaneo italiano " , con questa motivazione : " gesto tipico di massimo d' alema
REPUBBLICA	fu	feltri	?	?	per non dire del giornale	fu-feltri	, che smesso il lutto per il nobel a fo e l' abito di festa per la morte di strehler
REPUBBLICA	fu	feltri	?	?	per non dire del giornale	fu-feltri	, che smesso il lutto per il nobel a fo e l' abito di festa per la morte di strehler
REPUBBLICA	fu	candidati	?	?	nella piccola spoon river dei	fu-candidati	, la sua croce è accanto a quella del quasi ex sindaco vitali e del segretario sandro ramazza .
WIKICONLL	fu	fu	?	?	fra i piatti tipici del camerun si possono citare il	fu-fu	con giama-giama ( una sorta di polenta con verdure ) , il toucunì ( un impasto di patate e verdure
WIKICONLL	fu	tsung	?	?	in francia , luigi xiv ricevette una visita del gesuita cinese michael shen	fu-tsung	dall' inizio del 1684 , e dopo alcuni anni poté addirittura disporre di un bibliotecario e traduttore cinese stabilmente alla
WIKICONLL	fu	chin	?	?		fu-chin	resistette dal 17 al 25 agosto e il generale purkaiev dovette impegnar- si molto per conquistar- la .
WIKICONLL	fu	chin	?	?	la componente dei fucilieri di marina , che arrivarono a 500 uomini , organizzati in 6 compagnie , dislocati a	fu-chin	e ad harbin .
WIKICONLL	fu	jen	?	?	periodo , nel 1935 il missionario e sinologo tedesco franz xaver biallas ( 1878-1936 ) fondò presso l' università cattolica	fu-jen	di pechino una rivista di studi orientali , i " monumenta serica " .
WIKICONLL	fu	jen	?	?	in quegli anni collaborò alla fondazione e allo sviluppo dell' università cattolica di	fu-jen	e istituì una collegio cinese a roma , adoperando- si perché anche i seminari di minori dimensioni adottassero i criteri
WIKICONLL	fu	zoo	?	?	prese il posto di gibba alla regia e al programma venne temporaneamente cambiato nome da zoo di 105 a "	fu-zoo	" .
WIKICONLL	fu	chou	?	?	fuzhou ( in cinese 福 州 ; pinyin : fúzhōu ; wade-giles :	fu-chou	; europeizzata foochow o fuchow ) è la capitale della provincia cinese del fujian posta sull' estuario del fiume min
WIKICONLL	fu	ma	?	?	e astaroth furono sconfitti ; ivy lasciò i compagni dopo aver ascoltato la scioccante verità sul proprio orribile passato dal	fu-ma	ninja taki .
WIKICONLL	fu	chien	?	?	il fujian ( cinese : 福 建 ; pinyin : fújiàn ; wade-giles :	fu-chien	) è una provincia della cina situata a sud-est lungo la costa .
WIKICONLL	fu	shin	?	?	nel 2000 , jiro wang ha iniziato a lavorare subito dopo esser- si diplomato al	fu-shin	community college di taiwan , eseguendo lavoretti part-time ( come modello per spot pubblicitari ) ovunque gli venisse richiesto .
WIKICONLL	fu	chen	?	?	jen chia-hsüan di taipei ha cantata la canzone " before i fall in love " di coco lee , tien	fu-chen	della città di hsinchu ha cantato " write a song " di shunza , e chen chia-hwa di pingtung ha
WIKICONLL	fu	chen	?	?	messa in onda su " tv citizen " della ctv , il programma prevedeva per prima l’ esibizione di tien	fu-chen	, seguita direttamente da jen chia-hsüan .
WIKICONLL	fu	chen	?	?	tien	fu-chen	cantò " loving you " di kit chan .
WIKICONLL	fu	chen	?	?	alla fine di questa fase rimasero solo quattro concorrenti , due delle quali erano jen chia-hsüan e tien	fu-chen	.
WIKICONLL	fu	chen	?	?	dopo qualche registrazione di prova , la him mise sotto contratto discografico sia chen chia-hwa che tien	fu-chen	.
WIKICONLL	fu	chen	?	?	alla fine , optò per il nome s.h.e ; come risultato di ciò , jen chia-hsüan diventò selina , tien	fu-chen	prese il nome di hebe e chen chia-hwa ottenne il nome ella .
WIKICONLL	fu	yu	?	?	quando era abate del tempio	fu-yu	( 907 - 960 ) venne compilato lo " shaolin tóng-zi-gōng-tu " , che raffigurava il diagramma del tong-zi-gong ,
WIKICONLL	fu	ki	?	?	lui chiama fuyuki , natsumi e momoka , nella versione originale , rispettivamente	fu-ki	, na-chi e momo-chi .
WIKICONLL	fu	do	?	?	karajilic ; voce e tastiere ) , davor sucic ( mr sejo sekson ; chitarra ) , zenit dozic (	fu-do	; batteria ) , mustafa cengic ( muce/mujo snazni ; chitarra ) , mladen mitic ( munja ; basso )
WIKICONLL	fu	do	?	?	) zenit đozić (	fu-do	đozić ) -batteria,voce di accompagnamento ( 1985 .
ITWAC	fu	ligier	?	?	mi ricorda un po' la storia di briatore e della	fu-ligier	, dei motori renault portati alla benetton ...
ITWAC	fu	pugno	?	?	le mani pulite di di pietro con il	fu-pugno	chiuso di occhetto .
ITWAC	fu	l	?	?	il	fu-l	è un pasticcio a base di fave a cui vengono aggiunti olio , limone , sale , carne , uova
ITWAC	fu	ga	?	?	la sua solidità strutturale gli offre poche vie di	fu-ga	e lo porta dritto verso quella conclusione ( come nella migliore letteratura ) alla quale eravamo completamente impreparati .
ITWAC	fu	craxiani	Cultural or political movement	?	, a scelta , alle dame di s. vincenzo o a qualcuno di quegli innovatori ante litteram che sono i	fu-craxiani	.
ITWAC	fu	redazione	?	?	quello nella caricatura è il mio ex-collega nikolai kontorov , uno dei dipendenti di clarence , una delle colonne della	fu-redazione	.
ITWAC	fu	sioni	?	?	la re-ligione dovrà solo dare al suo fuoco non più incendiario cose buone da riscaldare per nuove	fu-sioni	catartiche " .
ITWAC	fu	sione	?	?	forte , tanto quanto quella d' esprimere ( ormai da parecchi anni ) in versi quello che sento : una	fu-sione	d' idee ed emozioni .
ITWAC	fu	mandarini	?	?	classe politica tutta infarcita di mille azioni di saccheggio e di spoliazione del patrimonio pubblico  da parte dei "	fu-mandarini	" di un potere partitocratrico  sostanzialmente rimasto impunito proprio grazie ad un potere giudiziario che non ha perseguito nessun
ITWAC	fu	sky	?	?	grazierrime , oh mitico	fu-sky	!
ITWAC	fu	ma	?	?	armi secondarie che saranno disponibili in ninja gaiden : almeno tre differenti modelli di shuriken , tra cui le famose	fu-ma	provenienti dall' ultima versione per snes , e diversi tipi di frecce , normali ed incendiarie .
ITWAC	fu	mare	?	?	il film mi piace e apprezzo molto la regia di martin scorsese , ma io non avrei saputo come	fu-mare	quei brutti vestiti » .
ITWAC	fu	sinistra	movimento culturale/politico	?	5 ) in quel che resta della	fu-sinistra	c' è uno scheletro , lasciato a suo tempo nell' armadio dai suoi esponenti impegnati nell' " intermediazione " e
ITWAC	fu	papa	Role	?	il che , vedendo certi personaggi che questo stesso	fu-papa	ha elevato agli onori degli altari , potrebbe anche non essere del tutto un complimento .
ITWAC	fu	dialetto	?	?	aggiungo che nel	fu-dialetto	di milano " la calsètta " , plurale ( femminile ) " i calsètt " , indicava sia l' indumento
ITWAC	fu	gruppo	Qualification or Set of Circumstances	?	comportamento della maggioranza che si é arrogata il diritto di interferire nelle scelte dell' opposizione sottolinea la cecitá politica del	fu-gruppo	di minoranza di forza italia che , con questa sua posizione ha inteso collocarsi - quando conviene - a fianco
ITWAC	fu	l	?	?	il	fu-l	è un pasticcio a base di fave a cui vengono aggiunti olio , limone , sale , carne , uova
ITWAC	fu	mandarini	?	?	classe politica tutta infarcita di mille azioni di saccheggio e di spoliazione del patrimonio pubblico  da parte dei "	fu-mandarini	" di un potere partitocratrico  sostanzialmente rimasto impunito proprio grazie ad un potere giudiziario che non ha perseguito nessun
ITWAC	fu	cile	?	?	) e un bombolone alla crema ( per i cali di zuccheri ) , una maschera da zorro ed un	fu-cile	, ora migrato in qualche altro paese andino .
ITWAC	fu	l	?	?	il	fu-l	è un pasticcio a base di fave a cui vengono aggiunti olio , limone , sale , carne , uova
ITWAC	fu	editore	Job or Career	?	ordinare qui : www.amazon.co.uk away days ( a cura di franco ) kevin samson e' un tifoso del liverpool nonche'	fu-editore	della fanzine " the end " ( pietra miliare del movimento fanzine alla fine dei settanta ) e manager del
ITWAC	fu	l	?	?	il	fu-l	è un pasticcio a base di fave a cui vengono aggiunti olio , limone , sale , carne , uova
ITWAC	fu	l	?	?	il	fu-l	è un pasticcio a base di fave a cui vengono aggiunti olio , limone , sale , carne , uova
ITWAC	fu	partito	Qualification or Set of Circumstances	?	esso rivela lo spaccato di un	fu-partito	ridotto a carrierificio personale , del suo leader per primo e poi , a seguire , dei suoi affannati colonnelli
ITWAC	fu	ligier	?	?	mi ricorda un po' la storia di briatore e della	fu-ligier	, dei motori renault portati alla benetton ...
ITWAC	fu	shan	?	?	fra le m. sacre più note sono il	fu-shan	in cina , il fujisan in giappone , l' himalaia in india , l' elburs in persia , l' olimpo
ITWAC	fu	ga	?	?	fisso ; edna dalla nigeria per avere un futuro ma spera sempre di tornare a casa ; i votti in	fu-ga	dalla guerra di cecenia ; sonny che " in italia non c' è l' apartheid ma " ; mohamed che
ITWAC	fu	marito	Kinship	?	dialogo in studio tra pierfida che saluta la ex-moglie di domenico e costei che per ribadire quanto reputi cojone il	fu-marito	lo definisce come uno perfettamente adatto per il gf .
ITWAC	fu	virtù	?	?	l' ultimo verso d' ogni quartina è però tronco , cioè di nove sillabe ( natal-fatal ;	fu-virtù	) .
ITWAC	fu	motorino	?	?	oo sottotitolo : un personale , di mattina , sul suo	fu-motorino	.
ITWAC	fu	go	?	?	stranamente , invece , i giapponesi non utilizzarono virus sui	fu-go	diretti in usa , cosa che invece fecero con i palloni inviati in manciuria , corea e urss .
ITWAC	fu	sione	?	?	un' indagine eseguita presso un' azienda addetta alla	fu-sione	del rame negli usa ( 2 ) ha individuato nell' asbesto , nella silice libera , nell' acido sol-forico ,
ITWAC	fu	partiti	?	?	la sinistra dei	fu-partiti	di massa ha imparato a recitare il mea culpa e a fare professione di fede liberale , ovvero a riconoscere
ITWAC	fu	allenatore	Job or Career	?	sempre restando in tema di incapacità del	fu-allenatore	nello stimare chi valeva o chi vale , abbiamo ammirato la superbe prove di dellas ( il perno centrale della
ITWAC	fu	mandarini	?	?	classe politica tutta infarcita di mille azioni di saccheggio e di spoliazione del patrimonio pubblico  da parte dei "	fu-mandarini	" di un potere partitocratrico  sostanzialmente rimasto impunito proprio grazie ad un potere giudiziario che non ha perseguito nessun
ITWAC	fu	sione	?	?	forte , tanto quanto quella d' esprimere ( ormai da parecchi anni ) in versi quello che sento : una	fu-sione	d' idee ed emozioni .
ITWAC	fu	movie	?	?	- protagonisti della storia frequentano quotidianamente una sala cinematografica che ha il sapore pop degli antichi classici , dei kung	fu-movie	del passato , degli wuxia di king hu .
