WIKICONLL	next	layer	?	?	questi tunnel funzionano tramite l' incapsulamento dei pacchetti ipv6 in pacchetti ipv4 con il campo "	next-layer	" ( protocol-type ) impostato a 41 da cui il nome di " proto-41 " .
WIKICONLL	next	generation	?	?	viene reclutata dalle truppe speciali	next-generation	e nel 2005 viene mandata a shadow moses .
WIKICONLL	next	hop	?	?	le richieste non-proxiable sono intese strettamente per il	next-hop	peer , e non vengono mai inoltrate oltre .
WIKICONLL	next	generation	?	?	il sistema ngscb (	next-generation	secure computing base ) , precedentemente noto con il nome di palladium e poi trasformato- si in system integrity team
WIKICONLL	next	generation	?	?	il "	next-generation	ninja gaiden project " ( " progetto per il ninja gaiden della prossima generazione " ) ha avuto inizio nel
WIKICONLL	next	gen	?	?	mostra una liberty city completamente rinnovata , la più somigliante di tutte alla reale new york , e grazie alla	next-gen	una grafica che fa sembrare l' ambiente realistico .
WIKICONLL	next	gen	?	?	nelle versione per console "	next-gen	" ( ps3 e xbox 360 ) mancano la del e l' extraliga , lege minori di hockey .
WIKICONLL	next	x	?	?	nel 1998 al gruppo si aggiungono mahavira ( voce ) , patrizia ( voce ) e	next-x	@ nctum ( tastiere ) .
WIKICONLL	next	x	?	?	la formazione cambia ulteriormente : n-ikonclast ( voce ) , xraphael ( chitarre ) , kktz ( basso ) ,	next-x	@ nctum ( tastiere ) , xenos ( batteria ) , anna ( flauto ) .
WIKICONLL	next	gen	?	?	le maggiori differenze delle versioni	next-gen	sono l' implementazione della slum dunk contest ( gara di schiacciate ) e la sfida per i tiri da tre
WIKICONLL	next	gen	?	?	rappresenta il primo gioco	next-gen	ispirato a ken il guerriero .
ITWAC	next	game	?	?	\ il paciocco sanguinario di	next-game	/ !
ITWAC	next	gen	?	?	quest' anno che dovrebbe esserci di novita boom , visto che le console schiacceranno a tavoletta con la presentazione delle	next-gen	?
ITWAC	next	gen	?	?	quest' anno che dovrebbe esserci di novita boom , visto che le console schiacceranno a tavoletta con la presentazione delle	next-gen	?
ITWAC	next	gen	?	?	2 , dragonshard , dragon empire , starcraft 2 ( perche' imho qualcosa si vedra' ) , titoli multipiattaforma dalla	next-gen	e una scarrettata di titoli vecchi e nuovi che a quest' ora con tutto st ' alcool in corpo non
ITWAC	next	game	?	?	\ il paciocco sanguinario di	next-game	/ !
ITWAC	next	hop	?	?	destination è l' indirizzo del sistema target ; gateway è l' indirizzo del	next-hop	router ; iface indica il nome dell' interfaccia locale , attraverso la quale vengono spediti i pacchetti .
ITWAC	next	generation	?	?	di xbox e gamecube , meno di cinque dall' esordio di playstation 2 che già si parla delle piattaforme "	next-generation	" .
ITWAC	next	gen	?	?	un game cube con resident evil 4 ( veramente !!!! ) poi quando vedrò qualcosa di bello sulle console di	next-gen	vedrò come orientarmi !
ITWAC	next	gen	?	?	la nuova x-box 360 inviato da : buzz il jul 16 2005 , 12:21 am a sto punto aspetta la	next-gen	inviato da : sakind il jul 16 2005 , 08:36 am quote ( darkpampa @ jul 16 2005 , 01:01
ITWAC	next	gen	?	?	motore di gioco completamente nuovo creato per trarre il maggiore vantaggio dalle tecnologie offerte dalle console della	next-gen	.
ITWAC	next	game	?	?	\ il paciocco sanguinario di	next-game	/ !
ITWAC	next	game	?	?	\ il paciocco sanguinario di	next-game	/ !
ITWAC	next	game	?	?	\ il paciocco sanguinario di	next-game	/ !
ITWAC	next	hop	?	?	quando ti collegherai al provider , pppd imposterà il gateway di default assegnato dal tuo provider , ovvero il tuo	next-hop	, e dovresti riuscire a navigare normalmente .
ITWAC	next	age	?	?	che ognuno di noi dovrebbe fare per comprendere e comprendersi non ha nulla a che vedere con la new-age ,	next-age	etc ...
ITWAC	next	history	?	?		next-history	( c-n ) prende il successivo comando dalla lista della storia , spostandosi avanti nella lista .
ITWAC	next	generation	?	?	parte leggevo qualcosa riguardante il rapporto console-pc e come quest' ultimo " rischierebbe " , almeno all' inizio di questa	next-generation	, di essere " messo da parte " per un pò in virtù di queste nuove console molto potenti e
ITWAC	next	age	?	?	quello tutto	next-age	, alla ricerca del miglior rapporto col proprio corpo .
ITWAC	next	game	?	?	\ il paciocco sanguinario di	next-game	/ !
ITWAC	next	generation	?	?	microsoft has chosen samsung as the exclusive hdtv worldwide marketing partner for the	next-generation	xbox ® high-definition ( hd ) gaming platform .
ITWAC	next	game	?	?	\ il paciocco sanguinario di	next-game	/ !
ITWAC	next	gen	?	?	via tv vodafone ricarica via dtt su italia 1 digitale la 7 sport dal 27 agosto java to appear in	next-gen	dvd players opportunità e sfide per il dtt : ambrogetti ( presidente dgtvi ) intervistato da network world sono in
ITWAC	next	op	?	?	le network raggiungibili con il relativo next-op ( prossimo router da attraversare ) e il relativo costo ( costo del	next-op	per la network + costo del router al next-op ) .
ITWAC	next	op	?	?	router da attraversare ) e il relativo costo ( costo del next-op per la network + costo del router al	next-op	) .
ITWAC	next	generation	?	?	non è ancora tempo di bilanci , ma ci siamo davvero sentiti nella	next-generation	( e scusate la banalità ) .
ITWAC	next	gen	?	?	ormai la differenza e' sottile e le	next-gen	rimarcheranno maggiormente questa cosa .
ITWAC	next	generation	?	?	il prototipo	next-generation	del millepiedi avrà un numero di punte quattro volte maggiore : 4.096 , in una matrice di 7 millimetri-quadrati (
ITWAC	next	generation	?	?	sony playstation 3 microsoft xbox 360 nintendo revolution il lancio delle	next-generation	è però stato " ammortizzato " dal lancio di due nuovissime ed interessantissime console portatili .
ITWAC	next	generation	?	?	ci riallacciamo al discorso delle	next-generation	per ribadire che la x-box 360 sarà la prima ad approdare sul mercato ( uscirà verso fine anno ) .
ITWAC	next	generation	?	?	non esagererei a dire , infatti , che la playstation 3 si aggiudica il primo posto nel podio delle console	next-generation	.
ITWAC	next	gen	?	?	invia questo articolo commenti [ 1 ] gabe newell contro la	next-gen	pubblicato in : ps 3 xbox 360 hardware il gran capo di valve software , l' autore della serie half-life
ITWAC	next	couture	?	?	: la prima dedicata al prêt-à-porter e la seconda , quella saltata , agli stilisti dell' alta moda e della	next-couture	.
ITWAC	next	hop	?	?	di pacchetto e byte  timestamp  numeri di interfaccia di ingresso ed uscita  informazioni di routing information (	next-hop	address , source autonomous system ( as ) number , destination as number , source prefix mask , destination prefix
ITWAC	next	trio	?	?	sono venuti incontro alla mia inesperienza e spero di non aver fatto ( troppo ) rimpiangere i passati accompagnatori del	next-trio	losangelino .
ITWAC	next	game	?	?	\ il paciocco sanguinario di	next-game	/ !
ITWAC	next	game	?	?	\ il setsuna mudo di	next-game	/ !
ITWAC	next	generation	?	?	- in relazione alle	next-generation	console , i due si trovano dubbiosi per quanto riguarda psp nintendo-ds , considerando che quest' ultima potrebbe diventare una
ITWAC	next	generation	?	?	unito dei pc e delle merci di elettronica di consumatore e che studieranno la possibilità di funzionare insieme sulla tecnologia	next-generation	di dvd .
ITWAC	next	game	?	?	\ il paciocco sanguinario di	next-game	/ !
ITWAC	next	game	?	?	\ il paciocco sanguinario di	next-game	/ !
ITWAC	next	gen	?	?	cmq moltissimi giochi devono ancora fare capolino sulle attuali console e poi nessuno ci costringe a passare alla	next-gen	immediatamente quindi avremo ancora tempo per sfruttare questa generazione con i nuovi giochi che usciranno .
ITWAC	next	game	?	?	\ il paciocco sanguinario di	next-game	/ !
ITWAC	next	generation	?	?	, ca , usa , 1998 - 11 - 11/13 oclc : k access management : tools and concepts for	next-generation	catalogers , ( in 4 città usa e canada ) , 1998 - 11 - 11/1998 - 12 - 9
ITWAC	next	gen	?	?	download : f.e.a.r. ( fear ) filmato # 8 dragon quest e final fantasy multipiattaforma sulle	next-gen	?
ITWAC	next	gen	?	?	dragon quest e final fantasy multipiattaforma sulle	next-gen	?
ITWAC	next	gen	?	?	dragon quest e final fantasy multipiattaforma sulle	next-gen	?
ITWAC	next	generation	?	?	chi era nato dopo quella data , non avendo avuto il privilegio di assistere allo strepitoso evento , apparteneva alla	next-generation	, e veniva etichettato come " unodiquellochenonhaneanchevistoil mondiale " .
ITWAC	next	gen	?	?	contenuti ( 27/07/2005 ) » josie maran nel prossimo need for speed ( 27/07/2005 ) » gabe newell contro la	next-gen	( 27/07/2005 ) » pioggia di video per winning eleven 9 ( 25/07/2005 ) » socioltron , il primo mmorpg
ITWAC	next	game	?	?	\ il paciocco sanguinario di	next-game	/ !
ITWAC	next	game	?	?	\ il paciocco sanguinario di	next-game	/ !
ITWAC	next	gen	?	?	completa perché è una delle primissime ad affacciarsi alla	next-gen	e in controtendenza perché , al contrario di quanto fatto da altri publisher , molti dei titoli di punta del
ITWAC	next	game	?	?	\ il paciocco sanguinario di	next-game	/ !
ITWAC	next	game	?	?	\ il paciocco sanguinario di	next-game	/ !
ITWAC	next	gen	?	?	la grafica delle	next-gen	avrà texture con definizione e risoluzione di gran lunga maggiori delle attuali console , e di conseguenza una dimensione su
ITWAC	next	generation	?	?	la tecnologia usata per la grafica ( cel-shading ) ha tutte le caratteristiche per animare un titolo	next-generation	.
ITWAC	next	game	?	?	\ il paciocco sanguinario di	next-game	/ !
ITWAC	next	game	?	?	\ il paciocco sanguinario di	next-game	/ !
ITWAC	next	game	?	?	\ il paciocco sanguinario di	next-game	/ !
ITWAC	next	game	?	?	\ il paciocco sanguinario di	next-game	/ !
ITWAC	next	hop	?	?	quando ti collegherai al provider , pppd imposterà il gateway di default assegnato dal tuo provider , ovvero il tuo	next-hop	, e dovresti riuscire a navigare normalmente .
ITWAC	next	generation	?	?	portato un semplice numero " 2 " nei confronti di quello della sony , che ha logicamente denominato la sua	next-generation	con il numero " 3 " .
ITWAC	next	generation	?	?	per concludere , gli chiediamo poi un parere sulle	next-generation	in generale chiedendogli se secondo lui la x-box 360 sarà la migliore e ci spiega : personalmente credo che andremo
ITWAC	next	generation	?	?	non esagererei a dire , infatti , che la playstation 3 si aggiudica il primo posto nel podio delle console	next-generation	.
ITWAC	next	generation	?	?	nextgame.it : per concludere , visto che ci stiamo avvicinando a grandi passi alla	next-generation	console , avete in serbo qualcosa di interessante ?
ITWAC	next	generation	?	?	con questo gioco oggi abbiamo realmente avuto un assaggio della "	next-generation	" , non sotto forma di filmati e numeri , ma dinanzi a un vero gioco dalla potente capacità espressiva
