REPUBBLICA	prima	casa	Place or function	?	di un punto ) , l' addizionale pro-azienda mezzi meccanici ( dal 3 al 2 % ) , l' addizionale	prima-casa	( dal 2 all' 1 % ) , il fondo attrezzi compagnia portuali ( dal 4 al 3 % )
REPUBBLICA	prima	analisi	Process	?	rimescolamento di carte o , al massimo , una grandinata di epifenomeni , non più influente di un appoggio di	prima-analisi	, la prima reazione : la stabilità del sistema politico italiano , che non ha eguali al livello europeo negli
REPUBBLICA	prima	serata	?	?	è stata -- tra parentesi -- una bella	prima-serata	televisiva , ben organizzata da cecilia valmarana e silvio specchio , ben condotta da lello bersani .
REPUBBLICA	prima	porta	?	?	alla cogefar edilter e ccc ) campo libero in puglia e lazio con la costruzione delle tratte roma-fiuggi , roma	prima-porta	e roma-lido ( 5 o 2 miliardi ) oltre alle ferrovie sud-est , garganica e bari-barletta ( altri 544 miliardi
REPUBBLICA	prima	nonna	?	?	più che una first lady , ha scritto qualche giornale , questa sarà una first grandmother , una	prima-nonna	, per via dei capelli bianchi , che non si tinge , e per vestiti , trucco , modo di
REPUBBLICA	prima	donna	Qualification or Set of Circumstances	?	opposto il caso di aloisia weber che proprio in quel dicembre era stata ingaggiata a monaco come	prima-donna	, grazie anche a ciò che da wolfgang aveva appreso in materia di tecnica vocale .
REPUBBLICA	prima	versione	?	?	a dirigere le operazioni , recita il piano di barucci	prima-versione	, sarà un " commissario straordinario " , nominato dal presidente del consiglio .
REPUBBLICA	prima	casa	Place or function	?	nell' ipotesi in cui un contribuente coniugato contragga un mutuo	prima-casa	, in regime di comunione legale dei beni , il fisco gli riconosce , ai fini delle detrazioni d' imposta
REPUBBLICA	prima	opera	documento	?	i due bizzarri e scanzonati presentatori sono in video la sera per condurre ' prima della	prima-opera	quiz ' , ma poi al mattino dopo tornano ai microfoni della radio , per verificare quanti ascoltatori sono in
REPUBBLICA	prima	opera	documento	?	insieme a michele suozzo , della trasmissione radiofonica tutta musicale la barcaccia e del programma televisivo di raitre prima della	prima-opera	quiz , duecentomila spettatori , il 4 per cento di share , stinchelli aggiunge : " basta con questa tirannide
REPUBBLICA	prima	casa	Place or function	?	è il caso di quanti nel '95 hanno contratto un mutuo	prima-casa	o una polizza vita o che hanno sopportato ingenti spese sanitarie ; 3 ) i soggetti che nel corso del
REPUBBLICA	prima	casa	Place or function	?	l' esempio più comune si riferisce a coloro che nel '96 hanno contratto un mutuo	prima-casa	o una polizza vita oppure hanno sopportato ingenti spese sanitarie ; 3 ) i soggetti che non hanno percepito nel
REPUBBLICA	prima	casa	Place or function	?	bari : mutui sotto il 5 % mutui	prima-casa	inferiori al 5 per cento per i 22.000 soci della banca popolare di bari con una durata compresa fra 10
REPUBBLICA	prima	prima	?	?		prima-prima	, piero e lucia facevano i contadini in toscana : pochissima terra , pochissimi soldi .
REPUBBLICA	prima	luigi	?	?	claire denis presiede la giuria del premio opera	prima-luigi	de laurentiis , 100 mila dollari della filmauro e 20 mila metri di pellicola kodak .
WIKICONLL	prima	generazione	?	?	dell' unatco , gunther sacrificò la sua accettazione nella società ad avanzate prestazioni fisiche offrendo- si volontario per la sua	prima-generazione	di potenziamento meccanico .
WIKICONLL	prima	tv	?	?	la serie dal novembre 2006 , ma resta inedito l' ultimo episodio della prima stagione che fu saltato durante la	prima-tv	e anche durante le repliche dell' anno successivo .
WIKICONLL	prima	tv	?	?	italia 1 , dopo una lunga militanza di repliche su rete 4 ; la serie è andata in onda in	prima-tv	su italia1 dal 1996 al 2001 .
WIKICONLL	prima	attrice	Job or Career	?	stata sempre in grado di lasciare la sua prigione ed era stata sempre l' entità a provocare la morte della	prima-attrice	della compagnia ) .
WIKICONLL	prima	rivoluzione	?	?	« monumento storico » diventa il simbolo della	prima-rivoluzione	, dell' ancien régime ( antico regime ) .
ITWAC	prima	seconda	?	?	durante un fulmineo	prima-seconda	arreca terrificanti ustioni alla mano di alfredino , che le siede accanto e manifesta tutto il suo disappunto snocciolando un
ITWAC	prima	casa	Place or function	?	tutta la loro fantasia per sgravare il carico in favore delle fasce meno abbienti o per attenuare la tassazione sulla	prima-casa	.
ITWAC	prima	istanza	?	?	più stringente che mai : " preghiera o bordello " , optava senza mezzi termini per la sacralità laica della	prima-istanza	.
ITWAC	prima	casa	Place or function	?	scotto - con situazioni al limite della sopportabilita' umana , visto che si tratta di un bene primario come la	prima-casa	che in molti sono stati costretti a comprare in assenza di un vero mercato della casa .
ITWAC	prima	stagione	?	?	con l' arrivo della primavera , e questo rende ancora più chiaro ciò che in precedenza abbiamo definito come la	prima-stagione	e la giovinezza .
ITWAC	prima	stagione	?	?	" , " per cosa mi trovo alla mia	prima-stagione	o alla giovinezza ?
ITWAC	prima	casa	Place or function	?	l' accesso a nuovi mutui	prima-casa	e' limitato non solo dalla disponibiita ' delle banche a fare proposte interessanti , ma anche dall' impossibilita' di continuare
ITWAC	prima	password	?	?	" atdp-numero-di-telefono " " connect " " " " rname : " " proprio-user-name " " sword : " "	prima-password	" " net.it " " ppp " " tname : " " proprio-user-name " " sword " " seconda-password "
ITWAC	prima	password	?	?	" atdp-numero-di-telefono " " connect " " " " rname : " " proprio-user-name " " sword : " "	prima-password	" " net.it " " ppp " " tname : " " proprio-user-name " " sword " " seconda-password "
ITWAC	prima	donna	Qualification or Set of Circumstances	?	" tante cose , ma soprattutto una : detesto l' idea di una maggioranza artificiale che fa del premier una	prima-donna	" ma alla fine , crede che sarà approvata ?
ITWAC	prima	password	?	?	" atdp-numero-di-telefono " " connect " " " " rname : " " proprio-user-name " " sword : " "	prima-password	" " net.it " " ppp " " tname : " " proprio-user-name " " sword " " seconda-password "
ITWAC	prima	casa	Place or function	?	" sappiamo che molte banche , in particolare per i muti	prima-casa	, continuavano a praticare tassi a livelli molto vicini a quello usuraio che , nello scorso trimestre , era 11,760
ITWAC	prima	donna	Qualification or Set of Circumstances	?	in polizia , e l' hobby , che era il cinema ; pensate che fu la prima donna ad essere	prima-donna	in un film di poliziotti , fu la prima prima-donna donna-poliziotto poliziotto del cinema .
ITWAC	prima	donna	Qualification or Set of Circumstances	?	cinema ; pensate che fu la prima donna ad essere prima-donna in un film di poliziotti , fu la prima	prima-donna	donna-poliziotto poliziotto del cinema .
ITWAC	prima	donna	Qualification or Set of Circumstances	?	" tante cose , ma soprattutto una : detesto l' idea di una maggioranza artificiale che fa del premier una	prima-donna	" ma alla fine , crede che sarà approvata ?
ITWAC	prima	persona	Qualification or Set of Circumstances	?	il fatto che l' esperienza cosciente , in condizioni standard , è legata sempre ad una prospettiva individuale in "	prima-persona	" .
ITWAC	prima	quarta	?	?	in ogni comunità vengono accompagnati i bambini con difficoltà a scuola nel primo ciclo (	prima-quarta	elementare ) sia del turno mattutino che del turno pomeridiano arrivano ad un totale di 352 bambini .
ITWAC	prima	guida	?	?	ruolo di pilota : l' automobilismo è molto più uno sport di squadra di quanto lo si creda e la	prima-guida	, per quanto sia il più " esposto " , altri non è che un anello di una catena che
ITWAC	prima	casa	Place or function	?	" consumatore fedele " : il contrario di cio' che e' il consumatore ; e alcune banche con " mutui	prima-casa	" che , per l' accordo con alcune associazioni consumatori , dicono di favorire il consumatore , ma applicano tassi
ITWAC	prima	infezione	?	?	solitamente il primo contatto ( "	prima-infezione	" , da non confondersi con " l' infezione iniziale " che si manifesta in un soggetto che è già
ITWAC	prima	casa	Place or function	?	e quello su cui si concentra la maggiore attenzione dei risparmiatori , il	prima-casa	, e' passato dal 7,635 al 7,38 , con un livello medio che dal 5,09 e' passato al 4,92 %
ITWAC	prima	casa	Place or function	?	purtroppo il risparmio immobiliare - specialmente sulla	prima-casa	- e' ancora una grossa realta' in italia , perche' i guasti delle legislazioni sulle locazioni degli immobili hanno lasciato
ITWAC	prima	evento	Qualification or Set of Circumstances	?	smagliante e una mise che tradisce il passare delle stagioni : sharon stone è arrivata a cannes per partecipare alla	prima-evento	di star wars .
ITWAC	prima	casa	Place or function	?	" consumatore fedele " : il contrario di cio' che e' il consumatore ; e alcune banche con " mutui	prima-casa	" che , per l' accordo con alcune associazioni consumatori , dicono di favorire il consumatore , ma applicano tassi
ITWAC	prima	casa	Place or function	?	singoli comuni sulle aliquote e le detrazioni , per favorire le fasce meno abbienti o per attenuare la tassazione sulla	prima-casa	.
ITWAC	prima	maniera	?	?	redatto da parte della redazione del cuore	prima-maniera	( lia celi , roberto grassilli e gianluca neri ) , ogni giorno all' indirizzo http://www.clarence.com/cool/special/sanremo 99 / potrete sapere
ITWAC	prima	interpretazione	?	?	secondo una	prima-interpretazione	tale disposizione dovrebbe considerarsi integrativa di quanto previsto all' art. 71 del regio decreto 5 dicembre 1933 , n. 1669
ITWAC	prima	donna	Qualification or Set of Circumstances	?	in polizia , e l' hobby , che era il cinema ; pensate che fu la prima donna ad essere	prima-donna	in un film di poliziotti , fu la prima prima-donna donna-poliziotto poliziotto del cinema .
ITWAC	prima	donna	Qualification or Set of Circumstances	?	cinema ; pensate che fu la prima donna ad essere prima-donna in un film di poliziotti , fu la prima	prima-donna	donna-poliziotto poliziotto del cinema .
ITWAC	prima	inizio	?	?	è che nei 3 anni a seguire non solo le foglie arrivavano a cadere completamente a gennaio inoltrato ( fine	prima-inizio	seconda decade ) ma addirittura erano ancora quasi verdi come in estate senza cioè espletare l' iter naturale di cambiamento
ITWAC	prima	casa	Place or function	?	" sappiamo che molte banche , in particolare per i muti	prima-casa	, continuavano a praticare tassi a livelli molto vicini a quello usuraio che , nello scorso trimestre , era 11,760
