REPUBBLICA	ultimo	unico	?	?	l'	ultimo-unico	fantasista del nostro dopo guerra è stato gianni rivera che moltissimo ha avuto , ma parecchio ha anche dovuto subire
REPUBBLICA	ultimo	capolavoro	?	?	dopo aver accennato all'	ultimo-capolavoro	intitolato ko del mondo , con attratti si sono lanciati in un lungo flashback che ripercorreva momenti passati della storia
ITWAC	ultimo	stadio	?	?	la glomerulonefrite risulta responsabile del 30 % dell' insufficienza renale ad	ultimo-stadio	.
ITWAC	ultimo	primo	?	?	spero che come me abbiate passato un	ultimo-primo	dell' anno favoloso suonando come pazzi !
ITWAC	ultimo	utilizzo	?	?	[ + | - ] aggiustamento-giornaliero	ultimo-utilizzo	resto quando questo file non è configurato , appare la riga seguente .
ITWAC	ultimo	momento	?	?	motivo per il quale gli altri volatili lo chiamano " mikchagogwech "  colui - che - arriva - all'	ultimo-momento	- , e i micmac sostengono che anche qualche uomo meriterebbe questo nome .
REPUBBLICA	ultimo	mate	?	?	e poi un raffinato gioco di sovrapposizione delle immagini , con impiego della	ultima-mate	, che non so cosa sia .
REPUBBLICA	ultimo	montserrat	?	?	nell' intonazione , piccoli numeri d' assieme privi di inquadramento ritmico , concertati a progressiva scomparsa : in stile dissolvente	ultima-montserrat	caballé .
ITWAC	ultimo	dipendenti	Qualification or Set of Circumstances	?	sa se vere o finte ) mi chiedo : le ragazze hanno scoperto i giochi di ruolo o quasi tutti	ultima-dipendenti	sono tutti dei viziosi interphonisti ?
ITWAC	ultimo	mente	?	?		ultima-mente	la paura investe la carne per gli hamburger contaminati da batteri mortali o le uova strapaz-zate alla salmonella .
ITWAC	ultimo	messa	?	?	lo strumento storico della fede può liberare nuovamente la ragione come tale , in modo che quest'	ultima-messa	sulla buona strada dalla fede-possa vedere da sè .
ITWAC	ultimo	versione	?	?	- il messaggero - e' cominciato l' anno nuovo , parte il girone di ritorno , debutta la scavolini	ultima-versione	( c' è da credere quella definitiva , salvo novità in uscita ) e il braccio di ferro tra ottimismo
ITWAC	ultimo	messa	?	?	lo strumento storico della fede può liberare nuovamente la ragione come tale , in modo che quest'	ultima-messa	sulla buona strada dalla fede-possa vedere da sè .
ITWAC	ultimo	messa	?	?	lo strumento storico della fede può liberare nuovamente la ragione come tale , in modo che quest'	ultima-messa	sulla buona strada dalla fede-possa vedere da sè .
