REPUBBLICA	ancora	reato	?	?	DET ADJ ADV NOUN	anni venti , con il suo mettere in scena l' amore di un bianco per una mezzosangue nera ( tra	l' altro ancora reato	nel 1880 , anno di ambientazione della storia ) con il drammatico episodio di ravenal ( il bianco ) che
REPUBBLICA	ancora	straordinarie	?	?	DET ADJ ADV NOUN	, nei confronti del grande pianista russo , veder- lo cercare -- ottantunenne -- l' assenso della moglie al termine	delle sue ancora straordinarie	esecuzioni .
REPUBBLICA	ancora	oggi	?	?	DET ADV NOUN	sfiducia nella possibilità che bastino le lettere di protesta per far cambiare le cose vuoi perché questo è un paese	quale ancora oggi	, nonostante gorbaciov , si preferisce non dire apertamente quello che si pensa .
REPUBBLICA	ancora	i	?	?	DET ADJ ADV NOUN	negli ingorghi selvaggi formati- si in varie città e soprattutto a san antonio , dove otto ore dopo la messa	all' aperto ancora i	fedeli erano blocca- ti , o a miami dove le preoccupazioni della polizia e del servizio segreto avevano chiuso tutte
REPUBBLICA	ancora	più	?	?	DET ADV NOUN	mio business è che per quanto un prodotto sia buono e perfetto , l' anno venturo ne metteranno in commercio	uno ancora più	buono e perfetto .
REPUBBLICA	ancora	oggi	?	?	DET ADV NOUN	lo speaker ha fatto conoscere l' ostilità a fare di lenin un' icona e quindi ad eriger- gli un mausoleo	quale ancora oggi	il suo corpo imbalsamato viene visitato da folle che si assoggettano a lunghe code anche quando il termometro , come in
REPUBBLICA	ancora	sabato	?	?	DET ADV NOUN	ravenna dal porto nigeriano di koko ha levato	l' ancora sabato	.
REPUBBLICA	ancora	segreto	?	?	DET ADJ ADV NOUN	, i santi , questa settimana sfileranno ronald e nancy reagan , l' ex presidente gerald ford , bush e	il suo ancora segreto	vice presidente ( la scelta è stata ristretta da diciotto a sei persone : il senatore bob dole , sua
REPUBBLICA	ancora	maggiore	Role	?	DET ADV NOUN	, sia , infine , nel settore spaziale , che hanno un peso consistente già oggi e potrebbero assumer- ne	uno ancora maggiore	nei prossimi anni .
REPUBBLICA	ancora	oggi	?	?	DET ADJ ADV NOUN	è naturalmente il punto culminante della rivoluzione scientifica del xvii secolo , ed è il suo genio che gli dà	un' impronta ancora oggi	difficilmente confutabile .
REPUBBLICA	ancora	moderati	?	?	DET ADV NOUN	eppure , autarchicamente , col crescere di	questi ancora moderati	consumi , mostrano qualche segnale di voler far da sè .
REPUBBLICA	ancora	più	?	?	DET ADV NOUN	più grave , tentato omicidio plurimo , che fu stralciato dalla corte d' assise , e che potrebbe trasformar- si	nell' ancora più	grave delitto di strage .
REPUBBLICA	ancora	più	?	?	DET ADJ ADV NOUN	in programma per il prossimo novembre , cercherà di avvicinar- si ancora di più alle loro esigenze con un indice	delle parole-chiave ancora più	arricchito , così da permettere di individuare più immediatamente l' oggetto della loro ricerca .
REPUBBLICA	ancora	peggiore	?	?	DET ADJ ADV NOUN	altrimenti sarà inevitabile , fatto fuori un saddam , di veder- ne subito comparire	un altro ancora peggiore	nel giro di due o tre anni .
REPUBBLICA	ancora	richiesta	?	?	DET ADJ ADV NOUN	offerti i bancari , banco roma compreso , fatta eccezione per bnl , bna e mediobanca ,	quest' ultima ancora richiesta	nel dopolistino fino a 14500 lire .
REPUBBLICA	ancora	decine	?	?	DET ADV NOUN	potrebbero conquistare il seggio guadagnando alcune decine di voti , ma in altri collegi ne devono guadagnare migliaia ed in	altri ancora decine	di migliaia se vogliono raggiungere l' obiettivo .
REPUBBLICA	ancora	valore	?	?	DET ADV NOUN	allora ti chiedo : tu	dai ancora valore	alla parola sinistra ?
REPUBBLICA	ancora	più	?	?	DET ADV NOUN	persino un po' crudele : per liberar- si dal carcere del " vecchio modello familiare " ne è stato costruito	uno ancora più	duro , perché autoimposto .
REPUBBLICA	ancora	mistero	?	?	DET ADJ ADV NOUN	inutile l' operazione per	il superstite ancora mistero	fitto sull' eccidio di fano .
REPUBBLICA	ancora	caldi	?	?	DET ADJ ADV NOUN	coi risultati	delle amministrative ancora caldi	, continuare a parlare di spartizione tra partiti risulta a dir poco complicato .
REPUBBLICA	ancora	modifiche	?	?	DET ADJ ADV NOUN	il complesso di queste e	tante altre ancora modifiche	a cui va incontro il corpo di fronte ad una minaccia è stato riassunto dagli scienziati nel termine " stress
REPUBBLICA	ancora	peggiore	?	?	DET ADJ ADV NOUN	dove la lottizzazione perde quasi il suo significato per assumer- ne	un altro ancora peggiore	, con connotati tra la malversazione e la malavita , è la calabria .
REPUBBLICA	ancora	appartenenti	?	?	DET ADV NOUN	se è vero che i la ganga e i bonsignore o	altri ancora appartenenti	al vecchio mondo della politica sono stati delegittimati è altrettanto vero che anche corso marconi ha perduto il ruolo che in
REPUBBLICA	ancora	più	?	?	DET ADJ ADV NOUN	" se quel piano che era buono mi aveva condotto alla perdita del set , dovevo cambiar- lo con	un altro ancora più	buono " .
REPUBBLICA	ancora	più	?	?	DET ADV NOUN	lista d' attesa e il problema fondiaria , che prima o poi andrà risolto ( fuori dall' inesistente ferfin e	dall' ancora più	residuale gaic ) .
REPUBBLICA	ancora	richieste	?	?	DET ADJ ADV NOUN	contrastati i bancari , mentre tra	gli assicurativi ancora richieste	le milano .
REPUBBLICA	ancora	tempo	Entity	?	DET ADJ ADV NOUN	leighton smith , hanno discusso per quattro ore all' aeroporto di zagabria su come muover- si ora : se lasciare	ai serbi ancora tempo	per decidere o riprendere subito le incursioni .
REPUBBLICA	ancora	ministro	Role	?	DET ADV NOUN	il ragionamento collettivo del partito e il suo personale lo porteranno a prendere quella decisione " , ha detto ieri	l' ancora ministro	degli esteri , con l' autorevolezza di chi , fino al giorno in cui è stato nominato segretario generale della nato
REPUBBLICA	ancora	numero	Rank	?	DET ADV NOUN	falso : perché la piccola guerra per sentir- si campione d' incassi ,	l' ancora numero	uno al mondo ha tentato di chiuder- la per tempo , così da poter poi giocare libero da pensieri , e
REPUBBLICA	ancora	desiderio	?	?	DET ADV NOUN	essere penetrato nel tempio del dio denaro ( la city ) il leader dei neocomunisti italiani ha rivelato di avere	un ancora desiderio	segreto , un' aspirazione inconfessata : essere ricevuto da papa giovanni paolo ii .
REPUBBLICA	ancora	sacchi	?	?	DET ADV NOUN	altre ipotesi : una riguarda ottavio bianchi , l' altra giovanni galeone ;	altre ancora sacchi	e falcao .
REPUBBLICA	ancora	studente	Qualification or Set of Circumstances	?	DET ADV NOUN	dei verdi , l' organizzatrice culturale alessandra kersevan di rifondazione ( cantante , fondò il canzoniere di aiello ) ,	l' ancora studente	marco belviso ( 32 anni ) , esperto in discoteche , con una lista " under 35 " e lo psicologo
REPUBBLICA	ancora	oggi	?	?	DET ADV NOUN	adesivo 43 , tragedia erotico-trascendentale ispirata alla realtà del mondo delle carceri e a quella del popolo di disereda- ti	che ancora oggi	vive nel sottosuolo di certe capitali dell' est .
REPUBBLICA	ancora	studentesse	?	?	DET ADV NOUN	, lavora in una serie di fiction in programmazione proprio in questi giorni ) altre ballerine , altre cubiste ,	altre ancora studentesse	.
REPUBBLICA	ancora	pagg.	?	?	DET ADV NOUN	gabriella gribaudi donne , uomini , famiglie	l' ancora pagg.	158 , lire 26.000 il volume ripercorre , con gli strumenti dell' indagine storica , alcuni sentieri della società napoletana di
REPUBBLICA	ancora	presidente	Role	?	DET ADV NOUN	tutto questo cauto riposizionamento di alcuni dirigenti nei confronti dell' " eretico " prodi , danno un po' sui nervi	all' ancora presidente	del consiglio nazionale del ppi .
REPUBBLICA	ancora	pagg.	?	?	DET ADV NOUN	antonio pascale la città distratta	l' ancora pagg.	125 , lire 15.000 caserta e il casertano erano conosciuti una volta come la terra di lavoro , agricoltura fertile ,
REPUBBLICA	ancora	pagg.	?	?	DET ADV NOUN	domenico scafoglio lazzari e giacobini	l' ancora pagg.	206 , lire 35.000 l' autore -- insegna antropologia culturale a salerno -- esamina le forme assunte dalla cultura popolare durante
REPUBBLICA	ancora	sindaco	Role	?	DET ADV NOUN	del gruppo fanno parte , oltre	all' ancora sindaco	di napoli , il pugliese giannicola sinisi , il calabrese nuccio fava , il lucano filippo bubbico , il molisano giovanni
REPUBBLICA	ancora	possibile	?	?	DET ADV NOUN	caratterizzata da disagio , incertezza e sofferenza , un mix di sentimenti e di umori che può risolver- si in	un ancora possibile	scatto e voglia di vincere o ripiegare nella sfiducia e nella anticipata rassegnazione alla sconfitta .
WIKICONLL	ancora	ignoto	?	?	DET ADV NOUN	, plastiche tratte da soggetti di boucher e famosa rimane la serie delle nove muse da cui prenderà il nome	l' ancora ignoto	modellatore muses modeller .
WIKICONLL	ancora	bambina	Qualification or Set of Circumstances	?	DET ADV NOUN	nella okiya ,	l' ancora bambina	chiyo incontra l' unica geisha in piena attività ivi presente , la estremamente bella ma crudele hatsumomo .
WIKICONLL	ancora	inedito	?	?	DET ADV NOUN	" la macchina da guerra più formidabile " ) sotto la cura del professor arnaldo picchi , e hanno pubblicato	l' ancora inedito	" la macchia d' inchiostro " .
WIKICONLL	ancora	diritto	?	?	DET ADV NOUN	caso di welby ( per alcuni « eutanasia » , per altri rifiuto dell' « accanimento terapeutico » , per	altri ancora diritto	all' autodeterminazione ) suscitò in italia un acceso dibattito sulle questioni di fine vita e , più in generale , sui
WIKICONLL	ancora	divise	?	?	DET ADV NOUN	ciò fu fatto ,	le ancora divise	tecno-gilde vennero disciolte e l' adeptus mechanicus prese il controllo del pianeta .
WIKICONLL	ancora	funzioni	?	?	DET ADV NOUN	fattore di forma per afforcare bene sui fondali : migliore è la forma , minore è il peso necessario affinché	l' ancora funzioni	.
WIKICONLL	ancora	caso	?	?	DET ADV NOUN	questo non è	un ancora caso	di comunicazione .
WIKICONLL	ancora	vincitori	?	?	DET ADJ ADV NOUN	turchi e veneziani si sarebbero affrontati un' altra volta presso lepanto nella battaglia di modone nel 1500 , con	gli ottomani ancora vincitori	con l' ammiraglio kemal reis .
WIKICONLL	ancora	governatore	Role	?	DET ADV NOUN	austin che raccogliendo un precedente progetto del padre , la " texan venture " , nel 1821 si accordo' con	l' ancora governatore	spagnolo del texas per il rinnovo della concessione territoriale paterna per l' insediamento in texas di coloni angloamericani .
WIKICONLL	ancora	tratte	?	?	DET ADV NOUN	scene del film " free willy - un amico da salvare " , altre tratte dal dangerous world tour ed	altre ancora tratte	dall' esibizione di jackson al 10° compleanno di mtv nel 1991 .
WIKICONLL	ancora	forma	?	?	DET ADV NOUN	la chiesa parrocchiale di villa castellazzo è intitolata alla madonna della neve , ha	la ancora forma	di oratorio e venne innalzata attorno al 1600 .
WIKICONLL	ancora	vergine	?	?	DET ADV NOUN	della mancanza di orgasmi con il proprio ragazzo : le sue due migliori amiche vicky ( felicitas woll ) e	l' ancora vergine	lena ( karoline herfurth ) sono nella stessa situazione .
WIKICONLL	ancora	oggi	?	?	DET ADV NOUN	esterno dell’ edificio sacro subì una felice opera di restauro , che restituì alla facciata il suo volto originario ,	quello ancora oggi	visibile .
WIKICONLL	ancora	inedito	?	?	DET ADV NOUN	è stato creato nel 2005 da kevin dangoor come web framework per	l' ancora inedito	prodotto zesty news .
ITWAC	ancora	bambino	?	?	DET ADV NOUN	al termine della seconda ( 1848/49 ) il trattato di pace stipulato	dall' ancora bambino	maharajah dulip singj , vedeva passare il regno agli inglesi , e con esso anche il famosissimo diamante .
ITWAC	ancora	memoria	?	?	DET ADV NOUN	creatogli dalle istituzioni ebraiche italiane che non hanno del tutto apprezzato questo invito di sharon : c' è chi ha	una ancora memoria	più lunga di quella dei politici .
ITWAC	ancora	ministro	Role	?	DET ADV NOUN	, nell' opinione , a una politica sull' immigrazione che , sotto la firma dell' allora ministro giorgio napolitano e	dell' ancora ministro	livia turco ( ambedue democratici e di sinistra ) , ha prodotto i centri di detenzione , gabbioni e lager .
ITWAC	ancora	diciannovenne	?	?	DET ADV NOUN	right ' , insieme ad una rivoluzionaria versione di ' blue moon of kentucky ' , diventa il primo singolo	dell' ancora diciannovenne	elvis presley .
ITWAC	ancora	giovani	Qualification or Set of Circumstances	?	DET ADV NOUN	dopo , nel '62 , con uno splendido franco corelli , una giulietta simionato al culmine della sua carriera e	gli ancora giovani	joan sutherland e nicolai ghiaurov .
ITWAC	ancora	memoria	?	?	DET ADV NOUN	creatogli dalle istituzioni ebraiche italiane che non hanno del tutto apprezzato questo invito di sharon : c' è chi ha	una ancora memoria	più lunga di quella dei politici .
ITWAC	ancora	unione	?	?	DET ADV NOUN	della figura di wojtyla aveva parlato a lungo con gorbaciov , in occasione di una delle visite dell' allora presidente	dell' ancora unione	sovietica in vaticano : " era appena caduto il muro di berlino , eppure gorbaciov diceva di essere grato al papa
ITWAC	ancora	buio	?	?	DET ADV NOUN	cre do che sarà una luce	nell' ancora buio	delle donne , che sarà una medicina per le nostre ferite .
ITWAC	ancora	anteriore	?	?	DET ADV NOUN	tagliando la paletta piu' corta e smerigliandola per bene con un nastrino a rullo ottengo un movimento meno matto e	l' ancora anteriore	non si pianta piu' nella balsa rovinando in un' ora solo le punte ...
ITWAC	ancora	selvaggi	?	?	DET ADV NOUN	quest' ultimo lo sequestrerà e lo costringerà ad un viaggio forzato attraverso	gli ancora selvaggi	, incontaminati , quasi infiniti spazi del west , alla ricerca di un lago sacro , nella riserva navajo , dove
ITWAC	ancora	ignoto	?	?	DET ADV NOUN	del settecentesco abate casti ) , ma anche per i canti , le operette morali , i pensieri ( e	l' ancora ignoto	zibaldone ) del suo alter ego giacomo leopardi .
ITWAC	ancora	problemi	?	?	DET ADV NOUN	finora è riuscita a correggerne soltanto	una ancora problemi	di sicurezza per i programmi di messagistica online .
ITWAC	ancora	clienti	?	?	DET ADV NOUN	se queste azioni siano una violazione degli accordi e , di conseguenza , stabilisca le penali riparatorie che wind deve	agli ancora clienti	blu .
ITWAC	ancora	adolescente	Qualification or Set of Circumstances	?	DET ADV NOUN	se la lira	dell' ancora adolescente	regno d' italia iniziava il suo cammino nelle valute di importanza internazionale , il sistema bancario di emissione evidenziava invece i
ITWAC	ancora	esistenza	?	?	DET ADV NOUN	economico ( leggi lesive della libertà vera e della carta costituzionale , rinviate o cassate dalle competenti istituzioni , grazie	all' ancora esistenza	in funzione - ma fino a quando ?
ITWAC	ancora	memoria	?	?	DET ADV NOUN	creatogli dalle istituzioni ebraiche italiane che non hanno del tutto apprezzato questo invito di sharon : c' è chi ha	una ancora memoria	più lunga di quella dei politici .
ITWAC	ancora	unione	?	?	DET ADV NOUN	della figura di wojtyla aveva parlato a lungo con gorbaciov , in occasione di una delle visite dell' allora presidente	dell' ancora unione	sovietica in vaticano : " era appena caduto il muro di berlino , eppure gorbaciov diceva di essere grato al papa
ITWAC	ancora	memoria	?	?	DET ADV NOUN	creatogli dalle istituzioni ebraiche italiane che non hanno del tutto apprezzato questo invito di sharon : c' è chi ha	una ancora memoria	più lunga di quella dei politici .
ITWAC	ancora	bambino	?	?	DET ADV NOUN	» , quello del padre ultraottantenne , che scompare all' improvviso , lasciando di fatto in una condizione d' orfano	l' ancora bambino	protagonista-narratore ; la madre poco più che ventenne che sale al collegio , dove il figlio è rinchiuso , « con
ITWAC	ancora	diciannovenne	?	?	DET ADV NOUN	right ' , insieme ad una rivoluzionaria versione di ' blue moon of kentucky ' , diventa il primo singolo	dell' ancora diciannovenne	elvis presley .
ITWAC	ancora	cardinale	Job or Career	?	DET ADV NOUN	spiagge della california il gesuita thomas reese - che si dice defenestrato da direttore di " america " per volontà	dell' ancora cardinale	joseph ratzinger - ha liquidato il nuovo papa come irricuperabile nemico della modernità , ispirato dall' agostinismo più cupo .
ITWAC	ancora	duello	?	?	DET ADV NOUN	" a meno di grosse sorprese da altre scuderie - dice - sara'	un ancora duello	serrato tra ferrari e mclaren mercedes " .
ITWAC	ancora	costanza	?	?	DET ADV NOUN	ma mi piace pensare che il delfino rappresenti forza , agilità , intelligenza ;	l' ancora costanza	, meditazione , concretezza .
ITWAC	ancora	ignoto	?	?	DET ADV NOUN	non sarà per caso	l' ancora ignoto	cardinale " in pectore " ?
ITWAC	ancora	cardinale	Job or Career	?	DET ADV NOUN	non ammette nulla di definitivo e lascia come ultima misura l' io e le sue voglie » , così definita	dall' ancora cardinale	ratzinger , come tutte le dittature ha bisogno di chi la imponga , di un' estetica di regime .
ITWAC	ancora	problemi	?	?	DET ADJ ADV NOUN	per	il bolognese ancora problemi	con il telaio suzuki , inoltre il compagno di marca ryo in gara 2 lo ha superato all' ultimo giro
ITWAC	ancora	comandante	Job or Career	?	DET ADV NOUN	poi se ne vantò - e se ne vanta ancora - in un libro di memorie presentato a roma con	l' ancora comandante	nato wesley clark .
ITWAC	ancora	tensione	?	?	DET ADV NOUN	in realtà penso che alla fine , se questo progetto esiste è perchè c' è	una ancora tensione	troppo forte nel fare le cose , che sentiamo di dover fare .
ITWAC	ancora	tipo	?	?	DET ADJ ADV NOUN	più o meno penso che si tratti di 5 anni , mi vedo comparire sulle riviste specializzate la recensione di	una nuova ancora tipo	delta che prometteva cose eccezionali .
ITWAC	ancora	divisa	?	?	DET ADV NOUN	io stessa ho studiato relativamente a lungo in germania ,	nella ancora divisa	berlino , dove la sensibilità politica per il presente e il passato era una parte naturale della vita culturale .
ITWAC	ancora	presidente	Role	?	DET ADV NOUN	poco prima delle 10 di ieri mattina	l' ancora presidente	del consiglio comunale della maddalena , luigi lapera , si è presentato al segretario generale per protocollare le dimissioni dalla carica
ITWAC	ancora	retta	?	?	DET ADV NOUN	27/4/2004 10:47 profilo utente sito personale utente guest guest | absynth | padova gilgamesh ma	dai ancora retta	a sto tizio ?
ITWAC	ancora	monopolista	Rank	?	DET ADV NOUN	a questo aspetto si aggiunge la particolare posizione	dell' ancora monopolista	di fatto , che è nello stesso tempo concorrente e fornitore degli internet provider privati , e può agire ( entro
ITWAC	ancora	memoria	?	?	DET ADV NOUN	creatogli dalle istituzioni ebraiche italiane che non hanno del tutto apprezzato questo invito di sharon : c' è chi ha	una ancora memoria	più lunga di quella dei politici .
ITWAC	ancora	corrente	?	?	DET ADV NOUN	iniziale : obbligatorio , marcatore finale : obbligatorio definizioni di attributo name = cdata [ cs ] questo attributo denomina	l' ancora corrente	in modo che possa essere la destinazione di un altro collegamento .
ITWAC	ancora	memoria	?	?	DET ADV NOUN	creatogli dalle istituzioni ebraiche italiane che non hanno del tutto apprezzato questo invito di sharon : c' è chi ha	una ancora memoria	più lunga di quella dei politici .
ITWAC	ancora	collegio	Place or function	?	DET ADV NOUN	i collegiali di cui parlo io , naturalmente , appartenevano	all' ancora collegio	cicognini di prato centro , che per la sua fama di sede di prestigiosa istruzione e per il costo della retta
ITWAC	ancora	cooperazione	?	?	DET ADV NOUN	e' la prima volta che visito il sito di nigrizia e ho letto la tua lettera perchè attirata	dall' ancora cooperazione	allo sviluppo .
ITWAC	ancora	memoria	?	?	DET ADV NOUN	creatogli dalle istituzioni ebraiche italiane che non hanno del tutto apprezzato questo invito di sharon : c' è chi ha	una ancora memoria	più lunga di quella dei politici .
ITWAC	ancora	anteriore	?	?	DET ADV NOUN	tagliando la paletta piu' corta e smerigliandola per bene con un nastrino a rullo ottengo un movimento meno matto e	l' ancora anteriore	non si pianta piu' nella balsa rovinando in un' ora solo le punte ...
ITWAC	ancora	bambini	Qualification or Set of Circumstances	?	DET ADJ ADV NOUN	09 ottobre 2002 israele / territori occupati : difendere i diritti	dei minori ancora bambini	uccisi .
ITWAC	ancora	teatro	Place or function	?	DET ADV NOUN	ieri nella stessa città uccisi 12 iracheni mosul ( iraq ) - mosul è	il ancora teatro	di guerra .
ITWAC	ancora	memoria	?	?	DET ADV NOUN	creatogli dalle istituzioni ebraiche italiane che non hanno del tutto apprezzato questo invito di sharon : c' è chi ha	una ancora memoria	più lunga di quella dei politici .
ITWAC	ancora	memoria	?	?	DET ADV NOUN	creatogli dalle istituzioni ebraiche italiane che non hanno del tutto apprezzato questo invito di sharon : c' è chi ha	una ancora memoria	più lunga di quella dei politici .
ITWAC	ancora	anteriore	?	?	DET ADV NOUN	tagliando la paletta piu' corta e smerigliandola per bene con un nastrino a rullo ottengo un movimento meno matto e	l' ancora anteriore	non si pianta piu' nella balsa rovinando in un' ora solo le punte ...
ITWAC	ancora	anteriore	?	?	DET ADV NOUN	tagliando la paletta piu' corta e smerigliandola per bene con un nastrino a rullo ottengo un movimento meno matto e	l' ancora anteriore	non si pianta piu' nella balsa rovinando in un' ora solo le punte ...
ITWAC	ancora	bambino	?	?	DET ADJ ADV NOUN	si rallegri	il cristiano ancora bambino	per le gocce di quell' acqua , finché non si sviluppi e cresca .
ITWAC	ancora	polemiche	?	?	DET ADJ ADV NOUN	per informazioni sulle procedure d' infrazione , consultare il sito : http://europa.eu.int/comm/secretariat_general/sgb/droit_com/index_en.htm#infractions torna	al sommario ancora polemiche	sulla centrale nucleare di temelin anche il ministro dell' ambiente della baviera ( regione meridionale della germania ) , werner
ITWAC	ancora	srl	?	?	DET ADV NOUN	© 2003	l' ancora srl	edizioni l' autore alessandro zaccuri ( la spezia 1963 ) , milanese d' importazione , è giornalista dell' avvenire .
ITWAC	ancora	tel.	?	?	DET ADV NOUN	programma completo sul sito www.passioneintelligenza.it fondazione	l' ancora tel.	tel. 045 565079  fax 045 8102658
ITWAC	ancora	numero	Rank	?	DET ADV NOUN	fra gli italiani	l' ancora numero	uno enzo sacchi , soffriva particolarmente l' estroso ed emergente maspes , ancora numero due , ma solo diciannovenne ( un
ITWAC	ancora	giovani	Qualification or Set of Circumstances	?	DET ADV NOUN	l' hanno rifatto un pò di tmpo fa su rete 4 , credo sia linea mortale con	gli ancora giovani	julia roberts e kevin bacon uvun ( 807 ) vedi le inserzioni del venditore 11 - lug - 05 18:49 cest
ITWAC	ancora	giovani	Qualification or Set of Circumstances	?	DET ADV NOUN	l' hanno rifatto un pò di tmpo fa su rete 4 , credo sia linea mortale con	gli ancora giovani	julia roberts e kevin bacon ...
ITWAC	ancora	quattordicenne	?	?	DET ADV NOUN	prime nozze di gentile brancaleoni , dopo la sua morte e quella dell' unico amatissimo figlio , sposò nel 1460	l' ancora quattordicenne	battista sforza , figlia di alessandro sforza , signore di pesaro .
ITWAC	ancora	bambini	Qualification or Set of Circumstances	?	DET ADJ ADV NOUN	help age international , islamic relief e 4 rs 9 ottobre 2002 israele / territori occupati : difendere i diritti	dei minori ancora bambini	uccisi .
ITWAC	ancora	ignoto	?	?	DET ADV NOUN	squilli di trombe , la anco pubblicò con zero promozioni un " giochino " dal nome kick off , sviluppato	dall' ancora ignoto	dino dini .
ITWAC	ancora	verde	?	?	DET ADJ ADV NOUN	gioco con l' emozioni ; coglierò il lauro , una foglia , la girerò tra le dita la stringerò è	l' universo ancora verde	profumato " mi avvolge .
ITWAC	ancora	tensione	?	?	DET ADV NOUN	in realtà penso che alla fine , se questo progetto esiste è perchè c' è	una ancora tensione	troppo forte nel fare le cose , che sentiamo di dover fare .
ITWAC	ancora	costanza	?	?	DET ADV NOUN	ma mi piace pensare che il delfino rappresenti forza , agilità , intelligenza ;	l' ancora costanza	, meditazione , concretezza .
ITWAC	ancora	cardinale	Job or Career	?	DET ADV NOUN	ma il giorno prima della sua elezione al soglio di pietro ,	l' ancora cardinale	ratzinger si era soffermato sui pericoli della " dittatura del relativismo " per opporsi alla quale serve riscoprire e alimentare una
ITWAC	ancora	figli	?	?	DET ADJ ADV NOUN	sempre idda , chiddu chi avia a mangiari , non ti truccari , non ti mettiri troppu russettu , dopu	un annu ancora figli	nenti ?
ITWAC	ancora	anteriore	?	?	DET ADV NOUN	tagliando la paletta piu' corta e smerigliandola per bene con un nastrino a rullo ottengo un movimento meno matto e	l' ancora anteriore	non si pianta piu' nella balsa rovinando in un' ora solo le punte ...
ITWAC	ancora	corrente	?	?	DET ADV NOUN	richiesto , tag finale : richiesto definizione degli attributi name = cdata [ cs ] questo attributo dà il nome	all' ancora corrente	cosicché esso può essere la destinazione di un altro collegamento .
ITWAC	ancora	santa	?	?	DET ADV NOUN	maggiori informazioni | richiedi un preventivo | vai al sito hotel	l' ancora santa	teresa gallura ( ot ) visite = 1629 - richieste = 99 - voti = 9 ubicazione : situato al centro
ITWAC	ancora	memoria	?	?	DET ADV NOUN	creatogli dalle istituzioni ebraiche italiane che non hanno del tutto apprezzato questo invito di sharon : c' è chi ha	una ancora memoria	più lunga di quella dei politici .
ITWAC	ancora	cardinale	Job or Career	?	DET ADV NOUN	presuppone non dei credenti , ma dei creduloni in balia di quelli che solo poco tempo fa	l' ancora cardinale	ratzinger ha definito « venti di dottrina » .
ITWAC	ancora	monopolista	Rank	?	DET ADV NOUN	lo strapotere	dell' ancora monopolista	di fatto , con la commistione perniciosa della fornitura della rete e quella dei servizi , non potrà essere limitato sostanzialmente
ITWAC	ancora	parola	?	?	DET ADV NOUN	l' e-learning in ambito professionale è	una ancora parola	magica dall' incerta sostanza , o è un mezzo reale su cui si basa la vostra strategia di mercato ?
ITWAC	ancora	riforma	documento	?	DET ADJ ADV NOUN	ora in situazione di esclusività autoritativa o di monopolio dei servizi che producono inefficienza ( non mi voglio lasciare andare	sulla mancata ancora riforma	dell' efficienza e efficacia della pubblica amministrazione ) con costi sui mercati imponenti .
ITWAC	ancora	sindaco	Role	?	DET ADV NOUN	cin cin : allargato a un altro primatista , riccardo marone ,	un ancora sindaco	che si candida sia alla camera che come vice iervolino ( e strasburgo dove la mettiamo ?
ITWAC	ancora	procuratore	Role	?	DET ADV NOUN	da anni lo ripete	l' ancora procuratore	capo del tribunale agostino cordova .
ITWAC	ancora	edizione	?	?	DET ADV NOUN	di piemonte , liguria e valle d' aosta la versione on-line delle pagine informative provinciali de la stampa alessandria provincia	l' ancora edizione	web del settimanale di informazione della diocesi di acqui terme il piccolo giornale di alessandria e provincia la vita casalese edizione
ITWAC	ancora	bambina	Qualification or Set of Circumstances	?	DET ADJ ADV NOUN	sono una bambina invecchiata di secoli e sono	una centenaria ancora bambina	.
ITWAC	ancora	ignoto	?	?	DET ADV NOUN	passo indietro molto lungo : nasce la nintendo , yamauchi unico fondatore , una delle sue immense intuizioni fu reclutare	l' ancora ignoto	shigeru miyamoto , game designer in erba con in testa idee meravigliose .
ITWAC	ancora	vergine	?	?	DET ADV NOUN	non c' erano tante bande del genere in quegli anni in america ; forse solo gli stooges	dell' ancora vergine	iggy pop .
ITWAC	ancora	memoria	?	?	DET ADV NOUN	creatogli dalle istituzioni ebraiche italiane che non hanno del tutto apprezzato questo invito di sharon : c' è chi ha	una ancora memoria	più lunga di quella dei politici .
ITWAC	ancora	protagonista	Qualification or Set of Circumstances	?	DET ADV NOUN	al contrario , potrà in futuro	sulle ancora protagonista	, purchè faccia sue le richieste di trasparenza , modernità , capacità di aprirsi al capitale di rischio e all' apporto
ITWAC	ancora	nunzio	?	?	DET ADV NOUN	, con una serie di omissioni e giudizi superficiali , tra cui il vaneggiamento di un' improbable " disobbedienza "	dell' ancora nunzio	roncalli nei confronti dell' istruzione papale , che farebbero arrossire uno studente del ginnasio .
ITWAC	ancora	commissario	Job or Career	?	DET ADV NOUN	questo che mario monti è accolto da un vero e proprio boato , una standing ovation che nessuno , tantomeno	l' ancora commissario	europeo alla concorrenza , poteva prevedere .
ITWAC	ancora	gestore	?	?	DET ADV NOUN	cominciato a de-monopolizzarsi , ma che in questi ultimi mesi ha cominciato a fermarsi , grazie soprattutto alle varie resistenze	dell' ancora gestore	monopolista telecom e ai suoi assurdi e alti prezzi per l' affitto dell' ultimo miglio ai gestori alternativi ; e ,
ITWAC	ancora	ragazzino	?	?	DET ADV NOUN	di tomasson , cafù ha anche fatto un fuori-spettacolo con una piroetta di forza e agilità , dimostra come sia	un ancora ragazzino	nonostante la sua età .
ITWAC	ancora	buio	?	?	DET ADV NOUN	credo che sarà una luce	nell' ancora buio	delle donne , che sarà una medicina per le nostre ferite .
ITWAC	ancora	corrente	?	?	DET ADV NOUN	dato che cen è il già conosciuto pronome dimostrativo in accusativo , viene eliminata del tutto e per sempre	la ancora corrente	e balzana idea che zichuche significasse « è stato scritto » al passivo , che sarebbe differente da un * zichuce
ITWAC	ancora	bambino	?	?	DET ADV NOUN	derby in cui la roma batteva la lazio scudettata e ricordo chiare e stupende le emozioni e la gioia di	un ancora bambino	che mi fece inorgoglire di essere romano e romanista in poco tempo .
ITWAC	ancora	memoria	?	?	DET ADV NOUN	creatogli dalle istituzioni ebraiche italiane che non hanno del tutto apprezzato questo invito di sharon : c' è chi ha	una ancora memoria	più lunga di quella dei politici .
ITWAC	ancora	sottotenente	?	?	DET ADV NOUN	' che denunciano un' età di chi ha visto passare senz' altro ai suoi tavoli un giovane jean gabin o	un ancora sottotenente	de gaulle .
ITWAC	ancora	tipo	?	?	DET ADV NOUN	altrimenti , restano solo l' ancorotto ad ombrello e	l' ancora tipo	hall , di efficienza non eccezionale , ma facile da maneggiare .
ITWAC	ancora	memoria	?	?	DET ADV NOUN	creatogli dalle istituzioni ebraiche italiane che non hanno del tutto apprezzato questo invito di sharon : c' è chi ha	una ancora memoria	più lunga di quella dei politici .
ITWAC	ancora	bambino	?	?	DET ADV NOUN	derby in cui la roma batteva la lazio scudettata e ricordo chiare e stupende le emozioni e la gioia di	un ancora bambino	che mi fece inorgoglire di essere romano e romanista in poco tempo .
ITWAC	ancora	inedito	?	?	DET ADV NOUN	i più recenti appuntamento a tre e	l' ancora inedito	the whole nine yards al fianco di bruce willis .
ITWAC	ancora	ignoto	?	?	DET ADV NOUN	del settecentesco abate casti ) , ma anche per i canti , le operette morali , i pensieri ( e	l' ancora ignoto	zibaldone ) del suo alter ego giacomo leopardi .
ITWAC	ancora	centinaia	?	?	DET ADV NOUN	due cale da sogno all' interno delle quali gettano	l' ancora centinaia	di imbarcazioni che trascorrono la giornata sotto la costa dove si vedono impressionanti scogliere granitiche inaccessibili , nel versante più scosceso
ITWAC	ancora	semi	?	?	DET ADV NOUN	queste le misure dello straccetto che	un' ancora semi	sconosciuta raquel welch indossa in piazza di spagna , per una passeggiata epocale sotto trinità dei monti : anno 1966 ,
ITWAC	ancora	sedicenne	?	?	DET ADV NOUN	nel corso dei campionati panamericani juniores 2003	l' ancora sedicenne	jamaicano usain bolt ( nato il 21 agosto 1986 ) ha eguagliato il primato mondiale under 20 dei 200 m (
ITWAC	ancora	chance	?	?	DET ADJ ADV NOUN	sostegno , per	gli specializzati ancora chance	di entrare in graduatoria il ministero dellâ  tmistruzione ha invitato , in una nota , gli insegnanti in possesso
ITWAC	ancora	inedito	?	?	DET ADV NOUN	, vanta serie come " neon genesis evangelion " , " nadia : il mistero della pietra azzurra " e	l' ancora inedito	in occidente " flcc " .
ITWAC	ancora	memoria	?	?	DET ADV NOUN	creatogli dalle istituzioni ebraiche italiane che non hanno del tutto apprezzato questo invito di sharon : c' è chi ha	una ancora memoria	più lunga di quella dei politici .
ITWAC	ancora	costanza	?	?	DET ADV NOUN	ma mi piace pensare che il delfino rappresenti forza , agilità , intelligenza ;	l' ancora costanza	, meditazione , concretezza .
REPUBBLICA	ancora	più	?	?	DET ADV NOUN	da una cabriolet una ragazza meno che ventenne , unico indumento un minuscolo reggiseno e	un ancor più	striminzito slip , urla a squarciagola che vuole avere un figlio da platini .
REPUBBLICA	ancora	meglio	?	?	DET ADV NOUN	due ) : 14 milioni 577 mila , chiavi in mano , la 1600 cl e 15 milioni 432 mila	l' ancor meglio	rifinita 90 gl di 1800 cc. la diesel parte da 17 milioni e 464 mila , mentre la più sportiva 2.0
REPUBBLICA	ancora	più	?	?	DET ADV NOUN	da poter sognare , una volta fondata cartagine , di disfar- si di roma armando un grande esercito guidato da	un ancor più	grande condottiero , annibale .
REPUBBLICA	ancora	più	?	?	DET ADV NOUN	quanto a frank loesser , sono contemporaneamente presenti due revival : il classico guys and dolls e	l' ancor più	classico the most happy fella , due successi che più diversi fra loro non potrebbero essere .
REPUBBLICA	ancora	peggiori	?	?	DET ADV NOUN	l' insegnante chiamava questa o quella studentessa con appellativi piuttosto volgari come " tettona " , " bona " e	altri ancor peggiori	.
REPUBBLICA	ancora	più	?	?	DET ADJ ADV NOUN	portualità italiana , spingendo- si a savona , ma soprattutto a gioia tauro , dove il prossimo anno verrà inaugurato	un porto ancor più	grande di quello di voltri e interamente dedicato al " transhipment " , cioè al trasbordo dei contenitori dalle grandi
REPUBBLICA	ancora	peggiore	?	?	DET ADV NOUN	nostra vera preoccupazione è che dalla ' repubblica dei giudici ' , che non ci piace affatto , si passi	alla ancor peggiore	' repubblica degli spioni ' " .
REPUBBLICA	ancora	peggiore	?	?	DET ADV NOUN	è il secondo colpo di ' chirac l' europeo ' , dopo la brutta preparazione e	l' ancor peggiore	conduzione del vertice di cannes .
REPUBBLICA	ancora	più	?	?	DET ADV NOUN	alcune novità assolute , come le inedite versioni coupé e station wagon della lancia k e	la ancor più	attraente mercedes slk senza contare la palio , freschissima world car della fiat , saranno attorniate da tutti quei modelli altrettanto
REPUBBLICA	ancora	più	?	?	DET ADV NOUN	aveva raccontato di aver lasciato sì un grande pubblico , quello di napoli , ma di aver- ne ritrovato forse	uno ancor più	grande , quello juventino .
REPUBBLICA	ancora	peggiore	?	?	DET ADJ ADV NOUN	malgrado , colpevole sì , ma con molte attenuanti legate a " un' infanzia brutta , un' adolescenza pessima e	un presente ancor peggiore	" .
WIKICONLL	ancora	oggi	?	?	DET ADJ ADV NOUN	nel vii secolo venne costruito il palazzo wuyi affinché gli imperatori potessero compier- vi sacrifici ,	un sito ancor oggi	visitabile .
ITWAC	ancora	giovane	Qualification or Set of Circumstances	?	DET ADV NOUN	e la spagna , la iberico-germanica seat svela la nuova toledo che si affianca	alla ancor giovane	altea su cui il marchio spagnolo del gruppo vw fa molto affidamento per rilanciare immagine e vendite .
ITWAC	ancora	giovane	Qualification or Set of Circumstances	?	DET ADV NOUN	hostos è stato un tema chiave negli studi	dell' ancor giovane	bosch , che arrivò a cuba nel 1939 .
ITWAC	ancora	potenti	?	?	DET ADV NOUN	71 - 78 d.c. - frontino , su incarico di vespasiano , sconfigge e sottomette	le ancor potenti	tribù dei briganti e dei siluri .
ITWAC	ancora	attesa	?	?	DET ADV NOUN	della seopan ha evidenziato la paralisi di progetti di investimento nel settore ferroviario per un valore di 1,3 miliardi e	l' ancor attesa	costruzione degli impianti per la desalinizzazione delle acque , progetto sviluppato in alternativa all' abolito sfruttamento del fiume ebro .
ITWAC	ancora	giovane	Qualification or Set of Circumstances	?	DET ADV NOUN	hostos è stato un tema chiave negli studi	dell' ancor giovane	bosch , che arrivò a cuba nel 1939 .
ITWAC	ancora	giovane	Qualification or Set of Circumstances	?	DET ADV NOUN	cui torna a maturare il pitagorismo 54 , fecondo di pubblicazioni , di relazioni e personaggi , restiamo nella cerchia	dell' ancor giovane	gran loggia di londra .
ITWAC	ancora	giovani	Qualification or Set of Circumstances	?	DET ADJ ADV NOUN	oggi , carissimo felice , vedo	dei vecchi ancor giovani	d' età , pieni di acciacchi e di disturbi , mentre vedo dei giovani che mi potrebbero essere padri ,
ITWAC	ancora	giovani	Qualification or Set of Circumstances	?	DET ADJ ADV NOUN	oggi , carissimo felice , vedo	dei vecchi ancor giovani	d' età , pieni di acciacchi e di disturbi , mentre vedo dei giovani che mi potrebbero essere padri ,
ITWAC	ancora	giovani	Qualification or Set of Circumstances	?	DET ADJ ADV NOUN	una lezione di semplice buon senso ma preziosa , che dovrebbe essere additata	dai vecchi ancor giovani	ai troppi giovani già vecchi , quale la migliore delle opzioni possibili al fine di mantener desto  come dote
ITWAC	ancora	potenti	?	?	DET ADV NOUN	71 - 78 d.c. - frontino , su incarico di vespasiano , sconfigge e sottomette	le ancor potenti	tribù dei briganti e dei siluri .
ITWAC	ancora	utili	?	?	DET ADV NOUN	dell' editoria e della cultura in generale - almeno per il cinquecento - può finalmente contare su strumenti più completi	degli ancor utili	reusch e hilgers .
ITWAC	ancora	link	?	?	DET ADV NOUN	matti7878@matti.com ( matteo 78 ) ha scritto nel messaggio d9oohm$1se$1@news.newsland.it ho fatto	un ancor link	: http://www.pippo.it/faq.cfm?nome=variabile#faq 3 quando uno clicca invio dovrebbe aprire la pagina nella posizione dove si trova la faq 3 .
ITWAC	ancora	link	?	?	DET ADV NOUN	con coldfusion un anchor link newsgroup : it.comp.appl.macromedia data : mon , 27 jun 2005 13:39:32 + 0200 ho fatto	un ancor link	: http://www.pippo.it/faq.cfm?nome = variabile # faq 3 quando uno clicca invio dovrebbe aprire la pagina nella posizione dove si trova la
ITWAC	ancora	giovane	Qualification or Set of Circumstances	?	DET ADV NOUN	questo stile ebbe larga eco in francia e in europa e origina dalla fulminea e fortunata campagna militare	dell' ancor giovane	generale bonaparte in terra d' egitto , nel 1799 .
ITWAC	ancora	giovane	Qualification or Set of Circumstances	?	DET ADV NOUN	libro di shorter viene quindi a colmare una lacuna e lo fa , con stiletipicamente anglosassone , presentando l' evoluzione	dell' ancor giovane	scienzapsichiatrica ( la psichiatria come specialità autonoma non ha chedue secoli di vita ) attraverso i movimenti culturali e i flussi
ITWAC	ancora	giovane	Qualification or Set of Circumstances	?	DET ADV NOUN	luna , tute ( vere ) di cosmonauti ( il direttore , mamoru mohri , non per niente , è	un ancor giovane	giapponese che ha partecipato a molte missioni spaziali ) sono il pane quotidiano del mesci .
ITWAC	ancora	giovane	Qualification or Set of Circumstances	?	DET ADV NOUN	comunista inglese e quindi , nel 1952 , dell' importante rivista " past & present " , qualche anno dopo	l' ancor giovane	storico avrebbe pubblicato la sua prima monografia ( rebels , del 1959 , frutto di soggiorni in spagna e italia )
ITWAC	ancora	giovane	Qualification or Set of Circumstances	?	DET ADV NOUN	dante è anche un prestigiatore della lingua ,	dell' ancor giovane	volgare .
