REPUBBLICA	ante	imposte	?	?	DET ADJ ADV NOUN	ha preso anche in esame i risultati della capogruppo che ha chiuso il primo semestre dell' anno in corso con	un utile ante imposte	di 725 miliardi e dunque con un notevole miglioramento sul corrispondente periodo dell' 86 .
REPUBBLICA	ante	marcia	?	?	DET ADV NOUN	, c' è la malinconia crepuscolare di un gruppo dirigente assediato da notizie economiche sconfortanti e che punta , secondo	gli ante marcia	del reaganismo , non più su churchill , ma su chamberlain , per riscrivere i propri rapporti con la cortina di
REPUBBLICA	ante	litteram	?	?	DET ADJ ADV NOUN	tra evidenti , accreditate anche se meno evidenti , e incerte ) , si percepisce la sensazione di assistere a	una ghezzata ante litteram	, a un brano concepito secondo la stessa sensibilità critica ma con largo anticipo su di essa ; già bell'
REPUBBLICA	ante	imposte	?	?	DET ADJ ADV NOUN	ha fatturato l' anno scorso più di 1600 miliardi , ha	un utile ante imposte	che è pari al 20 % del fatturato .
REPUBBLICA	ante	imposte	?	?	DET ADJ ADV NOUN	risultati così brillanti : per cautela , la nota della sasib avverte che il sensibile miglioramento dell' utile operativo e	dell' utile ante imposte	è stato influenzato in maniera rilevante anche dall' eccezionale concentrazione delle vendite nel primo semestre .
REPUBBLICA	ante	imposte	?	?	DET ADJ ADV NOUN	snia bpd la società presieduta da antonio coppi nel primo semestre ha registrato	un utile ante imposte	di 115,4 miliardi contro gli 80,7 miliardi dello stesso periodo dell' 89 .
REPUBBLICA	ante	imposte	?	?	DET ADJ ADV NOUN	ha molti mercati europei , ha	un utile ante imposte	che è del 20 % del fatturato , è corteggiatissima .
REPUBBLICA	ante	litteram	?	?	DET ADJ ADV NOUN	ne ha interpretato la modernità in senso esattamente opposto , come una sorta di molto comica e sommariamente caratterizzata commedia	all' italiana ante litteram	.
REPUBBLICA	ante	imposte	?	?	DET ADJ ADV NOUN	per l' editoriale la repubblica	l' utile ante imposte	è stato di 22,5 miliardi ( 19,6 nel semestre 1990 ) , mentre il fatturato è cresciuto da 197,8 a
REPUBBLICA	ante	litteram	?	?	DET ADJ ADV NOUN	, franchi , sassoni etc. ) e che sono il seme dei moderni stati europei , non erano altro che	degli extracomunitari ante litteram	.
REPUBBLICA	ante	imposte	?	?	DET ADJ ADV NOUN	la akros sim ha registrato	un utile ante imposte	di 133 milioni , al netto di 271 milioni di svalutazione del portafoglio titoli e ricavi per oltre 6 miliardi
REPUBBLICA	ante	imposte	?	?	DET ADJ ADV NOUN	simcomit si è chiuso con un utile netto di 8,2 miliardi ,	un utile ante imposte	di 17,6 miliardi e ricavi operativi per oltre 30 miliardi il bilancio 1993 della simcomit , società di intermediazione mobiliare
REPUBBLICA	ante	imposte	?	?	DET ADJ ADV NOUN	primo semestre dell' anno con un fatturato di 44,2 miliardi ( 39,5 nei primi sei mesi del '93 ) ed	un utile ante imposte	di 6,4 miliardi rispetto ai 12,9 miliardi dello scorso anno .
REPUBBLICA	ante	litteram	?	?	DET ADJ ADV NOUN	di carriera agli esteri , due professori all' istruzione , il direttore della banca europea degli investimenti al bilancio ,	un ecologista ante litteram	all' ambiente .
REPUBBLICA	ante	imposte	?	?	DET ADJ ADV NOUN	imposte dei primi sei mesi '95 ( si pensi che nel primo semestre di quest' anno la fiat ha realizzato	un utile ante imposte	pari a quello dei dodici mesi del '94 ) .
REPUBBLICA	ante	imposte	?	?	DET ADJ ADV NOUN	un fatturato consolidato di 76 mila miliardi , un successo di prodotto anche per effetto di bravo e brava ,	un utile ante imposte	triplicato a fine giugno e dunque l' attesa di un utile netto quasi raddoppiato rispetto ai mille e undici miliardi
REPUBBLICA	ante	imposte	?	?	DET ADJ ADV NOUN	crescita dei ricavi , ma anche	dell' utile ante imposte	che da 727 miliardi dei primi sei mesi del '94 sale a 2153 miliardi del corrispondente periodo '95 , un
REPUBBLICA	ante	imposte	?	?	DET ADJ ADV NOUN	nel periodo considerato	l' utile ante imposte	è ammontato a 25,6 miliardi ( più 16,9 % ) , l' utile ordinario a 19,6 miliardi ( più 1
REPUBBLICA	ante	litteram	?	?	DET ADJ ADV NOUN	fu un divoratore di immagini e di stili ,	un postmoderno ante litteram	.
REPUBBLICA	ante	litteram	?	?	DET ADJ ADV NOUN	" sono di sinistra ,	un pacifista ante litteram	.
REPUBBLICA	ante	imposte	?	?	DET ADJ ADV NOUN	dalmine il gruppo dalmine ha chiuso il primo semestre dell' anno con	un utile ante imposte	di 19,9 miliardi , contro i 28,8 miliardi realizzati nell' analogo periodo del 1996 , dopo lo stanziamento ammortamenti e
REPUBBLICA	ante	imposte	?	?	DET ADJ ADV NOUN	ne ha beneficiato ovviamente	l' utile ante imposte	, pari nei primi nove mesi a 3.292 miliardi , rispetto ai 1.759 miliardi dei primi nove mesi '96 .
REPUBBLICA	ante	imposte	?	?	DET ADJ ADV NOUN	quanto	all' utile ante imposte	, da 3.800 miliardi è salito a 4.200 miliardi e , a differenza del '96 , non per effetto di
REPUBBLICA	ante	imposte	?	?	DET ADJ ADV NOUN	dei conti '97 approvati dall' ultimo consiglio del 31 gennaio : poco meno di 90 mila miliardi di fatturato ,	un utile ante imposte	di 4.200 miliardi , una posizione finanziaria netta di 2.400 miliardi contrapposta a un indebitamento di 2.200 miliardi con creazione
REPUBBLICA	ante	litteram	?	?	DET ADJ ADV NOUN	il nuovo autore di culto tra i sedicenni è lui , philip dick ,	il teorico ante litteram	della narrativa cyberpunk , il poeta maledetto della fantascienza , lo scrittore americano che ha ispirato blade runner .
REPUBBLICA	ante	litteram	?	?	DET ADJ ADV NOUN	gli ebrei superstiti nell' europa della guerra finita furono	degli extracomunitari ante litteram	.
REPUBBLICA	ante	imposte	?	?	DET ADJ ADV NOUN	casa d' aste passando dal 10,016 % all' 11,236 % , finarte ha chiuso il primo semestre con una crescita	dell' utile ante imposte	consolidato a 1,73 miliardi da 914 milioni del corrispondente periodo del 1997 .
REPUBBLICA	ante	litteram	?	?	DET ADV NOUN	vogliosi di disputar- si i favori di una ragazza ( daniela dessì , in cui potremmo quasi riconoscere un' eva	mikula ante litteram	) e l' affermazione di potere all' interno di un clan o d' una cerchia ristretta di uomini sopra la legge
REPUBBLICA	ante	imposte	?	?	DET ADJ ADV NOUN	risultati che sempre nei primi otto mesi del '99 hanno permesso di conseguire ricavi per 174 miliardi e	un utile ante imposte	di 26,5 .
REPUBBLICA	ante	litteram	?	?	DET ADJ ADV NOUN	davide e golia si contendono il grande philip k. dick ,	il teorico ante litteram	della narrativa ciberpunk , lo scrittore americano più visionario e profetico , più impasticcato e paranoico , il geniale autore
REPUBBLICA	ante	imposte	?	?	DET ADJ ADV NOUN	art ' è nel '99 ha realizzato	un utile ante imposte	di 11 miliardi e un fatturato di 50 miliardi , in crescita del 44 % .
REPUBBLICA	ante	litteram	?	?	DET ADJ ADV NOUN	nel 1790 , ad esempio , ha fatto un suo personalissimo grand tour : come	un hippy ante litteram	se ne è andato per tre mesi , a piedi , nel nord italia , in svizzera , in francia
WIKICONLL	ante	imposte	?	?	DET ADJ ADV NOUN	denominati oneri finanziari , che esso genera possono essere usati in sede di stesura del bilancio d' esercizio per diminuire	l' utile ante imposte	, permettendo un abbattimento delle stesse , aumentando così il valore dell' impresa ) .
