REPUBBLICA	appena	maggiorenne	?	?	DET ADV NOUN	quello che ormai è passato alle cronache come attacco b. largo ai panchinari dunque con l' esordio in partita ufficiale	dell' appena maggiorenne	mauro de riggi che questa mattina ha sostenuto la prova di italiano per essere ammesso all' ultimo anno dell' istituto per
REPUBBLICA	appena	resa	?	?	DET ADV NOUN	al di là dei 10.000 miliardi che si rendono necessari per acquistare sul mercato una quota in grado di contrastare	quella appena resa	nota ( ieri in borsa il titolo capitalizzava 34.000 miliardi ) vi è poi l' alleanza stretta tra la compagnia e
REPUBBLICA	appena	scomparsa	?	?	DET ADV NOUN	un bel ritmo per un' alfa , superiore anche a quello	dell' appena scomparsa	33 che , con poco meno di un milione di unità prodotte in quasi dieci anni , è la berlina a
REPUBBLICA	appena	contenuto	?	?	DET ADV NOUN	ma basta grattare la superficie per toccare	un appena contenuto	risentimento .
WIKICONLL	appena	ventunenne	?	?	DET ADV NOUN	solito torino e lo spettacolare lanerossi , vivace neopromossa che , per il suo gioco spumeggiante votato all' attacco (	l' appena ventunenne	paolo rossi si laureò capocannoniere con ben 24 gol al termine del campionato ) , si guadagnò il nomignolo di real
WIKICONLL	appena	ventunenne	?	?	DET ADV NOUN	dalla stagione 2006-2007 diventa titolare inamovibile nella squadra giallorossa , scavalcando definitivamente nelle gerarchie di squadra	l' appena ventunenne	gianluca curci , grazie alle sue brillanti prestazioni e a quelle incerte ed incostanti del giovane estremo difensore romano .
WIKICONLL	appena	ventunenne	?	?	DET ADV NOUN	dopo esser- si qualificato con una buona graduatoria ,	l' appena ventunenne	leon viene assunto presso il dipartimento di polizia della cittadina di raccoon city , nel 1998 .
WIKICONLL	appena	maggiorenne	?	?	DET ADV NOUN	javier ha giocato a rugby ed ha conseguito la maturità , la famiglia iturriaga si trasferisce a bilbao , dove	l' appena maggiorenne	javier viene tesserato nelle file del baskonia .
WIKICONLL	appena	dodicenne	?	?	DET ADV NOUN	nel brano	un appena dodicenne	michael jackson cantava un serioso brano d' amore , con i cori dei fratelli .
ITWAC	appena	diciannovenne	?	?	DET ADV NOUN	stile della band , i due fratelli rutten - dopo averla vista cantare in un pub - decidono di reclutare	l' appena diciannovenne	anneke van giesbergen , con un passato nel jazz già abbastanza consistente , ed alla fine del 1995 è già capolavoro
ITWAC	appena	miglioramento	?	?	DET ADV NOUN	decodificatori si sia fermata e le cifre ampiamente truccate sul numero dei pezzi già venduti rendano improbabile sia pure con	un appena miglioramento	dell' ascolto coprire i costi delle apparecchiature richieste e la loro messa in opera , la riuscita dell' operazione punta sullo
ITWAC	appena	venticinquenne	?	?	DET ADV NOUN	guerra civile momoh viene destituito da un colpo di stato militare ad opera di alcuni dei suoi stessi soldati guidati	dallo appena venticinquenne	capitano valentine strasser .
ITWAC	appena	trentenne	?	?	DET ADV NOUN	tutto questo è " passato prossimo " , opera prima di	un' appena trentenne	maria sole tognazzi sensibile figlia d' arte , regista e co-sceneggiatrice del film insieme a daniele prato .
ITWAC	appena	uscita	?	?	DET ADV NOUN	fosse stato affrancato con l' italia turrita o con	l' appena uscita	michelangiolesca , l' illustre aerogramma varrebbe pochi euro .
ITWAC	appena	passato	?	?	DET ADV NOUN	venerdì , 28 novembre 2003 ore 12:05 comunicato stampa : la camera oscura di beyond good & evil -	dall' appena passato	20 novembre è iniziata la distribuzione di " beyond good & evil " ( prezzo da 48,00 a 55,00 euro a
ITWAC	appena	sedicenne	?	?	DET ADV NOUN	fontana , ex campionessa italiana trasferitasi negli usa per dedicarsi al professionismo , una ventata di novità l' ha portata	l' appena sedicenne	carolina kostner in grado , negli ultimi sei mesi , di centrare risultati internazionali da capogiro .
ITWAC	appena	uscita	?	?	DET ADJ ADV NOUN	spostandosi dai bassifondi londinesi dove vivono dei barboni che cambieranno la vita di una distinta signora alle campagne venete dove	una contadina appena uscita	dal manicomio scatena la rivoluzione in una fabbrica .
ITWAC	appena	citata	?	?	DET ADV NOUN	tra le tante ,	l' appena citata	legenda trium sociorum ci dice che l' apparizione delle stimmate fu accompagnata dalla dolce visione di un luminoso serafino dalle sei
ITWAC	appena	ventiseienne	?	?	DET ADV NOUN	trapiantato in california dal 1968 ,	l' appena ventiseienne	faggin viene assunto dalla intel per la quale progetta e realizza il primo microprocessore su singolo chip , il 4004 ,
ITWAC	appena	testa	?	?	DET ADV NOUN	" miro piega	la appena testa	verso la spalla e si morde il labbro di sopra .
ITWAC	appena	ragazzo	Kinship	?	DET ADV NOUN	dove si recò	un appena ragazzo	henry per aiutare le modeste condizioni economiche della famiglia , vendendo dapprima giornali per strada poi recapitando , come fattorino ,
ITWAC	appena	diciannovenne	?	?	DET ADV NOUN	si tratta	dell' appena diciannovenne	palestinese yousra al azam .
ITWAC	appena	trentenne	?	?	DET ADV NOUN	ritmando la storia con le note di " i will survive " di gloria gaynor ,	l' appena trentenne	sorrentino mostra indiscutibilmente un buon talento narrativo , seppur il suo stile sia ancora da alleggerire e da movimentare .
ITWAC	appena	visto	?	?	DET ADV NOUN	saluti edited by - nettuno on 22/01/2002 11:19:38 giorgio senior member sud sardegna 875 posts posted - 23/01/2002 : 00:19:22	lo appena visto	.
ITWAC	appena	diciassettenne	?	?	DET ADV NOUN	viene in mente la pagina	dell' appena diciassettenne	primo mazzolari , che scriveva , con schiettezza e lungimiranza , dopo aver incontrato compagni di seminario troppo attivi nelle elezioni
ITWAC	appena	vista	?	?	DET ADJ ADV NOUN	passiamo , quindi , alla bicicletta completa , montata con	l' accessoristica appena vista	e con gruppo di montaggio chorus : 7.196.000 lire .
ITWAC	appena	ventunenne	?	?	DET ADV NOUN	tra loro	l' appena ventunenne	amadou bakthiar depina un nome da sengare perché farà sicuramente parlare di sé .
ITWAC	appena	venticinquenne	?	?	DET ADV NOUN	stesso 1934 , dopo una quindicina di giorni dalla conclusione di riflessioni : l' esperienza in fabbrica sconvolge la vita	dell' appena venticinquenne	insegnante di filosofia .
ITWAC	appena	ventenne	?	?	DET ADV NOUN	prima dello scoppio della guerra del 1915 - 18 ,	un' appena ventenne	beatrice debuttò nel west end in una commedia di noel coward e poi recitò a fianco di gertrude lawrence e jack
ITWAC	appena	diciottenne	?	?	DET ADV NOUN	una storia d' amore appassionato quella	dell' appena diciottenne	giovanna per l' affascinante principe per il quale arriverà persino a dimenticare i propri obblighi politici in nome del suo incommensurabile
ITWAC	appena	sedicenne	?	?	DET ADV NOUN	confine con l' ucraina , esisteva un locale annesso alla lavanderia , dove 20 donne ebree , sotto la guida	della appena sedicenne	polacca micha spira ( poi uccisa durante un tentativo di fuga ) , erano costrette a disfare continuamente migliaia di maglioni
ITWAC	appena	visto	?	?	DET ADV NOUN	la sua poetica , immaginando una dimensione nuova da rappresentare , tra	l' appena visto	e il trasognato , descrive luoghi dove i sogni hanno profumo di mistero , dove si vaga tra l' indistinto e
ITWAC	appena	venticinquenne	?	?	DET ADV NOUN	david gordon green ( usa 1999 , 89 ' ) una storia che colpisce e fa pensare , quella che	l' appena venticinquenne	david gordon green , al suo esordio alla regia di lungometraggio dopo diversi corti , firma con gerorge washington .
ITWAC	appena	citata	?	?	DET ADV NOUN	, mentre l' obbligo del successivo versamento alla regione attiene all' accennato vincolo regione - provincia - comune armonicamente disciplinato	dall' appena citata	l. r. 44/1982 .
ITWAC	appena	fatti	?	?	DET ADJ ADV NOUN	cotto , travi di castagno , volte a crociera vi culleranno la notte , mentre il profumo	dei dolci appena fatti	vi sveglierà il mattino .
ITWAC	appena	ventenne	?	?	DET ADV NOUN	i principi elettori elessero a francoforte il 28 giugno 1519 ,	l' appena ventenne	carlo v di spagna , figlio di filippo d' asburgo e giovanna di castiglia , incoronato ad aquisgrana nell' ottobre 1520
ITWAC	appena	fatto	?	?	DET ADV NOUN	cavolo se ho sbagliato visto che	lo appena fatto	ho una memoria cortissima ...
ITWAC	appena	sufficienza	?	?	DET ADV NOUN	apriscatole per scassinarli : 1 su 4 , almeno , ha preso f ( partendo dall' ottimo a si scende	all' appena sufficienza	di d e poi si precipita ancora ) in una recentissima pagella stilata dal general accounting office e da una squadra
ITWAC	appena	uscita	?	?	DET ADV NOUN	torno dal concerto con l' aria di	una appena uscita	dalla doccia ma l' odore di una appena uscita da un letamaio e tento di riprendere fiato per leggere durante il
ITWAC	appena	uscita	?	?	DET ADV NOUN	torno dal concerto con l' aria di una appena uscita dalla doccia ma l' odore di	una appena uscita	da un letamaio e tento di riprendere fiato per leggere durante il salone del fuoco .
ITWAC	appena	fatto	?	?	DET ADJ ADV NOUN	è entrato tra	i papabili appena fatto	cardinale nel 2003 , ed è salito rapidamente di quota .
ITWAC	appena	sedicenne	?	?	DET ADV NOUN	confine con l' ucraina , esisteva un locale annesso alla lavanderia , dove 20 donne ebree , sotto la guida	della appena sedicenne	polacca micha spira ( poi uccisa durante un tentativo di fuga ) , erano costrette a disfare continuamente migliaia di maglioni
ITWAC	appena	diciannovenne	?	?	DET ADV NOUN	e tanti tailleur la passione	dell' appena diciannovenne	couturier .
ITWAC	appena	ventiseienne	?	?	DET ADV NOUN	spoleto sarà lo scenario di eventi artistici e musicali di alto livello , a cominciare dal concerto di inaugurazione diretto	dall' appena ventiseienne	mikko franck , una delle novità annunciate di questa kermesse .
ITWAC	appena	passato	?	?	DET ADJ ADV NOUN	ciao a tutti , volevo ringraziarvi ancora per	il semestrale appena passato	, grandioso oserei dire , fà piacere trovare tanti amici che condividono alcuni interessi lavorativi .
ITWAC	appena	sedicenne	?	?	DET ADV NOUN	da segnalare banditi	dell' appena sedicenne	tommaso lipari sul fenomeno dei riders e il trombettiere dei morti di maurizio maggiani , vincitore dei premi letterari campiello e
ITWAC	appena	vista	?	?	DET ADV NOUN	analogamente si può pensare alla gsm-card come identica per struttura	alla appena vista	wlan-card sostituendo la sequenza di chip con una di bit e la modulazione qpsk con la gmsk ( gaussian minimum shift
ITWAC	appena	venticinquenne	?	?	DET ADV NOUN	e così il periodo culminante della riflessione fichteana si colloca negli ultimissimi anni del settecento , quando sarà surclassato	dall' appena venticinquenne	schelling , il cui predominio si estenderà fino al 1807 e non oltre : a questo punto entrerà in gioco hegel
ITWAC	appena	ventenne	?	?	DET ADV NOUN	nel 1929	un appena ventenne	alberto moravia pubblica gli indifferenti .
ITWAC	appena	ventenne	?	?	DET ADV NOUN	un libro ai margini che ha consacrato il suo autore ,	l' appena ventenne	j.t. leroy , a vero caso editoriale sia negli stati uniti che in inghilterra .
ITWAC	appena	scoperte	?	?	DET ADJ ADV NOUN	il 1500 , vuoi per l' impoverimento del fiume , e per la maggiore quantità d' oro circolante , proveniente	dalle americhe appena scoperte	, il mestiere decadde ; e d' allora il diritto di cavare metalli dal fiume , non si distinse più
ITWAC	appena	scoperte	?	?	DET ADV NOUN	del xvi secolo ed era apparsa agli europei come il mezzo principale per lo sfruttamento delle potenzialità agricole e minerarie	delle appena scoperte	americhe .
ITWAC	appena	viste	?	?	DET ADV NOUN	grazie soprattutto	alle appena viste	caratteristiche , egli ha evidenziato l' alterità ( grammaticale e sintattica ) che caratterizza il proprio mezzo di comunicazione nei confronti
ITWAC	appena	diciottenne	?	?	DET ADV NOUN	ottobre , ferdinando i imperatore d' austria , costretto dagli eventi interni , concede la costituzione e abdica in favore	dell' appena diciottenne	francesco giuseppe .
ITWAC	appena	scomparsa	?	?	DET ADV NOUN	offeso dalla mancata assegnazione della benemerenza civica	all' appena scomparsa	camilla cederna e anche dalle polemiche con cui parecchi esponenti politici avevano accolto la notizia del suo nobel .
ITWAC	appena	defunta	?	?	DET ADV NOUN	la reazione a tutto ciò che sa di passato , al modo di vita	della appena defunta	germania guglielmina , assume un' evidenza visiva e pratica molto forte nell' architettura e nelle arti applicate .
ITWAC	appena	onesto	?	?	DET ADV NOUN	matilde ( audrey tautou in un' interpretazione intensa ) , non ricevendo più notizie dal fidanzato manech (	un appena onesto	gaspard ulliel ) , partirà alla sua ricerca .
ITWAC	appena	ventenne	?	?	DET ADV NOUN	idee del grande del giornalismo italiano e dare un contributo per sdoganare la destra in italia : fu così che	l' appena ventenne	umberto moscato scrisse una lettera a indro montanelli pubblicata sul giornale .
ITWAC	appena	sedicenne	?	?	DET ADV NOUN	e' il trampolino di lancio-rivelazione	dell' appena sedicenne	naomi campbell , insieme ad altre quattro veneri di colore , ione brown , collette brown , gillian de turville e
ITWAC	appena	uscita	?	?	DET ADJ ADV NOUN	presentazione decorare il piatto con frutta di stagione , disporvi la salsa quindi	la tortina appena uscita	dal forno .
