REPUBBLICA	domani	più	?	?	DET ADV NOUN	il muro di gomma democristiano a difesa della spesa che è anche consenso , i giuramenti socialisti al paese di	un domani più	comodo a portata di mano , la fragilità del pentapartito quando si tratta di economia .
REPUBBLICA	domani	sera	?	?	DET ADV NOUN	poi ha chiamato trussardi e gli ha chiesto un biglietto-omaggio per l' ammiratore : " il quadro se vuoi glielo	dai domani sera	al concerto " , ha poi sussurrato lo stilista al pittore , nella preoccupazione che frank si spazientisse .
REPUBBLICA	domani	mattina	?	?	DET ADJ ADV NOUN	reciproche concessioni teoricamente sono previste due sessioni oggi e	una conclusiva domani mattina	ciascuna della durata di un paio d' ore .
REPUBBLICA	domani	mattina	?	?	DET ADJ ADV NOUN	maxi , come hanno cominciato a chiamar- lo qui prima ancora che cominciasse -- è finito : oggi , o	al massimo domani mattina	, i due magistrati e i sei giudici popolari , quattro uomini e due donne , che sono in clausura
REPUBBLICA	domani	mattina	?	?	DET ADJ ADV NOUN	l' anatomopatologo svolgerà l' esame sul corpo	della giovane domani mattina	e anche dalle sue considerazioni finali dipenderanno le accusse che verranno contestate all' imputato , il quale per ora è
REPUBBLICA	domani	sera	?	?	DET ADJ ADV NOUN	contro	i danesi domani sera	( 110 milioni di incasso nella prevendita ) vicini continuerà a sperimentare il tandem d' attacco vialli-serena .
REPUBBLICA	domani	mattina	?	?	DET ADV NOUN	sempre se	un domani mattina	ci sarà .
REPUBBLICA	domani	incerto	?	?	DET ADV NOUN	convinti che essa conferisca al suo titolare poteri larghissimi : tali da costituire un contropotere rispetto al parlamento e in	un domani incerto	l' embrione d' una dittatura .
REPUBBLICA	domani	sera	?	?	DET ADV NOUN	giro ( fra gli invitati gianni agnelli ) , una colazione all' harri 's dolci , un pranzo stasera e	uno domani sera	a ca ' dario , il pregiato palazzo del primo rinascimento veneziano acquistato dal nababbo gardini e reso fosco nei secoli
REPUBBLICA	domani	sera	?	?	DET ADV NOUN	le previsioni sembrano a molti anche troppo banali e forse la giuria cercherà di sottrar- se- ne sorprendendo	molti domani sera	col suo verdetto .
REPUBBLICA	domani	piazza	?	?	DET ADV NOUN	a firenze abbiamo chiuso dall' oggi	al domani piazza	del duomo e i lungarni : il provvedimento è stato accettato .
REPUBBLICA	domani	peggiore	?	?	DET ADV NOUN	) noi possiamo anche immaginar- ci	un domani peggiore	dell' oggi ( ...
REPUBBLICA	domani	mattina	?	?	DET ADJ ADV NOUN	una convention	all' americana domani mattina	, al palatrussardi di milano , mario segni aprirà la campagna referendaria per una nuova legge elettorale , basata sul
REPUBBLICA	domani	presidente	Role	?	DET ADV NOUN	senna aspira a diventare	un domani presidente	del brasile , cosa volete che gli importi di votare contro una improbabile monarchia brasiliana ?
REPUBBLICA	domani	peggiore	?	?	DET ADV NOUN	si comincia a immaginare	un domani peggiore	dell' oggi , si rinuncia al superfluo , si lima l' indispensabile .
REPUBBLICA	domani	i	?	?	DET ADV NOUN	in qualche sessione negoziale , ma di voler- si invece fare avvocato di uno dei contendenti , sperando di incassare	un domani i	dividendi politici ed economici nel mondo arabo , e segnando al tempo stesso dei punti contro gli americani " .
REPUBBLICA	domani	sera	?	?	DET ADJ ADV NOUN	al termine del lungo tour da milano a napoli , dopo la tappa sulle spiagge sarde , per poter dire	la sua domani sera	quando a casa del presidente verrà programmato il futuro nerazzurro .
REPUBBLICA	domani	comitato	?	?	DET ADJ ADV NOUN	merrill lynch ha terminato	l' istruttoria domani comitato	esecutivo a piazza scala .
REPUBBLICA	domani	bossi	?	?	DET ADV NOUN	certo , se	un domani bossi	si ritrovasse l' automobile imbottita di droga , faccia un pensierino a quel libro di miglio .
REPUBBLICA	domani	mattina	?	?	DET ADJ ADV NOUN	noi siamo pronti a rimetter- ci a comprare come	dei matti domani mattina	.
ITWAC	domani	logica	?	?	DET ADV NOUN	/ tra sapere e potere trame 4 / la memoria e l' oblio --- collana " tempi nuovi " scrivere	il domani logica	del capitale , intelletto scientifico e riproduzione di società http://www.pendragon.it/libri/tempi_nuovi/libro-344.html di roberto di marco , emanuele montagna , franco soldani un
ITWAC	domani	mattina	?	?	DET ADV NOUN	jennifer , mobilita la fantastic force , li voglio qu	i domani mattina	alle 5.00 a.m. e che vengano sotto copertura .
ITWAC	domani	cantata	?	?	DET ADV NOUN	in posizione 237 c' è noi e	il domani cantata	da elisa bugin con 0 voti .
ITWAC	domani	prete	Job or Career	?	DET ADV NOUN	ma prima di essere seminarista e	un domani prete	sono un uomo e lo sarò sempre .
ITWAC	domani	relazione	?	?	DET ADV NOUN	discutiamo dell' oggi per preparare	il domani relazione	introduttiva di manlio cammarata - 05.05.05 presentazione del forum come partecipare al forum on line le relazioni la tavola rotonda del
ITWAC	domani	museo	?	?	DET ADV NOUN	sir srl , le idee che cambiano	il domani museo	del patrimonio industriale scuolaofficina n. 1 , 1999 sir sistemi industriali robotizzati srl , azienda attiva da quindici anni nel settore
ITWAC	domani	atti	?	?	DET ADV NOUN	l' europa dalla a alla z guida all' integrazione europea autore : commissione europea editore : documentazione europea 291 riguadagnare	il domani atti	del convegno 4 ottobre 1996 brescia autore : provincia di brescia assessorato formazione professionale editore : provincia di brescia 292 donne
ITWAC	domani	domenica	?	?	DET ADV NOUN	duathlon a viadagola si chiude la stagione col campionato provinciale uisp	il domani domenica	14 ottobre 2001 la solita festa .
ITWAC	domani	giovedì	?	?	DET ADV NOUN	pagina granarolo , un anno da ricordare sabato giornata di festeggiamenti per la società che vanta campioni in tantissime specialità	il domani giovedì	8 novembre 2001 più di duecento atleti danno vita a piccole e grandi imprese .
ITWAC	domani	mercoledì	?	?	DET ADV NOUN	ad inizio pagina a san giovan ni brilla la leggenda ferraresi triathlon : nella gara femminile successo per la spaggiari	il domani mercoledì	4 settembre 2002 l a solita grande festa , vestita di entusiasmo e di passione , una vera febbre da triathlon
ITWAC	domani	servizi	?	?	DET ADV NOUN	si tratta quindi di creare le premesse tecniche per poter fornire	un domani servizi	di distance learning e teledidattica in tutta l' area interessata , oltre alla possibilità di usare laboratori attrezzati connessi ad alta
ITWAC	domani	parti	?	?	DET ADV NOUN	si potranno ottimizzare o rimpiazzare	un domani parti	del nostro cervello ma la memoria e l' identità non potranno che essere quelle del ricevente .
ITWAC	domani	conferenza	?	?	DET ADV NOUN	bosound ' 05 - a maggio bologna ve le suona -	il domani conferenza	stampa di presentazione - articolo de il domani .
ITWAC	domani	articolo	?	?	DET ADV NOUN	" la città si riempe di suoni " -	il domani articolo	uscito su il domani il 22 aprile 2004 in occasione della presentazione del 1 ° bosound festival .
ITWAC	domani	federalista	?	?	DET ADV NOUN	la rigidita' della costituzione nella sua forma repubblicana avesse per scopo impedire un ritorno alla monarchia , non opporsi ad	un domani federalista	.
ITWAC	domani	titolo	?	?	DET ADV NOUN	data : 01/08/2005 - source :	il domani titolo	: rimpasto nella giunta guidata da scopefliti data : 01/08/2005 - source : gazzetta del sud titolo : raffa : lidi
ITWAC	domani	lavoro	Qualification or Set of Circumstances	?	DET ADV NOUN	la stampa , allegato nazionale	il domani lavoro	spinner , innovazione e crescita a disposizione fino a 50 mila euro per progetti legati alle nuove tecnologie .
ITWAC	domani	museo	?	?	DET ADV NOUN	sir srl , le idee che cambiano	il domani museo	del patrimonio industriale scuolaofficina n. 1 , 1999 sir sistemi industriali robotizzati srl , azienda attiva da quindici anni nel settore
ITWAC	domani	internet	?	?	DET ADV NOUN	e se lasciamo che ci mettano lacci ed obblighi	un domani internet	potrebbe diventare un deserto , anziche' un luogo di crescita x miliardi di persone ...
ITWAC	domani	malattie	?	?	DET ADV NOUN	problemi legati alla sanità , come ad esempio quello dell' obesità : curandola sin da bambini , si potranno evitare	un domani malattie	cardiovascolari e ipertensione .
ITWAC	domani	lavoro	Qualification or Set of Circumstances	?	DET ADV NOUN	la stampa - inserto	il domani lavoro	ecco spinner a faenza spinner , il progetto che a livello regionale sostiene lo sviluppo e l' innovazione delle piccole e
ITWAC	domani	parti	?	?	DET ADV NOUN	si potranno ottimizzare o rimpiazzare	un domani parti	del nostro cervello ma la memoria e l' identità non potranno che essere quelle del ricevente .
ITWAC	domani	relazione	?	?	DET ADV NOUN	discutiamo dell' oggi per preparare	il domani relazione	introduttiva di manlio cammarata - 05.05.05 presentazione del forum come partecipare al forum on line le relazioni la tavola rotonda del
ITWAC	domani	malattie	?	?	DET ADV NOUN	chirurgia sun via santa maria in costantinopoli , 104 tavola rotonda telethon : la ricerca genetica , una speranza per	il domani malattie	neuromuscolari ; sordità ereditarie
ITWAC	domani	lavoro	Qualification or Set of Circumstances	?	DET ADV NOUN	( fonte "	il domani lavoro	" ) .
ITWAC	domani	mattina	?	?	DET ADV NOUN	salivano verso di noi in cerca di caloreâ  ¦ la libertà e la gioia che venivano dalla certezza che	il domani mattina	non sarebbe arrivato prima di molte ore .
ITWAC	domani	volo	?	?	DET ADV NOUN	scritto in viso io vivo per lei , io vivo per lei sopra un falco contro un muro anche in	un domani volo	ogni giorno una conquista , la protagonista sarà sempre lei ( insieme ) vivo per lei perché oramai io non ho
ITWAC	domani	uomini	Qualification or Set of Circumstances	?	DET ADV NOUN	mescolare assieme tutte queste cose per " produrre "	un domani uomini	capaci di opporsi alle tragedie ed agli orrori che questa storia ci prepara ?
ITWAC	domani	presidenti	Role	?	DET ADV NOUN	ho il sospetto inoltre che proprio su questa eventualità di essere	un domani presidenti	o membri di commissioni giudicatrici , alcuni riescano ad attrarre " clienti " .
ITWAC	domani	padrona	?	?	DET ADV NOUN	nazione , nell' era della soppressione delle razze , deve pensare ai migliori elementi della propria stirpe , per essere	un domani padrona	del mondo " hitler si attenne rigidamente sempre a questo progetto , anche quando si rivelò il suo programma nelle varie
ITWAC	domani	sera	?	?	DET ADV NOUN	della rai che faranno data : tribune , faccia a faccia , conferenze stampa ( emma o marco ne terranno	una domani sera	, credo ) , in orari interessanti e con una nostra partecipazione anche quantitativa di tutto rispetto , " da polo
ITWAC	domani	sentimento	?	?	DET ADV NOUN	un cuscino stretto al petto , mentre dormo nel mio letto stringo forte le tue mani , per non perderti	un domani sentimento	forte è assai l' amore nelle sue mani ho posto il mio cuore resta così come tu sei , non cercare
ITWAC	domani	donne	?	?	DET ADV NOUN	ho due desideri da sottoporti : il primo che le mie figlie diventino	un domani donne	spontanee e senza pregiudizi , così come le ho allevate .
ITWAC	domani	re	Role	?	DET ADV NOUN	e quindi noriega ( ex agente dell cia ) , saddam hussein e magari	un domani re	fahd vengono tenuti su , appoggiati e difesi finché fanno comodo .
ITWAC	domani	prete	Job or Career	?	DET ADV NOUN	ma prima di essere seminarista e	un domani prete	sono un uomo e lo sarò sempre .
ITWAC	domani	visto	?	?	DET ADV NOUN	e' la formazione di tipo fideistico più laica che ci sia , perché non prevede	un domani visto	che la partita è solo oggi .
ITWAC	domani	donne	?	?	DET ADV NOUN	ho due desideri da sottoporti : il primo che le mie figlie diventino	un domani donne	spontanee e senza pregiudizi , così come le ho allevate .
ITWAC	domani	prete	Job or Career	?	DET ADV NOUN	ma prima di essere seminarista e	un domani prete	sono un uomo e lo sarò sempre .
ITWAC	domani	sera	?	?	DET ADV NOUN	grandeeeeeeeeeeee :) grzie , penso che tu abbia risolto la mia cena	i domani sera	!
ITWAC	domani	computer	?	?	DET ADV NOUN	( elettroni o atomi )  " punti quantici "  in modo tale da porre le fondamenta per costruire	un domani computer	basati su semiconduttori quantici .
ITWAC	domani	spazio	?	?	DET ADV NOUN	piazza maresciallo giardino : oggi nodo stradale da " sfuggire " ,	un domani spazio	vivibile , piazza-ritrovo tra l ´ area del foro italico rivalorizzata e , a sua volta , collegata dal nuovo ponte
