REPUBBLICA	dopo	terremoto	?	?	DET ADV NOUN	di associazione di stampo mafioso per una serie di illeciti , compresi quelli commessi in irpinia nella concessione degli appalti	del dopo terremoto	.
REPUBBLICA	dopo	guerra	Qualification or Set of Circumstances	?	DET ADV NOUN	i primi successi , così , debbono aspettar- li fino	al dopo guerra	, quando nel '48 l' italia firma con gli usa il trattato di amicizia che " omologa sul nostro territorio "
REPUBBLICA	dopo	terremoto	?	?	DET ADV NOUN	ma spesso a ripropor- la , più dei pregiudizi , sono i fatti , concreti e ripetuti come le speculazioni	sul dopo terremoto	e i finanziamenti delle banche napoletane alle società dei boss .
REPUBBLICA	dopo	guerra	Qualification or Set of Circumstances	?	DET ADV NOUN	gli americani volevano chiudere tutto con le note di un concerto jazz , ma non siamo più	nel dopo guerra	quando ...
REPUBBLICA	dopo	concerto	?	?	DET ADV NOUN	si gratuitamente , ha provveduto all' amplificazione e alle luci e degli industriali irpini i quali hanno offerto il buffet	del dopo concerto	e le bibite .
REPUBBLICA	dopo	guerra	Qualification or Set of Circumstances	?	DET ADV NOUN	la solidarietà regionale , che potrebbe -- sull' esempio di quella che servì a incoraggiare l' europa a unir- si	nel dopo guerra	-- essere utilizzata per realizzare ancora attraverso l' iniziativa di contadora il meccanismo di un accordo , purché sorretta dalla solidarietà
REPUBBLICA	dopo	vertice	?	?	DET ADV NOUN	di aver- gli mobilitato contro la " quinta colonna " dell' opinione pubblica interna , i fatti e le sensazioni	del dopo vertice	li smentiscono drasticamente .
REPUBBLICA	dopo	elezioni	?	?	DET ADV NOUN	ci sarà , dunque ,	un dopo elezioni	anche per l' automobile ?
REPUBBLICA	dopo	gara	?	?	DET ADV NOUN	confusione nella " mixed area " dello stadio olimpico , quella dove gli atleti e i giornalisti possono incontrar- si	nel dopo gara	, è sempre notevole .
REPUBBLICA	dopo	referendum	?	?	DET ADV NOUN	pallino radicale : la prima proposta risale al 1974 , pannella l' ha rinverdita ieri da bruxelles , nell' esultanza	del dopo referendum	.
REPUBBLICA	dopo	referendum	?	?	DET ADV NOUN	governo si erano impegnati a muover- si , e a muover- si in maniera concorde , sulle soluzioni legislative per	il dopo referendum	.
REPUBBLICA	dopo	referendum	?	?	DET ADV NOUN	al presidente della regione emilia romagna e all' assessore all' industria federico castellucci , per valutare il da far- si	sul dopo referendum	.
REPUBBLICA	dopo	referendum	?	?	DET ADV NOUN	ore , forse anche oggi o domani , il governo polacco dovrebbe riunir- si a consulto per un esame politico	del dopo referendum	.
REPUBBLICA	dopo	congresso	?	?	DET ADV NOUN	già oggi il sindaco potrebbe incontrar- si a roma con martelli per ottenere garanzie precise anche per	il dopo congresso	: solo in questo caso , la crisi potrebbe rientrare , facendo tirare un sospiro di sollievo a quanti ( tifosi
REPUBBLICA	dopo	referendum	?	?	DET ADV NOUN	il fronte politico , intanto , continua a divider- si	sul dopo referendum	.
REPUBBLICA	dopo	cena	?	?	DET ADV NOUN	si , tanto che mentre una volta dicevamo che il suo era un teatro digestivo , da dopo cena (	il dopo cena	della middle class matura e danarosa ) , oggi è un teatro aperitivo , nel senso che è frequentato da giovani
REPUBBLICA	dopo	cena	?	?	DET ADV NOUN	farebbero 714120 lire , senza calcolare le doverose e cospicue mance per il guardaroba , il taxi dall' albergo ,	il dopo cena	al jimmi ' z o al living room di michele piepoli , transiti obbligatori delle follie notturne monegasche .
REPUBBLICA	dopo	anni	?	?	DET ADJ ADV NOUN	talento , di provare strade inedite , di affrontare quella lotta così occidentale che è la competizione , tanto temuta	dai sovietici dopo anni	di comodo e magari anche avvilente egualitarismo .
REPUBBLICA	dopo	terremoto	?	?	DET ADV NOUN	toccherà alla commissione d' inchiesta insediata- si nell' aprile dell' 89 fare luce sui fatti e misfatti che hanno caratterizzato	il dopo terremoto	in campania .
REPUBBLICA	dopo	liberalizzazione	?	?	DET ADV NOUN	, direttore generale del banco di napoli , spiegare il nuovo scenario in cui vengono a trovar- si le banche	del dopo liberalizzazione	e fare previsioni sul costo del denaro .
REPUBBLICA	dopo	concerto	?	?	DET ADV NOUN	non c' era , ma ha voluto far- se- lo raccontare dallo stesso pavarotti	nel dopo concerto	.
REPUBBLICA	dopo	guerra	Qualification or Set of Circumstances	?	DET ADV NOUN	realtà di un confronto molto più largo che si sta aprendo fra l' europa e l' america nel convulso periodo	del dopo guerra	fredda .
REPUBBLICA	dopo	guerra	Qualification or Set of Circumstances	?	DET ADV NOUN	gorbaciov sa ci ha dichiarato robert hormats , l' ex sherpa di reagan , che	nel dopo guerra	fredda non solo la sicurezza ma anche il benessere dell' urss dipende in larga misura dai tedeschi .
REPUBBLICA	dopo	crisi	?	?	DET ADV NOUN	e insieme bisogna anche preparar- si	al dopo crisi	.
REPUBBLICA	dopo	guerra	Qualification or Set of Circumstances	?	DET ADV NOUN	colombia e la malaysia , ieri ha persino avvicinato cuba per persuader- la a non boicottare il nuovo ordine internazionale	del dopo guerra	fredda , come ha detto il suo ambasciatore al palazzo di vetro , thomas pickering .
REPUBBLICA	dopo	guerra	Qualification or Set of Circumstances	?	DET ADV NOUN	indirettamente candidando- si , sull' esempio tedesco , a gestire l' avvio	del dopo guerra	fredda .
REPUBBLICA	dopo	guerra	Qualification or Set of Circumstances	?	DET ADV NOUN	schiacciata tra la crisi del golfo e la recessione , sembra delinear- si un' esile schiarita sulla disputa più grave	del dopo guerra	fredda .
REPUBBLICA	dopo	guerra	Qualification or Set of Circumstances	?	DET ADV NOUN	vicepresidente quayle alle truppe americane al fronte , sembra delinear- si un' insperata , esile schiarita sulla disputa più grave	del dopo guerra	fredda .
REPUBBLICA	dopo	guerra	Qualification or Set of Circumstances	?	DET ADV NOUN	e poi , l' importante è premunir- si per	il dopo guerra	, non per quanto può succedere domani .
REPUBBLICA	dopo	crisi	?	?	DET ADV NOUN	, ha lodato l' atteggiamento controllato di israele dopo gli attacchi missilistici iracheni invitando comunque tel aviv a occupar- si	del dopo crisi	soprattutto in relazione alla questione palestinese .
REPUBBLICA	dopo	invasione	?	?	DET ADV NOUN	dentro pullula di notabili e uomini armati i quali , mitra alla mano , proteggono il primo ma significativo summit	del dopo invasione	.
REPUBBLICA	dopo	guerra	Qualification or Set of Circumstances	?	DET ADV NOUN	dallo staff di helmut kohl si spiega perché queste critiche ignorano del tutto non solo la condotta tedesca nell' era	del dopo guerra	fredda , ma anche le condizioni finanziarie della germania , che impediscono qualsiasi disegno del genere .
REPUBBLICA	dopo	comunismo	movimento culturale/politico	?	DET ADV NOUN	tono i senatori democratici -- pochissime voci si sono levate contro il guerriero della fredda guerra che reggerà la cia	nel dopo comunismo	.
REPUBBLICA	dopo	comunismo	movimento culturale/politico	?	DET ADV NOUN	lo ammira : " è il massimo prammatista che abbiamo mai avuto , forse il più adatto a governar- ci	nel dopo comunismo	" .
REPUBBLICA	dopo	guerra	Qualification or Set of Circumstances	?	DET ADV NOUN	necessità che la nato contribuisca a mantenere stabile il mondo e che instauri una costruttiva collaborazione con gli ex nemici	nel dopo guerra	fredda " .
REPUBBLICA	dopo	guerra	Qualification or Set of Circumstances	?	DET ADV NOUN	il primo summit	del dopo guerra	fredda coll ' amico-nemico giappone le ha lasciato un gusto amaro in bocca : gigante militare , si è vista trattare
REPUBBLICA	dopo	mercato	Qualification or Set of Circumstances	?	DET ADV NOUN	di ulteriori sinergie verso la nascita di holding , un' evoluzione necessaria questa per reggere la concorrenza nazionale e internazionale	del dopo mercato	unico e contenere i costi .
REPUBBLICA	dopo	comunismo	movimento culturale/politico	?	DET ADV NOUN	mondiale e della guerra fredda , agli eccessi della reganomics , clinton , esponente della generazione del vietnam , teso	al dopo comunismo	, appare un uomo nuovo : non il " dealer " abitua- le , l' affarista del profondo sud , ma
REPUBBLICA	dopo	cena	?	?	DET ADV NOUN	naufragio nell' arresa e nemmen troppo sogghignante esibizione dell' ovvio ( ad esempio : " la cena terminò e venne	il dopo cena	" ; oppure : " ogni bagno ha un inizio e una fine .
REPUBBLICA	dopo	mercato	Qualification or Set of Circumstances	?	DET ADV NOUN	e i cambisti del governatore ciampi tornano a vigilare i monitor , a controllare il mercato e	il dopo mercato	.
REPUBBLICA	dopo	referendum	?	?	DET ADV NOUN	risiede il nodo del litigio che rischia di mutilar- ne l' efficienza , l' altra incognita che complica ed imbroglia	il dopo referendum	francese .
REPUBBLICA	dopo	guerra	Qualification or Set of Circumstances	?	DET ADV NOUN	sono questioni importanti anche per gli stati uniti perché la partnership italo americana è tanto cruciale per noi	nel dopo guerra	fredda quanto lo fu nella guerra fredda " .
REPUBBLICA	dopo	guerra	Qualification or Set of Circumstances	?	DET ADV NOUN	, e che " fa solo proclami " , invece di fornire al mondo la leadership di cui ha bisogno	nel dopo guerra	fredda .
REPUBBLICA	dopo	guerra	Qualification or Set of Circumstances	?	DET ADV NOUN	dice in sostanza il messaggio di kohl a ghali , bonn non può più permetter- si , nel mondo complesso	del dopo guerra	fredda , di restare ' un gigante economico e un nano politico ' : non può più limitare l' esercizio della
REPUBBLICA	dopo	terremoto	?	?	DET ADV NOUN	lauro ; e la richiesta di archiviazione per l' ex sindaco pci maurizio valenzi , indagato per concussione nell' istruttoria	sul dopo terremoto	.
REPUBBLICA	dopo	terremoto	?	?	DET ADV NOUN	alle critiche di verdi e rete per aver collaudato , a pagamento , come altri suoi colleghi , le opere	del dopo terremoto	e per avuto un atteggiamento troppo prudente nei confronti dei potenti .
REPUBBLICA	dopo	corsa	?	?	DET ADV NOUN	c' è chi ipotizza per oggi	un dopo corsa	fibrillante di verifiche ed eventuali " sorprese " .
REPUBBLICA	dopo	guerra	Qualification or Set of Circumstances	?	DET ADV NOUN	, privando- si fin dall' inizio di un disegno di politica estera , di una guida di comportamento internazionale per	il dopo guerra	fredda .
REPUBBLICA	dopo	guerra	Qualification or Set of Circumstances	?	DET ADV NOUN	bisogna " rifondare l' europa " al fine di adattar- la al mondo	del dopo guerra	fredda ?
REPUBBLICA	dopo	referendum	?	?	DET ADV NOUN	il compito di dini è convincer- li di voler fare sul serio , nonostante gli intoppi politici	del dopo referendum	; il suo obiettivo è rafforzare la credibilità del paese : ieri sera , nella prima cena di lavoro di questo
REPUBBLICA	dopo	i	?	?	DET ADV NOUN	ad accennare al fatto che " la riforma presentata dal governo era l' unica possibile prima dei referendum e resta	tale dopo i	referendum " .
REPUBBLICA	dopo	terremoto	?	?	DET ADV NOUN	da parlamentari arrestati o inquisiti , chiede al governo nazionale di sostituir- si a quello regionale per gestire la ricostruzione	del dopo terremoto	.
REPUBBLICA	dopo	campagna	Event	?	DET ADV NOUN	della turco è un tentativo di costruire un movimento trasversale di parlamentari capace di non far- le uscire battute anche	dal dopo campagna	elettorale .
REPUBBLICA	dopo	concerto	?	?	DET ADV NOUN	ma non è solo una boutade come ha spiegato rossi	nel dopo concerto	: " è un po' che ci sto pensando e lo farò di sicuro : voglio incidere un disco da cantante
REPUBBLICA	dopo	guerra	Qualification or Set of Circumstances	?	DET ADV NOUN	bombe dei terroristi , nell' estate olimpica , non sono le sole a ricordar- ci quali insidie minaccino la pace	del dopo guerra	fredda .
REPUBBLICA	dopo	gara	?	?	DET ADV NOUN	e vai così , bisognava pur presentar- si agli stranieri	del dopo gara	, fa niente se " viola " è un concetto un po' vago negli states e l' americano domanda : "
REPUBBLICA	dopo	terremoto	?	?	DET ADV NOUN	e di comportamenti dannosi per le pubbliche finanze ( rammento vicende legate alla forestazione calabrese , agli enti lirici ,	al dopo terremoto	in irpina , all' uso disinvolto di beni pubblici e tante altre ) .
REPUBBLICA	dopo	cena	?	?	DET ADV NOUN	così il premier scorrazza : un tè qui ,	un dopo cena	a casa dei vicini , un trekking a sfondo archeologico , persino due passi tra le torri di san gimignano .
REPUBBLICA	dopo	cena	?	?	DET ADV NOUN	venerdì aveva fatto l' alba nella hall del turin palace , prolungando	il dopo cena	con moggi e altri che avevano partecipato alla tavolata fino alle 2.40 ( c' erano anche crippa e ferrara ) .
REPUBBLICA	dopo	guerra	Qualification or Set of Circumstances	?	DET ADV NOUN	è dunque finito il grande boom americano , la più duratura congiuntura positiva	del dopo guerra	?
REPUBBLICA	dopo	cena	?	?	DET ADV NOUN	sono i tempi morti a deprimer- me ,	il dopo cena	" .
REPUBBLICA	dopo	i	?	?	DET ADV NOUN	roma , il premier ieri mattina all' umberto	i dopo i	casi dei neonati infetta- ti .
REPUBBLICA	dopo	terremoto	?	?	DET ADV NOUN	ad annifo e a verchiano , viene accolta come una sorta di liberazione dal popolo costretto a vivere nei container	del dopo terremoto	.
WIKICONLL	dopo	in	?	?	DET ADV NOUN	giovanni x morì	poco dopo in	prigione , probabilmente per soffocamento .
WIKICONLL	dopo	le	?	?	DET ADV NOUN	l’ ultima azione di disarmo operata dai tedeschi è quella contro l’ aeroporto militare che	poco dopo le	otto viene sorpreso da due camionette della wehrmacht .
WIKICONLL	dopo	le	?	?	DET ADV NOUN	correndo per prendere l’ ultimo treno diretto in città alle 21 , e dopo l’ ha chiamata dall’ appartamento londinese	poco dopo le	23 .
WIKICONLL	dopo	morte	Qualification or Set of Circumstances	?	DET ADV NOUN	di giovanni luigi valesio ( 1585 - 1650 ) , artista bolognese che godette di molta stima in vita e	poca dopo morte	.
