REPUBBLICA	futuro	presente	?	?	sarà a platea centrale per 100 persone , con scenografie diposte intorno agli spettatori , come punti cardinali di un	futuro-presente	urbano .
REPUBBLICA	futuro	presente	?	?	quale è il nostro	futuro-presente	di teatranti ?
REPUBBLICA	futuro	emittente	Qualification or Set of Circumstances	?	al	futuro-emittente	, le cp 's assicurano una maggiore flessibilità di raccolta rispetto ai prestiti organizzati attraverso sindacati .
REPUBBLICA	futuro	parte	?	?	primefilm " ritorno al	futuro-parte	iii " .
REPUBBLICA	futuro	sprind	?	?	angelo abbondio , finanza &	futuro-sprind	: " con una disponibilità di 20 milioni , l' unica cosa è un obbligazionario italiano .
REPUBBLICA	futuro	sprind	?	?	angelo abbondio , finanza &	futuro-sprind	: " io continuerei a limitar- me all' italia .
REPUBBLICA	futuro	sprind	?	?	angelo abbondio , finanza &	futuro-sprind	: " in questo caso , dividerei il portafoglio in tre parti uguali : un terzo in obbligazioni italiane ,
REPUBBLICA	futuro	boomerang	?	?	adesso quello che lui considera il figlio naturale di bettino craxi gli promette un	futuro-boomerang	in cui si potrebbe ascoltare la frase : " occhetto dice , e chi è mai occhetto ?
REPUBBLICA	futuro	sprind	?	?	e se finanza &	futuro-sprind	e la ing sviluppo hanno qualche perplessità , altri gestori italiani confermano che il periodo del silenzio ( sinonimo di
REPUBBLICA	futuro	sprind	?	?	angelo abbondio , decano di piazza affari e seguitissimo gestore di finanza &	futuro-sprind	( il suo professionale è stato nel gruppetto degli undici prodotti che hanno esordito per primi , nell' 84 )
REPUBBLICA	futuro	fininvest	?	?	confalonieri e il	futuro-fininvest	via una tv , alcune fusioni , poi l' ingresso in borsa così il cavaliere potrebbe tentare di rispondere a
REPUBBLICA	futuro	sprind	?	?	un discorso a parte per finanza e	futuro-sprind	: questa società , nata dalla fusione delle due preesistenti , ha suddiviso i fondi gestiti in due famiglie :
REPUBBLICA	futuro	governatore	Role	?		futuro-governatore	pataki -- le va bene cosi ?
REPUBBLICA	futuro	sprind	?	?	in testa alla super-classifica c' è professionale risparmio , il bilanciato di finanza &	futuro-sprind	che ha realizzato in assoluto la performance più brillante tra gli oltre 300 fondi esistenti , con un più 28,9
REPUBBLICA	futuro	donna	Qualification or Set of Circumstances	?	un' immagine imponente e variegata del	futuro-donna	.
REPUBBLICA	futuro	novità	?	?	un	futuro-novità	di priamo a sarajevo , ero e leandro in bosnia o in libano , giunone o plutone a cernobyl ,
REPUBBLICA	futuro	pattumiera	?	?	oggetti scriteriati , di mobili instabili , di arredamenti da film fantahorror , di palazzi ispirati agli agghiaccianti romanzi sul	futuro-pattumiera	del mondo androide di p.k. dick .
REPUBBLICA	futuro	onlus	?	?	" è nata e già lavora è con grandissima gioia ed emozione che comunichiamo la nascita di " donne &	futuro-onlus	" , un' associazione a valenza nazionale che vuole essere libera , indipendente da qualunque estranea ingerenza ( partiti politici
REPUBBLICA	futuro	aspettativa	?	?	nostra mente che garantisce un' avventurosa continuità ( salvo frantumazione nervosa ) fra il passato-ricordo , il presente-percezione e il	futuro-aspettativa	.
REPUBBLICA	futuro	femmina	?	?	e il posto che ha la cattiveria in questo	futuro-femmina	, scommessa del terzo millennio , è il tema di un convegno che si terrà veberdì 7 aprile a verona
WIKICONLL	futuro	nuovo	?	?	il	futuro-nuovo	.
WIKICONLL	futuro	nuovo	?	?	la speranza infatti è continuamente sottoposta al rischio , all' incertezza , deve il continuamente lottare per il	futuro-nuovo	, deve sempre " stare sul fronte " l' ottimismo militante .
WIKICONLL	futuro	presente	?	?	extè vuole rappresentare il	futuro-presente	per forme , colori , spazi e cultura posizionando- si nel mercato del pret-a-porter giovane .
ITWAC	futuro	promessa	Qualification or Set of Circumstances	?	dal	futuro-promessa	siamo passati al futuro-minaccia " , scrive galimberti .
ITWAC	futuro	minaccia	?	?	dal futuro-promessa siamo passati al	futuro-minaccia	" , scrive galimberti .
ITWAC	futuro	presente	?	?	il	futuro-presente	dell' urp vi citiamo alcune frasi inserite nella discussione di questo forum poiché riteniamo possano essere lo spunto per ulteriori
ITWAC	futuro	presente	?	?	il	futuro-presente	dell' urp , creato da redazione il 29/09/2004 " cittadino e p.a. " ( discussione iniziata il 08/10/2004 da martino
ITWAC	futuro	promessa	Qualification or Set of Circumstances	?	il	futuro-promessa	, che alimentava in chiave religiosa la fede nella salvezza e in chiave scientifica il progresso , si è trasformato
ITWAC	futuro	minaccia	?	?	che alimentava in chiave religiosa la fede nella salvezza e in chiave scientifica il progresso , si è trasformato in	futuro-minaccia	, e anche l' ipotesi di freud secondo cui la consapevolezza sarebbe subentrata e avrebbe preso il posto delle forze
ITWAC	futuro	cdl	?	?	" io mi chiedo invece dov' è finito il praticantato genuino , dove il	futuro-cdl	non viene abbandonato solo davanti ad internet a formarsi su un forum nel quale su 5.000 ...
ITWAC	futuro	possibilità	?	?	esperienze itineranti nello spazio onirico (	futuro-possibilità	) pierluigi nocella '85 scusi , lei a che piano va ?
ITWAC	futuro	possibilità	?	?	il viaggio lucifèrico esperienze itineranti nello spazio onirico (	futuro-possibilità	) pierluigi nocella '85 scusi , lei a che piano va ?
ITWAC	futuro	possibilità	?	?	esperienze itineranti nello spazio onirico (	futuro-possibilità	) pierluigi nocella '85 scusi , lei a che piano va ?
ITWAC	futuro	profondo	?	?	via col vento-ghostbuster-superman-il laureato-ritorno al	futuro-profondo	rosso-love story-indiana jones-mediterraneo .
ITWAC	futuro	possibilità	?	?	esperienze itineranti nello spazio onirico (	futuro-possibilità	) pierluigi nocella '85 scusi , lei a che piano va ?
ITWAC	futuro	presente	?	?	roberto vacca le reti costituiscono il	futuro-presente	delle comunicazioni .
ITWAC	futuro	possibilità	?	?	esperienze itineranti nello spazio onirico (	futuro-possibilità	) pierluigi nocella '85 scusi , lei a che piano va ?
ITWAC	futuro	futuro	?	?	coscienza geniale ' , con i suoi slanci , e l' utopia ; insieme danno origine agli irraggiungibili passato-passato e	futuro-futuro	.
ITWAC	futuro	passato	?	?	ad esempio il futuro ha tre modalità : il futuro-presente , il	futuro-passato	ed il futuro-futuro .
ITWAC	futuro	futuro	?	?	ad esempio il futuro ha tre modalità : il futuro-presente , il futuro-passato ed il	futuro-futuro	.
ITWAC	futuro	passato	?	?	il futuro-presente ed il	futuro-passato	rappresentano proiezioni temporali sovrastoriche , il futuro-futuro rappresenta l' irraggiungibile del futuro .
ITWAC	futuro	futuro	?	?	il futuro-presente ed il futuro-passato rappresentano proiezioni temporali sovrastoriche , il	futuro-futuro	rappresenta l' irraggiungibile del futuro .
ITWAC	futuro	promessa	Qualification or Set of Circumstances	?	delle idee portanti di questo libro è il rilievo che l' orizzonte temporale e sociale di questi ultimi decenni da	futuro-promessa	si è trasformato sempre più in futuro-minaccia .
ITWAC	futuro	minaccia	?	?	il rilievo che l' orizzonte temporale e sociale di questi ultimi decenni da futuro-promessa si è trasformato sempre più in	futuro-minaccia	.
ITWAC	futuro	minaccia	?	?	ma l' ha visto trasformarsi nel suo contrario , nel momento in cui il futuro - promessa è diventato un	futuro-minaccia	?
ITWAC	futuro	possibilità	?	?	esperienze itineranti nello spazio onirico (	futuro-possibilità	) pierluigi nocella '85 scusi , lei a che piano va ?
ITWAC	futuro	futuro	?	?	con gli ultimi due ormai parte di una storia « che si credeva avrebbe generato un	futuro-futuro	che non si è poi materializzato » , mentre gli altri due « sono diventati protagonisti di un' architettura che
ITWAC	futuro	passato	?	?	la relatività , inoltre , considera il tempo un' altra dimensione ancora , quella "	futuro-passato	" , il che fornisce un totale di quattro dimensioni per l' universo : un evento può quindi essere individuato
ITWAC	futuro	promessa	Qualification or Set of Circumstances	?	il	futuro-promessa	, alimentato prima dall' ottimismo teologico che prometteva la salvezza e poi da quello scientifico che prometteva progresso , si
ITWAC	futuro	minaccia	?	?	la salvezza e poi da quello scientifico che prometteva progresso , si è trasformato sotto gli occhi di tutti in	futuro-minaccia	.
ITWAC	futuro	possibilità	?	?	esperienze itineranti nello spazio onirico (	futuro-possibilità	) pierluigi nocella '85 scusi , lei a che piano va ?
ITWAC	futuro	possibilità	?	?	esperienze itineranti nello spazio onirico (	futuro-possibilità	) pierluigi nocella '85 scusi , lei a che piano va ?
ITWAC	futuro	possibilità	?	?	per chi volesse infine farsi un viaggio nello spazio onirico (	futuro-possibilità	) , non vi resta che da scegliere , se cominciare da un ragazzo prodigio , con nocella '85 ,
ITWAC	futuro	possibilità	?	?	esperienze itineranti nello spazio onirico (	futuro-possibilità	) pierluigi nocella '85 scusi , lei a che piano va ?
ITWAC	futuro	possibilità	?	?	esperienze itineranti nello spazio onirico (	futuro-possibilità	) pierluigi nocella '85 scusi , lei a che piano va ?
ITWAC	futuro	possibilità	?	?	esperienze itineranti nello spazio onirico (	futuro-possibilità	) pierluigi nocella '85 scusi , lei a che piano va ?
ITWAC	futuro	possibilità	?	?	me presentazione " territori " il viaggio lucifèrico " narod ' il viaggio lucifèrico esperienze itineranti nello spazio onirico (	futuro-possibilità	) raffaele mirai shonen conan narod ' ® racconto .
ITWAC	futuro	possibilità	?	?	esperienze itineranti nello spazio onirico (	futuro-possibilità	) pierluigi nocella '85 scusi , lei a che piano va ?
ITWAC	futuro	promessa	Qualification or Set of Circumstances	?	dal	futuro-promessa	siamo passati al futuro-minaccia " , scrive galimberti .
ITWAC	futuro	minaccia	?	?	dal futuro-promessa siamo passati al	futuro-minaccia	" , scrive galimberti .
ITWAC	futuro	promessa	Qualification or Set of Circumstances	?	dal	futuro-promessa	siamo passati al futuro-minaccia " , scrive galimberti .
ITWAC	futuro	minaccia	?	?	dal futuro-promessa siamo passati al	futuro-minaccia	" , scrive galimberti .
ITWAC	futuro	promessa	Qualification or Set of Circumstances	?	dal	futuro-promessa	siamo passati al futuro-minaccia " , scrive galimberti .
ITWAC	futuro	minaccia	?	?	dal futuro-promessa siamo passati al	futuro-minaccia	" , scrive galimberti .
ITWAC	futuro	promessa	Qualification or Set of Circumstances	?	da un cambiamento di segno del futuro : dal "	futuro-promessa	" al " futuro-minaccia " .
ITWAC	futuro	minaccia	?	?	da un cambiamento di segno del futuro : dal " futuro-promessa " al "	futuro-minaccia	" .
ITWAC	futuro	scuole	?	?	organizzando per il prossimo sabato 10 marzo un seminario con titolo e' riservato agli insegnanti referenti del progetto capaci di	futuro-scuole	in rete per una società sostenibile e a tutti i soci dell' associazione professionale legambiente scuole e formazione cosituitasi lo
ITWAC	futuro	promessa	Qualification or Set of Circumstances	?	dal	futuro-promessa	siamo passati al futuro-minaccia " , scrive galimberti .
ITWAC	futuro	minaccia	?	?	dal futuro-promessa siamo passati al	futuro-minaccia	" , scrive galimberti .
ITWAC	futuro	possibilità	?	?	esperienze itineranti nello spazio onirico (	futuro-possibilità	) pierluigi nocella '85 scusi , lei a che piano va ?
ITWAC	futuro	possibilità	?	?	esperienze itineranti nello spazio onirico (	futuro-possibilità	) pierluigi nocella '85 scusi , lei a che piano va ?
ITWAC	futuro	possibilità	?	?	- coincidenza n. 5 ovvero eliana accetta di viaggiare con me il viaggio lucifèrico esperienze itineranti nello spazio onirico (	futuro-possibilità	) salvatore giasone jr. coincidenza n. 5 1 ovvero eliana accetta di viaggiare con me ( v. marsala 41 e
ITWAC	futuro	possibilità	?	?	esperienze itineranti nello spazio onirico (	futuro-possibilità	) pierluigi nocella '85 scusi , lei a che piano va ?
ITWAC	futuro	promessa	Qualification or Set of Circumstances	?	dal	futuro-promessa	siamo passati al futuro-minaccia " , scrive galimberti .
ITWAC	futuro	minaccia	?	?	dal futuro-promessa siamo passati al	futuro-minaccia	" , scrive galimberti .
ITWAC	futuro	m	?	?	il primo orso non si scorda mai - stefano ardito-vivalda il vecchio piemonte-vivalda in centro alla sardegna le falesie del	futuro-m	.
REPUBBLICA	futuro	btp	?	?	a milano e a londra il	future-btp	decennale è stato trattato nel tardo pomeriggio fino a 114,90 lire , in rialzo di una lira rispetto alle chiusure
REPUBBLICA	futuro	btp	?	?	risultato : il contratto	future-btp	, che lasciava sul campo di battaglia oltre due lire nella mattinata , recupera fino ad assestar- si a quota
REPUBBLICA	futuro	btp	?	?	il ridimensionamento dei prezzi e l' impennata dei rendimenti del btp hanno rappresentato una doccia fredda per i	future-btp	e i titoli di stato che hanno lasciato sul terreno oltre una lira a fine giornata .
REPUBBLICA	futuro	book	?	?	d' invasione del pianeta da parte di michael jackson per il suo nuovo album history : past , present and	future-book	one , in uscita il 16 giugno .
REPUBBLICA	futuro	a	?	?	in una compilation di due cd assemblata con la complicità della stessa anderson che , guarda caso , si intitola	future-a	journey through the electronic underground .
WIKICONLL	futuro	drama	?	?	sono apparsi ricordiamo " springfield files " , " dietro la risata " , " radio bart " e "	future-drama	" .
WIKICONLL	futuro	drama	?	?	inoltre nell' episodio "	future-drama	" , durante la visione del futuro di bart , lui stesso decide di lasciare la sua ragazza per non
ITWAC	futuro	proof	?	?	programmable video processor purevideo 's programmable technology adapts to new video encoding formats as they are developed to provide a	future-proof	video solution .
ITWAC	futuro	bossa	?	?	al link presentano il nuovo " the cosmic game " , métissage sonoro ai confini tra rock , breaks ,	future-bossa	, dub e psichedelia .
ITWAC	futuro	orientation	?	?	) , adolescents '	future-orientation	: theory and research .
ITWAC	futuro	city	?	?	in india non è ancora arrivata	future-city	: ma forse questo è il destino di megalopoli , questa è future  city .
ITWAC	futuro	bossa	?	?	è proprio questa fusion di rock , breaks ,	future-bossa	, dub , late 60 's moog-ed out ...
ITWAC	futuro	bossa	?	?	è proprio questa fusion di rock , breaks ,	future-bossa	, dub , late 60 's moog-ed out ...
ITWAC	futuro	show	?	?	" giornalisti e internet " ( bologna ,	future-show	, 10 aprile 1997 ) biografia nato a milano nel 1955 , ha mosso i primi passi da giornalista come
