REPUBBLICA	mai	familiari	?	?	DET ADV NOUN	i suoi connazionali che hanno amato firenze tanto da sceglier- la come seconda patria gli sono più	che mai familiari	.
REPUBBLICA	mai	bisogno	?	?	DET ADV NOUN	sul mar rosso contesa da entrambi i paesi : la querelle ha avvelenato i rapporti israeliano-egiziani che ora hanno più	che mai bisogno	di una normalizzazione che riporti a tel aviv l' ambasciatore di mubarak e recuperi quindi l' unico vero -- anche se
REPUBBLICA	mai	smentita	?	?	DET ADJ ADV NOUN	fondiaria si fosse svolta in modo poco limpido allora qualche partito politico potrebbe aver- ne tratto dei benefici " secondo	la sua mai smentita	tradizione , merzagora non ha peli sulla lingua e distribuisce colpi a destra e a manca .
REPUBBLICA	mai	verso	?	?	DET ADV NOUN	politica sudafricana subisce una brusca radicalizzazione e i rapporti fra la comunità bianca e quella negra sembrano avviar- si più	che mai verso	la contrapposizione frontale .
REPUBBLICA	mai	candidato	Qualification or Set of Circumstances	?	DET ADV NOUN	la direzione ha risposto con l' abitua- le prontezza l' anziano presidente della commissione centrale di controllo , ora più	che mai candidato	a presiedere l' intero partito .
REPUBBLICA	mai	limiti	?	?	DET ADV NOUN	per il pci non devono esser- ci limiti nella libertà di accedere agli archivi , e men	che mai limiti	posti dai vari partiti comunisti .
REPUBBLICA	mai	portatori	?	?	DET ADV NOUN	per riedificare uno strumento politico capace di interpretare e realizzare i postulati e i valori di cui siamo oggi più	che mai portatori	.
REPUBBLICA	mai	centrale	Place or function	?	DET ADV NOUN	e gestiva la linea nelle relazioni con la chiesa cattolica , mantenendo una netta intransigenza sul problema -- oggi più	che mai centrale	nei rapporti tra roma e mosca -- dei cattolici ucraini di rito orientale .
REPUBBLICA	mai	oggi	?	?	DET ADV NOUN	ed è , paradossalmente , quello che vogliono , senza dir- lo , ieri , e più	che mai oggi	, tanto gli uomini tanto le donne .
REPUBBLICA	mai	contratto	documento	?	DET ADJ ADV NOUN	essere francese merwan , figlio di gente che ha già pagato cara la sua scelta di libertà , dovrà pagare	un debito mai contratto	.
REPUBBLICA	mai	appannaggio	?	?	DET ADJ ADV NOUN	si finanzia la scuola superiore frequentata dalle classi dominanti piuttosto che	quella primaria mai appannaggio	dei bambini delle classi estreme , si porta l' acqua nelle case abitate da minoranze piuttosto che portar- la nelle
REPUBBLICA	mai	ragazza	Kinship	?	DET ADV NOUN	o nella colette distrutta e vecchia che guarda con atteggiamento di sfida in macchina o nella simone de beauvoir più	che mai ragazza	perbene , jeune fille rangée , sdraiata in posa su un divano letto o nell' aria da inquisitore scontento di francois
REPUBBLICA	mai	morti	Qualification or Set of Circumstances	?	DET ADV NOUN	però appartiene alla razza	dei mai morti	.
REPUBBLICA	mai	candidato	Qualification or Set of Circumstances	?	DET ADV NOUN	quelli di lionel jospin , non farà parte della direzione collegiale presieduta dal nuovo leader del partito e ormai piu	che mai candidato	alle prossime elezioni presidenziali .
REPUBBLICA	mai	vicini	?	?	DET ADV NOUN	3 ` ) proprio nel derby di cesena , i rossoblù sono isolati al quart ' ultimo posto , più	che mai vicini	alla retrocessione .
REPUBBLICA	mai	morti	Qualification or Set of Circumstances	?	DET ADV NOUN	li chiameremo	i mai morti	( mm ) .
REPUBBLICA	mai	oggi	?	?	DET ADV NOUN	si può solo ammirar- la , più	che mai oggi	, in un mondo di persone che andrebbero su gente motori pur di fare una copertina .
REPUBBLICA	mai	morti	Qualification or Set of Circumstances	?	DET ADJ ADV NOUN	bartali , l' epigono	dei maratoneti mai morti	, che lo aspetta sulla linea di partenza .
REPUBBLICA	mai	bisogno	?	?	DET ADV NOUN	sempre , adattando- si alle circostanze : un nome che è ancora un programma per una società che ha più	che mai bisogno	di satira .
REPUBBLICA	mai	bisogno	?	?	DET ADV NOUN	andando incontro al derby , il milan ha scoperto di avere più	che mai bisogno	del suo capitano , lasciando i milanisti nel più affettuoso sconforto .
REPUBBLICA	mai	morti	Qualification or Set of Circumstances	?	DET ADJ ADV NOUN	" è l' epigono	dei maratoneti mai morti	.
REPUBBLICA	mai	retta	?	?	DET ADV NOUN	marcello pera , professore , si lamenta : " tu , silvio , non mi	dai mai retta	" .
REPUBBLICA	mai	oggi	?	?	DET ADV NOUN	aldo schiavone ha scritto un pamphlet sul disagio di un paese incapace da sempre e più	che mai oggi	d' essere unito .
REPUBBLICA	mai	film	Qualification or Set of Circumstances	?	DET ADV NOUN	anzi ,	il mai film	di fellini .
REPUBBLICA	mai	domande	?	?	DET ADV NOUN	serie di raccomandazioni impartite dal suo entourage : niente domande personali , sulla musica , sulla moda , e men	che mai domande	sul suo naso rifatto !
REPUBBLICA	mai	oggi	?	?	DET ADV NOUN	nessun leader politico ha osato contestar- la , e men	che mai oggi	, in tempi di campagna elettorale .
REPUBBLICA	mai	protagonista	Qualification or Set of Circumstances	?	DET ADV NOUN	nel trapasso tra vecchio e nuovo millennio il design è quindi più	che mai protagonista	, anche perché l' offerta di prodotto si è allargata a dismisura .
REPUBBLICA	mai	morti	Qualification or Set of Circumstances	?	DET ADJ ADV NOUN	era l' epigono	dei maratoneti mai morti	, un arrampicatore formidabile .
WIKICONLL	mai	ragazza	Kinship	?	DET ADV NOUN	giri pubblicati anche in italiano , diviene famoso nel 1964 partecipando al festival di sanremo 1964 con " quando vedrai	la mai ragazza	" ( in coppia con little tony ) e " e se domani " ( la nota canzone scritta da giorgio
WIKICONLL	mai	episodio	?	?	DET ADJ ADV NOUN	- duello per un' amica episodio 170 - le carte corazzate episodio 171 - questione di principio episodio 172 -	la falsa mai episodio	173 - il ravvedimento di mai episodio 175 - la carta del faraone episodio 176 - vittoria e paura episodio
WIKICONLL	mai	fatti	?	?	DET ADJ ADV NOUN	" e " il re leone " sono spesso considerati non solo i migliori prodotti del rinascimento disneyano , ma	i migliori mai fatti	in tutta la storia della casa cinematografica .
ITWAC	mai	visto	?	?	DET ADJ ADV NOUN	splendeva , e con una città che scintillava , letteralmente scintillava sotto la sua finestra , e un azzurro ,	un azzurro mai visto	, sostiene pereira , di un nitore che quasi feriva gli occhi , lui si mise a pensare alla morte
ITWAC	mai	vita	Entity	?	DET ADV NOUN	da quel momento	la mai vita	non è stata più la stessa .
ITWAC	mai	smentita	?	?	DET ADV NOUN	era stato denunciato come « borghese » dal partito comunista cubano , che soltanto all ´ ultimo momento , grazie	alla mai smentita	intelligenza di carlos rafael rodríguez , riconobbe , agli incontrollabili ribelli , un carattere rivoluzionario .
ITWAC	mai	vista	?	?	DET ADJ ADV NOUN	comunque è un bellissimo film , da guardare perché è	una soria mai vista	, raccontata in maniera molto sottile , senza sbavare o esagerare ...
ITWAC	mai	vista	?	?	DET ADV NOUN	hai ragione riguardo alle attuali destre ( infatti ho scritto ke sono per una totale ricostruzione della destra ,	una mai vista	) ; pensa che una volta hanno intervistato un gruppo di forzanuova e questi avevano un malcelato timore di dire quello
ITWAC	mai	prodotto	?	?	DET ADJ ADV NOUN	grande schermo , e il cliffangher ( finale di stagione con colpo di scena ) è stato già giudicato ,	il migliore mai prodotto	.
ITWAC	mai	visto	?	?	DET ADV NOUN	c' è	il mai visto	, di ogni genere .
ITWAC	mai	ragazza	Kinship	?	DET ADV NOUN	columbus , trattano karpathos , se tutto va bene il 12 di luglio parto con volo diretto da brescia assieme	alla mai ragazza	, mi dicono tutti che karpathos è un paradiso ...
ITWAC	mai	posto	?	?	DET ADV NOUN	per crecere un bambino forse chi ha introdotto questo bonus non ha mai avuto il problema quindi o non se	la mai posto	, non servono i mille euro ma finanziamenti alle scuole pubbliche e comunali , invece di fare tagli di ore di
ITWAC	mai	vita	Entity	?	DET ADV NOUN	« ogni brano fa storia a sé ma in generale le mie canzoni nascono da qualcosa che è successo	nella mai vita	.
ITWAC	mai	prodotto	?	?	DET ADJ ADV NOUN	ormai un classico dell' enologia valtellinese , un vino che , piuttosto curiosamente , ad ogni vendemmia definiamo come "	il migliore mai prodotto	" .
ITWAC	mai	norme	?	?	DET ADV NOUN	definire in modo più preciso gli investimenti nel settore dei brevetti in materia di geni vegetali , animali , escludendo	dal mai norme	in materia di proprietà intellettuale , di diritti d' autore e di diritti connessi c ) ad esaminare la questione della
ITWAC	mai	visto	?	?	DET ADV NOUN	ma come modi di pensare , metafore usate , senso di valicare il limite , di trovare il nuovo ,	il mai visto	( dark side ) , parole dal suono esoterico o immagini semplicemente belle .
ITWAC	mai	giacca	?	?	DET ADV NOUN	rimetto a dormire per un' oretta , quando mi sveglio e telefono a jacopo per sapere se sapeva dove stava	la mai giacca	, e perchè non mi aveva dato la mia .
ITWAC	mai	visto	?	?	DET ADV NOUN	film , il commovente " sweet november " con keanu reeves e charlize theron nel cortile della vecchia pretura e	il mai visto	a varese " honolulu baby " di maurizio nichetti ai giardini estensi .
ITWAC	mai	parrocchia	?	?	DET ADV NOUN	sono con il gruppo organizzato dalla diocesi , ma non conosco nessuno , perchè	della mai parrocchia	, e della mia città , non viene nessuno ...
ITWAC	mai	viste	?	?	DET ADJ ADV NOUN	ma una nota particolare va sicuramente alle animazioni , che a memoria potrebbero essere	le migliori mai viste	: non è un caso infatti che la quantic dream abbia nel proprio ventre uno degli studios di motion capture
ITWAC	mai	famiglia	?	?	DET ADV NOUN	" "	la mai famiglia	non è perfetta !
ITWAC	mai	morti	Qualification or Set of Circumstances	?	DET ADJ ADV NOUN	comiche , ma sceglie ancora una volta di metterle al servizio del confronto delle idee , come già era avvenuto	nel contrastatissimo mai morti	.
ITWAC	mai	ragazza	Kinship	?	DET ADV NOUN	aldoechiara ( utente semplice , un solo messaggio inviato ) inviato il 04/07/2005 alle ore 17.01.19 io e	la mai ragazza	ci dobbiamo sposare alla fine di luglio .
ITWAC	mai	ragazza	Kinship	?	DET ADV NOUN	il giorno 08/06	la mai ragazza	non sentendo da diversi giorni unica ha provato a chiamare visto che la consegna era tra il 10/06 e il 20/06
ITWAC	mai	casa	Place or function	?	DET ADV NOUN	quello che succede oggi in questo villaggio potrebbe succedere domani	nella mai casa	e quindiâ  ¦ vediamo di sistemare questa cosa alla svelta ...
ITWAC	mai	rinnegato	?	?	DET ADV NOUN	da ragazzino dai veleni del sottosuolo di dostoevskij , dai mostri metafisici di kafka e dal delirio a occhi aperti	del mai rinnegato	isidore ducasse , il « conte » di lautréamont .
ITWAC	mai	vista	?	?	DET ADJ ADV NOUN	l' italia di berlusconi ,	la peggiore mai vista	" montanelli : sa solo mentire e la gente gli crede " la cosa più impressionante sono le telefonate anonime
ITWAC	mai	idea	?	?	DET ADV NOUN	tu non ti preoccupare , intando cerco il testo per farmi	una mai idea	non e' questione di essere pecoroni la questione che non e' corretto leggere delle proposte di legge su un giornale politico
ITWAC	mai	idea	?	?	DET ADV NOUN	27 - 02 - 2004 snigger ha scritto : tu non ti preoccupare , intando cerco il testo per farmi	una mai idea	non e' questione di essere pecoroni la questione che non e' corretto leggere delle proposte di legge su un giornale politico
ITWAC	mai	eroina	?	?	DET ADV NOUN	by missliu | miss@miss.it | - 5 - se qualche volta ho seguito il gf è stato solo per vedere	la mai eroina	all' azione : katia fantastica ...
ITWAC	mai	smentita	?	?	DET ADV NOUN	discutendo in merito alle tendenze agitantesi nel partito ; dichiarano decaduta la vecchia formula della atendenzialità dei giovani ; riaffermando	la mai smentita	fede rivoluzionaria della gioventù socialista ; constatando l' azione deleteria , nel presente periodo prerivoluzionario , degli elementi socialdemocratici e collaborazionisti
ITWAC	mai	compianto	?	?	DET ADV NOUN	ricordo una celebre frase	del mai compianto	abbastanza aldo moro : " bisogna essere fiduciosi e coraggiosi , si tratta di vivere il tempo che ci è stato
ITWAC	mai	affare	?	?	DET ADV NOUN	a cera , anz ' è sì fresca e bella 175 che lo me ' cor s' abella di non	le mai affare	, tant ' à piacente affare .
ITWAC	mai	stanza	?	?	DET ADV NOUN	ora voglio solo satre sdraiato e guardare il soffitto	della mai stanza	( che non sarà come quello di giovanna dove si vedono le stelle scritto da tobruk 2000 il 07/01/2005 20:21:21 grido
ITWAC	mai	morti	Qualification or Set of Circumstances	?	DET ADV NOUN	; insieme a pietro valpreda ha scritto quattro gocce di acqua piovana , la nevicata dell' 85 e la primavera	dei mai morti	, tutti pubblicati da tropea .
ITWAC	mai	giacca	?	?	DET ADV NOUN	rimetto a dormire per un' oretta , quando mi sveglio e telefono a jacopo per sapere se sapeva dove stava	la mai giacca	, e perchè non mi aveva dato la mia .
ITWAC	mai	ragazza	Kinship	?	DET ADV NOUN	" ^ _ ^ ele	la mai ragazza	mi ha scritto ( cn più di um sms ) : vorrei sre li cn te ...
ITWAC	mai	vita	Entity	?	DET ADV NOUN	per esempio un pezzo fondamentale	della mai vita	è questo [ suona ] , che è firth of fifth dei genesis .
ITWAC	mai	viste	?	?	DET ADJ ADV NOUN	tecnica la realizzazione tecnica del titolo electronic arts è sicuramente una	delle migliori mai viste	sulla console di casa sony : il punto di forza della produzione è l' integrazione delle sequenze giocate nei filmati
ITWAC	mai	morti	Qualification or Set of Circumstances	?	DET ADV NOUN	è un istruttore , semmai , uno	dei mai morti	, uno che l ´ esempio lo dà sul campo , non a parole .
ITWAC	mai	anima	Entity	?	DET ADV NOUN	pensieri assalgono la mia mente , molti ricordi sbiaditi riemergono , tante cicatrici sono state riaperte infinite nuove ferite dilaniano	la mai anima	.
ITWAC	mai	accademia	?	?	DET ADV NOUN	e' un mondo affascinante , sono appena ora reduce da un incontro	della mai accademia	durato tutto il week end , non ci stavo più dentro nella pelle .
ITWAC	mai	banale	?	?	DET ADJ ADV NOUN	e di osservazione su di un costume magari inquietante ma certamente non statico , che gli suggerisce un linguaggio ,	una parlata mai banale	nè risaputa .
ITWAC	mai	squadra	Qualification or Set of Circumstances	?	DET ADV NOUN	io come sport pratico il basket e devo dire che	della mai squadra	non li usa nessuno .
ITWAC	mai	giacca	?	?	DET ADV NOUN	rimetto a dormire per un' oretta , quando mi sveglio e telefono a jacopo per sapere se sapeva dove stava	la mai giacca	, e perchè non mi aveva dato la mia .
ITWAC	mai	vista	?	?	DET ADJ ADV NOUN	la grafica senza precedenti e la perfezione nella somiglianza dei giocatori con le " star dell ´ nba " (	la migliore mai vista	in un gioco di sport ) sono i punti di forza di questo prodotto .
ITWAC	mai	ragazza	Kinship	?	DET ADV NOUN	, mousse , liquido , cioccolato bianco , e un bicchierino con del liquore unito al cioccolato).buono. 8 a )	la mai ragazza	ha scelto invece " la legge del caso " , cioe' un dolce a sorpresa , che era una composizone di
ITWAC	mai	norme	?	?	DET ADV NOUN	definire in modo più preciso gli investimenti nel settore dei brevetti in materia di geni vegetali , animali , escludendo	dal mai norme	in materia di proprietà intellettuale , di diritti d' autore e di diritti connessi ad esaminare la questione della protezione degli
ITWAC	mai	banale	?	?	DET ADV NOUN	critica " c' è un po' di tutto in questo curioso film guidato dalla cinica regia	del mai banale	peter hyams di ' atmosfera zero ' , c' è l' incubo dello schermo , grande o piccolo , che ricorre
ITWAC	mai	affare	?	?	DET ADV NOUN	sembiante a cera , anz ' è sì fresca e bella che lo me ' cor s' abbella di non	le mai affare	, tant ' ha piacente affare .
ITWAC	mai	viste	?	?	DET ADJ ADV NOUN	ora però si è arrivati a livelli di pura eccellenza con una qualità grafica che è tra	le migliori mai viste	su xbox .
ITWAC	mai	visto	?	?	DET ADJ ADV NOUN	io avevo una vicini rossa munita di sella maculata ( roba di	un kitsch mai visto	) e doveva essere costruita con barre piene anziché tubi , visto che pesava almeno come un maggiolino volkswagen .
ITWAC	mai	norme	?	?	DET ADV NOUN	di geni vegetali , animali e umani e , in considerazione degli accordi internazionali già esistenti in materia , escludendo	dal mai norme	in materia di proprietà intellettuale , di diritti d' autore e di diritti connessi ; chieda che la questione della protezione
ITWAC	mai	esperienza	Qualification or Set of Circumstances	?	DET ADV NOUN	per quel che riguarda	la mai esperienza	la durata nell' ambito delle terapie brevi , se ci interessiamo di patologie croniche non può essere inferiore a sei mesi
ITWAC	mai	squadra	Qualification or Set of Circumstances	?	DET ADV NOUN	io come sport pratico il basket e devo dire che	della mai squadra	non li usa nessuno .
ITWAC	mai	mente	?	?	DET ADV NOUN	la mia giornata fu come le altre , gli stessi impegni , la stessa gente intorno , ma	nella mai mente	vi era la fervida attesa per quella sera in cui l' avrei vista , in cui l' avrei vista davvero ,
ITWAC	mai	famiglia	?	?	DET ADV NOUN	quando la guerra fu finita	la mai famiglia	aveva molte difficoltà finanziarie , non avevamo quasi di che mangiare e tanto meno potevamo permetterci l' università a cui avrei
ITWAC	mai	prodotto	?	?	DET ADV NOUN	questo è il singolare fenomeno delle oscillazioni di neutrino , secondo cui un osservatore sulla terra potrebbe osservare anche	un mai prodotto	!
ITWAC	mai	vista	?	?	DET ADJ ADV NOUN	appunto , ma quando il gioco si è fatto serio non hanno convinto , nonostante la poderosa organizzazione , "	la migliore mai vista	in iowa " , l' arrivo di migliaia di militanti da altri stati , l' appoggio del senatore locale ,
ITWAC	mai	visto	?	?	DET ADJ ADV NOUN	ad eccezione dello splendido e rarissimo ologramma ( se ne trovava uno ogni 6 scatole ) , probabilmente ad oggi	il migliore mai visto	in una serie di figurine .
ITWAC	mai	soluzione	Entity	?	DET ADV NOUN	ma siccome il problema si va verso	una mai soluzione	, e per tanti problemi , ed allora credo che l' intervento della provincia con questo finanziamento sia intanto a riconoscere
ITWAC	mai	parte	?	?	DET ADV NOUN	" la zia ha passato a me	la mai parte	di casa .
ITWAC	mai	famiglia	?	?	DET ADV NOUN	anticipo a tutti che	nella mai famiglia	abbiamo avuto 7 saab , attualmente ne possediamo 2 .
ITWAC	mai	vista	?	?	DET ADJ ADV NOUN	la rappresentazione degli extraterrestri , sia come figure che come movimenti , trovo sia	la migliore mai vista	, con un forte rihiamo stilistico allo stesso salvador dalì .
ITWAC	mai	mani	?	?	DET ADJ ADV NOUN	mà shèche e mal de cài : l' àivô	la màncô mai mani	secche e mal di calli : l' acqua non manca mai .
ITWAC	mai	banale	?	?	DET ADJ ADV NOUN	la juventus va a firenze per	una classicissima mai banale	, poi c' è milan-brescia .
ITWAC	mai	libertà	?	?	DET ADV NOUN	intendo tenere	la mai libertà	immutata , non cambierò il mio stile di vita solo perché a voi non va a genio questo nipote .
ITWAC	mai	vista	?	?	DET ADJ ADV NOUN	per chi non vuole cimentarsi in una campagna , e che dire allora della modalità multiplayer , fondamentale , penso	la migliore mai vista	in circolazione , un organizzazione per partite spettacolari in rete .
ITWAC	mai	viste	?	?	DET ADJ ADV NOUN	dalla nostra parte abbiamo però altri cinque soldati dotati anch' essi di un ia spaventosa , forse una	delle migliori mai viste	, con un semplice comando potremo farli muovere , ordinare loro di coprire una zona o di entrare in un
ITWAC	mai	scelta	?	?	DET ADV NOUN	vi farò sapere su cosa è caduta	la mai scelta	...
ITWAC	mai	amica	Qualification or Set of Circumstances	?	DET ADV NOUN	aspettiamo e intanto	la mai amica	ese per parlare al cellualre passa qualche min. ma nessun cenno dai cessi , busso e chiamo ma non concludo niente
ITWAC	mai	coppia	Qualification or Set of Circumstances	?	DET ADV NOUN	andiamo a ballare poi arriva	la mai coppia	di ballo e loro 3 vanno a bere ma ritorna l amica che mi chiede di ballare .
ITWAC	mai	visto	?	?	DET ADV NOUN	mi riferisco al " jamais vu " ,	al mai visto	, in virtù del quale , capita di non riconoscere come esperienza propria , personale , una situazione nella quale siamo
ITWAC	mai	canzone	?	?	DET ADV NOUN	li seguo li ho visti pure live e nn deludono anzi frana la curva frana - fuzzy - marta uauuuuuuuuuuuuu	la mai canzone	top del momento è senti dei realize l' ascolto miliardi di volte !
ITWAC	mai	visto	?	?	DET ADJ ADV NOUN	liberation 12.12.2001 spettacolo recensore condannato per calunnia : aveva giudicato uno spettacolo come	il peggiore mai visto	senza avervi assistito il cantante e attore david soul ha accettato 20.000 sterline ( 60 milioni di lire ) in
ITWAC	mai	vista	?	?	DET ADJ ADV NOUN	del polo " la cosa più impressionante sono le telefonate anonime " montanelli : " l' italia di berlusconi e'	la peggiore mai vista	" " quell' uomo è una malattia : si cura solo con il vaccino una bella iniezione di cavaliere premier
ITWAC	mai	affare	?	?	DET ADV NOUN	sembiante a cera , anz ' è sì fresca e bella che lo me ' cor s' abbella di non	le mai affare	, tant ' ha piacente affare .
ITWAC	mai	vita	Entity	?	DET ADV NOUN	criss fai bene a mantenermi con i piedi ben saldi , perchè io in questo particolare momento	della mai vita	non riesco ad essere molto obiettiva .
ITWAC	mai	vita	Entity	?	DET ADV NOUN	gli ho chiesto di non invadere i miei spazi , di lasciarmi vivere	la mai vita	, perchè adesso qualsiasi decisione sarebbe solo il frutto di condizionamenti e basta !
ITWAC	mai	città	Qualification or Set of Circumstances	?	DET ADV NOUN	protette dalla mafiat hanno infranto una serie enorme di leggi e continuano ad andare in giro impuniti per le vie	della mai città	!
ITWAC	mai	infanzia	?	?	DET ADV NOUN	affianco alla mostra mercato ho visto la suggestiva mostra di g.b.carpi , molto carina con personaggi	della mai infanzia	, nonna belarda su tutti è stata quella che ho ricordato di più .
ITWAC	mai	imposte	?	?	DET ADV NOUN	sono condizioni alla connessione tra un opac e	il mai imposte	dal metaopac stesso , che è un metasistema caratterizzato in modo specifico , e collegate al suo funzionamento , scelto in
ITWAC	mai	capitale	Qualification or Set of Circumstances	?	DET ADV NOUN	di athkatla inviato : mar nov 23 , 2004 8:51 pm oggetto : i cognomi d' italia roma sembra essere	la mai capitale	...
ITWAC	mai	vista	?	?	DET ADJ ADV NOUN	poi , siete arrivati voi , ed io sono rimasto a bocca aperta per la vostra competenza , in assoluto	la migliore mai vista	su un forum del web .
ITWAC	mai	tesi	?	?	DET ADV NOUN	mon dieu da quando sto preparando	la mai tesi	in semiotica della comunicazione scopro cose sempre più interessanti ...
ITWAC	mai	visione	?	?	DET ADV NOUN	1931 pubblica una miscellanea dei suoi scritti con il titolo "	la mai visione	del mondo " .
ITWAC	mai	preoccupazione	?	?	DET ADV NOUN	andava quando era nuova cosi và adesso anzi adesso ancora di più xke ho montato il silenziatore a risonanza era	una mai preoccupazione	, chissà se al servizio arretrati della de agostini posso ordinare un nuovo motore ?
ITWAC	mai	regione	?	?	DET ADV NOUN	opac presenti nelle singole regioni e connessi	al mai regione	opac presenti opac connessi piemonte 17 4 valle d' aosta 2 0 lombardia 60 31 trentino alto adige 11 0 veneto
ITWAC	mai	vista	?	?	DET ADV NOUN	ti piace fare la troietta via internet e vedere qdto sono sfigati gli uomini ke farebbero d tutto x fottersi	una mai vista	ke potrebbere essere il cesso + clamoroso del mondo ...
ITWAC	mai	vista	?	?	DET ADV NOUN	ti piace fare la troietta via internet e vedere qdto sono sfigati gli uomini ke farebbero d tutto x fottersi	una mai vista	ke potrebbere essere il cesso + clamoroso del mondo ...
ITWAC	mai	vista	?	?	DET ADJ ADV NOUN	poi , siete arrivati voi , ed io sono rimasto a bocca aperta per la vostra competenza , in assoluto	la migliore mai vista	su un forum del web .
ITWAC	mai	persona	Qualification or Set of Circumstances	?	DET ADV NOUN	economico invidiabile , posso ritenermi uno dei pochi fortunati possessori di un cayenne turbo ( personalizzato con allestimenti esclusivamente riservati	alla mai persona	) .
ITWAC	mai	città	Qualification or Set of Circumstances	?	DET ADV NOUN	protette dalla mafiat hanno infranto una serie enorme di leggi e continuano ad andare in giro impuniti per le vie	della mai città	!
ITWAC	mai	viste	?	?	DET ADJ ADV NOUN	la grafica di racing evoluzione è spettacolare e dettagliatissima , una	delle migliori mai viste	su una console ; le quattro zone entro le quali sono sviluppati i numerosi tracciati a disposizione sono state modellate
ITWAC	mai	vita	Entity	?	DET ADV NOUN	fatto che lei non voleva vedere dove lavoravo , non voleva uscire con i miei amici , ' entrare '	nella mai vita	, mai avrebbe pensato di dirmi una stupidaggine qualunque come ' andiamo al mare io e te ?
ITWAC	mai	vista	?	?	DET ADJ ADV NOUN	il bar , la trattoria o il bazar fuori mano con la speranza d' imbattersi in un piccolo tesoro :	una mignon mai vista	prima oppure il pezzo pregiato , in vendita però ad un prezzo che non risentisse della richiesta isterica dei nuovi
ITWAC	mai	smentita	?	?	DET ADV NOUN	state superate e gli ultimi ostacoli anche d' ordine finanziario eliminati per il diretto intervento dell' eccellenza buffarini e per	la mai smentita	benevolenza verso pisa , dimostrata dall' eccellenza bottai , quando le attuali contingenze hanno fatto ritenere opportuno di sospendere ogni decisione
ITWAC	mai	visto	?	?	DET ADJ ADV NOUN	euroscettico belga jens-peter bonde non vede come potrà sopravvivere l' esecutivo a uno scandalo che , secondo lui , è	il peggiore mai visto	in 20 anni a bruxelles .
ITWAC	mai	partito	Qualification or Set of Circumstances	?	DET ADV NOUN	( pur previsto ) che non soddisfa nessuno , la difficoltà di continuare a porsi come motore ed anima di	un mai partito	rilancio dell' ulivo , il tramonto dell' ambizione di " contare " in prospettiva più dei partiti tradizionali e di fare
ITWAC	mai	libertà	?	?	DET ADV NOUN	intendo tenere	la mai libertà	immutata , non cambierò il mio stile di vita solo perché a voi non va a genio questo nipote .
ITWAC	mai	richiesta	?	?	DET ADV NOUN	con ciò l' esistenza stessa della chiesa cattolica , la necessità " divina " della sua mediazione provvidenziale , per	la mai richiesta	" salvezza umana " ( storia della chiesa dir. jedin , ii , p. 183 ) .
ITWAC	mai	vita	Entity	?	DET ADV NOUN	ho mangiato piu' pesce in due giorni che in tutta	la mai vita	!
ITWAC	mai	visto	?	?	DET ADV NOUN	gli hinuit del canada vedono l' inedito ,	il mai visto	alle loro latitudini : nelle zone circumpolari passano ormai gli uccelli migratori , e per la prima volta dalle eternità del
ITWAC	mai	viste	?	?	DET ADJ ADV NOUN	sta guardando fuori distratto perché , preceduta da uno strano scoppiettio , arriva sulla strada bianca un' automobile , una	delle prime mai viste	, tozza , piccola , una carrozza in miniatura , ruote alte , mantice alzato .
ITWAC	mai	vita	Entity	?	DET ADV NOUN	" cara " le dice " tu mi sei sempre stata vicina , in ogni momento difficile	della mai vita	.
ITWAC	mai	mente	?	?	DET ADV NOUN	non puoi rispondere a questi interrogativi che assillano	la mai mente	in cerca di una risposta che non so se posso dare o no ?
ITWAC	mai	rabbia	?	?	DET ADV NOUN	non sò se è possibile fare una cosa del genere o è soltanto frutto	della mai rabbia	.
ITWAC	mai	anima	Entity	?	DET ADV NOUN	esisto più , e allora come mai non sono in qualche dimensione infernale dove dovrei stare , oppure come mai	la mai anima	non ha trovato pace , come avrebbe potuto dopo il mio sacrificio ?
ITWAC	mai	macchina	?	?	DET ADV NOUN	appena montato le luci strobo nei fari davanti	alla mai macchina	che figa macchina ho hahaahhaha ...
ITWAC	mai	specie	?	?	DET ADV NOUN	" a giudicare dalla tua reazione , devo dire che sembra che tu trovi	la mai specie	di ' relazione ' come minimo un po' eccitante .
ITWAC	mai	classifica	?	?	DET ADV NOUN	ad esempio , scartare a priori quegli opac che avevano come tipologia di biblioteche l' espressione " specialistiche " -	il mai classifica	le biblioteche scolastiche come " generali " - e quindi si sono considerate solo quelle con la qualificazione di " generali
ITWAC	mai	vista	?	?	DET ADJ ADV NOUN	signor presidente , la manovra di bilancio predisposta dal governo è	la peggiore mai vista	in questi anni per quanto riguarda l' ambiente e il territorio .
ITWAC	mai	incompatibilità	?	?	DET ADV NOUN	come hai scritto tu questo mondo virtuale ti aiuta io non mi sento molto di farne parte ( conosci	la mai incompatibilità	tecnologica :) ma cmq spero le mie parole ti possano aiutare lo stesso !
ITWAC	mai	vita	Entity	?	DET ADV NOUN	lacrime , perché se uccidessi qualcuno su questa terra lei mi odierebbe , perché per la prima volta in tutta	la mai vita	il mio cuore si riscalda al suo pensiero , al fatto che se morissi qualcuno piangerebbe per me , al fatto
ITWAC	mai	viste	?	?	DET ADJ ADV NOUN	dio , quella scena è bellisisma , senza dubbio una	delle migliori mai viste	ç _ _ ç !
ITWAC	mai	accademia	?	?	DET ADV NOUN	e' un mondo affascinante , sono appena ora reduce da un incontro	della mai accademia	durato tutto il week end , non ci stavo più dentro nella pelle .
ITWAC	mai	visto	?	?	DET ADV NOUN	mi riferisco al " jamais vu " ,	al mai visto	, in virtù del quale , capita di non riconoscere come esperienza propria , personale , una situazione nella quale siamo
ITWAC	mai	visto	?	?	DET ADV NOUN	e via immaginando e costruendo :	il mai visto	, il mai immaginato ...
ITWAC	mai	morti	Qualification or Set of Circumstances	?	DET ADV NOUN	; insieme a pietro valpreda ha scritto quattro gocce di acqua piovana , la nevicata dell' 85 e la primavera	dei mai morti	, tutti pubblicati da tropea .
ITWAC	mai	religione	?	?	DET ADV NOUN	l' immagine , il lusso sono sicuramente in contrasto con ciò che	la mai religione	comanda e quindi è facile non sia ben vista dalla società .
ITWAC	mai	conoscenza	Entity	?	DET ADV NOUN	oliviero :	la mai conoscenza	di giovani italiani è troppo limitata , anche se ho visto alcuni dei lavori dei giovani citati dal sole 24 ore
ITWAC	mai	fumatori	Qualification or Set of Circumstances	?	DET ADV NOUN	tabella per approfondire le conoscenze sui danni causati dal fumo passivo , il questionario epic ha anche indagato sull' esposizione	dei mai fumatori	al fumo passivo , sia nell' infanzia che nell' età adulta .
ITWAC	mai	fumatori	Qualification or Set of Circumstances	?	DET ADV NOUN	al momento dell' arruolamento invece , il 18,3 %	dei mai fumatori	e il 23,3 % delle mai fumatrici rispondeva di essere esposto al fumo del coniuge .
ITWAC	mai	fumatrici	?	?	DET ADV NOUN	al momento dell' arruolamento invece , il 18,3 % dei mai fumatori e il 23,3 %	delle mai fumatrici	rispondeva di essere esposto al fumo del coniuge .
ITWAC	mai	fumatori	Qualification or Set of Circumstances	?	DET ADV NOUN	in conclusione , sono soprattutto i padri ed i colleghi ad " affumicare "	i mai fumatori	.
ITWAC	mai	fumatrici	?	?	DET ADV NOUN	sia i mai fumatori che	le mai fumatrici	tendono invece ad essere poco esposti al fumo del partner .
ITWAC	mai	casa	Place or function	?	DET ADV NOUN	volevo entrare un po' più nello specifico	della mai casa	, cioè della mia esperienza portandovi due o tre esempi .
ITWAC	mai	squadra	Qualification or Set of Circumstances	?	DET ADV NOUN	io come sport pratico il basket e devo dire che	della mai squadra	non li usa nessuno .
ITWAC	mai	vita	Entity	?	DET ADV NOUN	marben ashti all' ombra del dittatore	la mai vita	in iraq 2005 ponte alle grazie pp. 288 e 14,00 vite , asia , iraq , donna la storia di una
ITWAC	mai	vista	?	?	DET ADJ ADV NOUN	signor presidente , la manovra di bilancio predisposta dal governo è	la peggiore mai vista	in questi anni per quanto riguarda l' ambiente e il territorio .
ITWAC	mai	parte	?	?	DET ADV NOUN	" la zia ha passato a me	la mai parte	di casa .
ITWAC	mai	fede	?	?	DET ADV NOUN	ma ora la mia infelicità ha stabilita	la mai fede	, e fra tante sciagure ho questa sola consolazione , ch ' io non ho dubbio alcuno ; ma confesso aver
ITWAC	mai	religione	?	?	DET ADV NOUN	l' immagine , il lusso sono sicuramente in contrasto con ciò che	la mai religione	comanda e quindi è facile non sia ben vista dalla società .
ITWAC	mai	viste	?	?	DET ADV NOUN	io le scarpe che fanno loro e	lo mai viste	addosso a nessuno .
ITWAC	mai	riforma	documento	?	DET ADV NOUN	senza quest' energia preziosa , questa serena passione non ci sarà	una mai riforma	che si occupi dei diritti di tutti .
ITWAC	mai	visto	?	?	DET ADJ ADV NOUN	andante 13.12.2001 recensore condannato per calunnia : aveva giudicato uno spettacolo come	il peggiore mai visto	senza avervi assistito il cantante e attore david soul ha accettato 20.000 sterline ( 60 milioni di lire ) in
ITWAC	mai	imposte	?	?	DET ADV NOUN	sono condizioni alla connessione tra un opac e	il mai imposte	dal metaopac stesso , che è un metasistema caratterizzato in modo specifico , e collegate al suo funzionamento , scelto in
ITWAC	mai	anima	Entity	?	DET ADV NOUN	perchè sapevo che per la lontanazna non sarebbe potuta durare anche se era	la mai anima	gemella ...
ITWAC	mai	vita	Entity	?	DET ADV NOUN	la mia riguardoa sabato , beh chi l' ha visto lo può immaginare , è stato il giorno + bello	della mai vita	, lo sognavo dal 1996 ...
ITWAC	mai	vita	Entity	?	DET ADV NOUN	" ne va	della mai vita	retroattivamente , capisce ?
ITWAC	mai	vita	Entity	?	DET ADV NOUN	ma che caxxo me ne frega ) ( mo ti cucchi tutta la storia	della mai vita	) son tredici anni che faccio sta vita di merda , su e giù dagli aerei ...
ITWAC	mai	foto	?	?	DET ADV NOUN	] tata nn volevo togliere la foto solo cambiarla e poi invece m si è piantato tutto ora ci metterò	una mai foto	però prima devo scaricare la macchina fotografica ...
ITWAC	mai	anima	Entity	?	DET ADV NOUN	esisto più , e allora come mai non sono in qualche dimensione infernale dove dovrei stare , oppure come mai	la mai anima	non ha trovato pace , come avrebbe potuto dopo il mio sacrificio ?
ITWAC	mai	viste	?	?	DET ADJ ADV NOUN	così come le texture ,	le migliori mai viste	in un survival horror su qualsiasi piattaforma .
ITWAC	mai	vista	?	?	DET ADJ ADV NOUN	glisso volutamente su maldini , fenomenale con l' under 21 ma disastroso con la nazionale , a mio avviso	la peggiore mai vista	.
ITWAC	mai	giacca	?	?	DET ADV NOUN	rimetto a dormire per un' oretta , quando mi sveglio e telefono a jacopo per sapere se sapeva dove stava	la mai giacca	, e perchè non mi aveva dato la mia .
ITWAC	mai	amati	?	?	DET ADV NOUN	proseguire quella guerra che ci si era stancati di combattere a fianco	dei mai amati	tedeschi ?
ITWAC	mai	visto	?	?	DET ADV NOUN	ma come modi di pensare , metafore usate , senso di valicare il limite , di trovare il nuovo ,	il mai visto	( dark side ) , parole dal suono esoterico o immagini semplicemente belle .
ITWAC	mai	istruzioni	?	?	DET ADV NOUN	interrogazione di opac di regioni selezionate via mappa interattiva ricerca globale interrogazione rapida e diretta di tutti gli opac connessi	al mai istruzioni	come utilizzare il mai presentazione articolo di antonella de robbio in " esb forum " requisiti per la connettibilità degli opac
ITWAC	mai	presentazione	?	?	DET ADV NOUN	selezionate via mappa interattiva ricerca globale interrogazione rapida e diretta di tutti gli opac connessi al mai istruzioni come utilizzare	il mai presentazione	articolo di antonella de robbio in " esb forum " requisiti per la connettibilità degli opac informazioni tecniche per gli opacmaster
ITWAC	mai	vita	Entity	?	DET ADV NOUN	ieri notte ho avuto come un lampo e ho visto tutta	la mai vita	futura , naturalmente a grandi linee e mi è piaciuta ...
ITWAC	mai	visto	?	?	DET ADV NOUN	fanno parte del loro mondo , restituiamo loro la nostra presenza , soprattutto quando sono di fronte al diverso ,	al mai visto	, al mai sentito .
ITWAC	mai	visto	?	?	DET ADJ ADV NOUN	il risultato è	un universo mai visto	prima , e la promessa di nuove , sensazionali scoperte per gli anni a venire .
ITWAC	mai	nascita	?	?	DET ADV NOUN	mia son nato io , josè da toledo , cognome preso da mia madre , perché mio padre poco dopo	la mai nascita	se n' andò nelle terre nuove e non tornò mai più .
ITWAC	mai	stanza	?	?	DET ADV NOUN	digli di passare	dalla mai stanza	venendo qui e di prendere il cofanetto di velluto verde che trova nel cassettino del mio comodino " un po' incuriosita
ITWAC	mai	visto	?	?	DET ADJ ADV NOUN	cosi come maiuscola e' strata la prova del trentino simoni che nonostante i 34 anni ed	un basso mai visto	ed oggi veramente di un' altro pianeta in salita , e' stato capace di difendersi alla grandissima e libero da
ITWAC	mai	viste	?	?	DET ADJ ADV NOUN	in generale la grafica di myth iii svolge bene il suo compito , risultando una	delle migliori mai viste	in un videogame di questo tipo .
ITWAC	mai	coscienza	?	?	DET ADV NOUN	in quel momento sento ardere	la mai coscienza	, per la sua macabra bellezza .
ITWAC	mai	smentita	?	?	DET ADV NOUN	era stato denunciato come « borghese » dal partito comunista cubano , che soltanto all ´ ultimo momento , grazie	alla mai smentita	intelligenza di carlos rafael rodríguez , riconobbe , agli incontrollabili ribelli , un carattere rivoluzionario .
ITWAC	mai	vita	Entity	?	DET ADV NOUN	la mia riguardoa sabato , beh chi l' ha visto lo può immaginare , è stato il giorno + bello	della mai vita	, lo sognavo dal 1996 ...
ITWAC	mai	visto	?	?	DET ADV NOUN	, per dar vita anche all' apparente impossibile ; · estrosità benvenuta , dove il nuovo , l' originale ,	il mai visto	non fa più paura anzi viene accolto con favore · moltiplicazione sistematica delle proposte , da idea nasce idea senza più
ITWAC	mai	morti	Qualification or Set of Circumstances	?	DET ADV NOUN	insieme a pietro valpreda ha scritto quattro gocce d' acqua piovana , la nevicata dell' 85 e la primavera	dei mai morti	, tutti con pietro binda come protagonista .
ITWAC	mai	assenza	?	?	DET ADV NOUN	non mi dilunghero' nei xke ' o nei x come	della mai assenza	, preferisco scrivere un post molto divertente che ho letto su d il supplemento dedicato alle donne .
ITWAC	mai	lingua	Qualification or Set of Circumstances	?	DET ADV NOUN	ad un solenne giuramento : " non risparmierei oramai nè fatica nè noia nessuna per mettermi in grado di sapere	la mai lingua	quant ' uomo d' italia " 34 .
ITWAC	mai	strumento	?	?	DET ADV NOUN	campi vedibili dall' utente ( che compongono la scheda infoopac ) campi interpretabili da azalai ( quelli di interfaccia )	il mai strumento	informativo evoluto di aib-web come dice giuseppe o. longo nel suo libro " il nuovo golem " le leggi evolutive che
ITWAC	mai	imposte	?	?	DET ADV NOUN	sono condizioni alla connessione tra un opac e	il mai imposte	dal metaopac stesso , che è un metasistema caratterizzato in modo specifico , e collegate al suo funzionamento , scelto in
ITWAC	mai	imposte	?	?	DET ADV NOUN	sono condizioni alla connessione tra un opac e	il mai imposte	dal metaopac stesso , che è un metasistema caratterizzato in modo specifico , e collegate al suo funzionamento , scelto in
ITWAC	mai	prodotto	?	?	DET ADJ ADV NOUN	via syrah si è riproposto con grandi ambizioni con l' annata 1998 , che la stessa rivista usa definisce "	il migliore mai prodotto	" , ma che secondo alessandro masnaghetti , curatore della nuova guida dell' espresso , merita solo 14,5/20 , surclassato
ITWAC	mai	gente	?	?	DET ADV NOUN	- è con	la mai gente	, laggiù , sul fondo del tempo ...
ITWAC	mai	famiglia	?	?	DET ADV NOUN	ebbene , dopo aver visto spezzoni di mezzogiorni di cuoco mi chiedo se solo	nella mai famiglia	certi alimenti non rientrano nella spesa settimanale o se in realtà le ricette , che dovevano essere inventate sul momento ,
ITWAC	mai	vista	?	?	DET ADV NOUN	ti piace fare la troietta via internet e vedere qdto sono sfigati gli uomini ke farebbero d tutto x fottersi	una mai vista	ke potrebbere essere il cesso + clamoroso del mondo ...
ITWAC	mai	linea	?	?	DET ADV NOUN	il maschio con coda rossissima e questo pattern particolare ci uscisse qualcosa di buono per poi in futuro continuare su	una mai linea	di sangue .
ITWAC	mai	vita	Entity	?	DET ADV NOUN	ci sono cose	nella mai vita	che io , ed io soltanto posso sapere , leggere e vedere .
ITWAC	mai	affare	?	?	DET ADV NOUN	sembiante a cera , anz ' è sì fresca e bella che lo me ' cor s' abbella di non	le mai affare	, tant ' ha piacente affare .
ITWAC	mai	ragazza	Kinship	?	DET ADV NOUN	aldoechiara ( utente semplice , un solo messaggio inviato ) inviato il 04/07/2005 alle ore 17.01.19 io e	la mai ragazza	ci dobbiamo sposare alla fine di luglio .
ITWAC	mai	ragazza	Kinship	?	DET ADV NOUN	il giorno 08/06	la mai ragazza	non sentendo da diversi giorni unica ha provato a chiamare visto che la consegna era tra il 10/06 e il 20/06
ITWAC	mai	vista	?	?	DET ADJ ADV NOUN	la sua longevità è al di sopra di ogni gioco automobilistico , la sua giocabilità è	la migliore mai vista	in una consolle , la sua grafica è lodevo ...
ITWAC	mai	vita	Entity	?	DET ADV NOUN	piccione come amica un bel piccione bianco che vorrei sempre vedere felice e continuo per la mia strada , per	la mai vita	, per i miei sogni !
ITWAC	mai	rimpianto	?	?	DET ADJ ADV NOUN	quello che fa la juve	dell' ex mai rimpianto	lippi e non ha mai imparato a fare né l' inter tentenna di cuper , né quella di zaccheroni adagiata
ITWAC	mai	mail	?	?	DET ADV NOUN	da : lalla data : 14 luglio 2005 lucio , se vuoi ecco	la mai mail	, qui c' è troppa gente ignorante , nn è possibile costruire nulla lupetta6@hotmail.com da : alex data : 14 luglio
ITWAC	mai	comprensione	?	?	DET ADV NOUN	un abbraccio autore risposta : farina inserita il : 09/06/2005 14:04:31 messaggio : caro amleto , hai tutta	la mai comprensione	.
ITWAC	mai	amministrazione	?	?	DET ADV NOUN	non c' erano onde , tutto piatto , ma perché non è così anche per	la mai amministrazione	?
ITWAC	mai	mente	?	?	DET ADV NOUN	quale demone s' impossessò un giorno	della mai mente	...
ITWAC	mai	viste	?	?	DET ADJ ADV NOUN	ma una nota particolare va sicuramente alle animazioni , che a memoria potrebbero essere	le migliori mai viste	: non è un caso infatti che la quantic dream abbia nel proprio ventre uno degli studios di motion capture
ITWAC	mai	smentita	?	?	DET ADV NOUN	era stato denunciato come « borghese » dal partito comunista cubano , che soltanto all ´ ultimo momento , grazie	alla mai smentita	intelligenza di carlos rafael rodríguez , riconobbe , agli incontrollabili ribelli , un carattere rivoluzionario .
ITWAC	mai	visto	?	?	DET ADV NOUN	un miracolo un miracolo è dunque quello che ci serve , lo straordinario ,	il mai visto	, l' inimmaginabile , l' insolito , quanto è fuori della nostra portata .
ITWAC	mai	viste	?	?	DET ADJ ADV NOUN	concerto damien rice bruxelles , ancienne belgique , 26 - 3 - 04 sala : una	delle migliori mai viste	circa 1000 posti di cui 200 seduti in fondo in galleria e un centinaio in logge laterali aperte .
ITWAC	mai	vita	Entity	?	DET ADV NOUN	fatto che lei non voleva vedere dove lavoravo , non voleva uscire con i miei amici , ' entrare '	nella mai vita	, mai avrebbe pensato di dirmi una stupidaggine qualunque come ' andiamo al mare io e te ?
ITWAC	mai	amica	Qualification or Set of Circumstances	?	DET ADV NOUN	aspettiamo e intanto	la mai amica	ese per parlare al cellualre passa qualche min. ma nessun cenno dai cessi , busso e chiamo ma non concludo niente
ITWAC	mai	pazienza	?	?	DET ADV NOUN	- stupidi , pensavano davvero di sorprendermi in un modo così stupido , beh impareranno cosa si ottiene a sfidare	la mai pazienza	.
ITWAC	mai	visione	?	?	DET ADV NOUN	prestigio e potere , il vostro apporto alla nuova società sarà essenziale , presto , ve lo garantisco , approverete	la mai visione	.
ITWAC	mai	smentita	?	?	DET ADJ ADV NOUN	nel loro candore non se ne sono , ovviamente , rese conto , ma hanno obbedito così a	una costante mai smentita	: alla diminuzione della fede corrisponde sempre un aumento dell' interesse per la morale , sino al moralismo sfrenato (
ITWAC	mai	ragazza	Kinship	?	DET ADV NOUN	aldoechiara ( utente semplice , un solo messaggio inviato ) inviato il 04/07/2005 alle ore 17.01.19 io e	la mai ragazza	ci dobbiamo sposare alla fine di luglio .
ITWAC	mai	ragazza	Kinship	?	DET ADV NOUN	il giorno 08/06	la mai ragazza	non sentendo da diversi giorni unica ha provato a chiamare visto che la consegna era tra il 10/06 e il 20/06
ITWAC	mai	vista	?	?	DET ADV NOUN	oggi vai al cinema con	una mai vista	prima e ti ritrovi fra le tende di un uscita chiusa a farlo tu , il film .
ITWAC	mai	visto	?	?	DET ADJ ADV NOUN	) xbox : simulazione : forza motorsports ( il lavoro fatto per i danni su licenza è	il migliore mai visto	) ; arcade : project ghotam 2 ( perfetto nella sua meccanica di gioco ) ; ibrido : toca 2
ITWAC	mai	affare	?	?	DET ADV NOUN	sembiante a cera , anz ' è sì fresca e bella che lo me ' cor s' abbella di non	le mai affare	, tant ' ha piacente affare .
ITWAC	mai	scelta	?	?	DET ADV NOUN	son stati gentili , hanno capito	la mai scelta	ed erano contenti per me .
ITWAC	mai	famiglia	?	?	DET ADV NOUN	" "	la mai famiglia	non è perfetta !
ITWAC	mai	vista	?	?	DET ADJ ADV NOUN	peccato , la zona del porto antico è	la migliore mai vista	per una festa .
ITWAC	mai	ragazza	Kinship	?	DET ADV NOUN	aldoechiara ( utente semplice , un solo messaggio inviato ) inviato il 04/07/2005 alle ore 17.01.19 io e	la mai ragazza	ci dobbiamo sposare alla fine di luglio .
ITWAC	mai	ragazza	Kinship	?	DET ADV NOUN	il giorno 08/06	la mai ragazza	non sentendo da diversi giorni unica ha provato a chiamare visto che la consegna era tra il 10/06 e il 20/06
ITWAC	mai	lista	?	?	DET ADV NOUN	ora segnerò il nome del cugino incriminato	nella mai lista	nera ...
ITWAC	mai	storia	Process	?	DET ADV NOUN	ciao marco	la mai storia	di sportivo najff la conosci perchè da lassù hai il potere di leggere la vita di tutti noi .
ITWAC	mai	metà	?	?	DET ADV NOUN	un po' più egoista e abbi un po' di più autostima , vedrai che penserai " lei non sarà più	la mai metà	( e non sa ancora che cosa si è lasciata scappare ) " poi buttati su di un' altra donna .
ITWAC	mai	scomparsa	?	?	DET ADV NOUN	la bella sicurezza imprenditoriale e anche la sua retorica produttivistica e progettuale danno una spinta	alla mai scomparsa	intolleranza missina degli storace , dei gasparri e anche del loro segretario un po' « fumo di londra » e degli
ITWAC	mai	vita	Entity	?	DET ADV NOUN	; - ddd ahaha sei l' uomo	della mai vita	!!!
ITWAC	mai	viste	?	?	DET ADJ ADV NOUN	la regia artificiale è tra	le migliori mai viste	e spesso si ha la sensazione di assistere ad un film interattivo .
ITWAC	mai	vita	Entity	?	DET ADV NOUN	recentemente , avendo cambiato quasi radicalmente	la mai vita	, ho adottato un cagnolino maltese di nome satin .
ITWAC	mai	testa	?	?	DET ADV NOUN	fin qui ; il film più atteso della mia vita , me lo sono sciroppato con la cassa di destra	sulla mai testa	, che ad ogni emissione sonora spernacchiava in maniera invereconda perfino per le rcf del cinema nes *** di frosinone .
ITWAC	mai	prodotti	?	?	DET ADJ ADV NOUN	di altro lignaggio ci appare il trebbiano d' abruzzo marina cvetic 1999 che a parer di sottoscritto potrebbe attestarsi tra	i migliori mai prodotti	da questa cantina .
