REPUBBLICA	non più	bambini	Qualification or Set of Circumstances	?	DET ADV NOUN	, perché quasi in ogni generazione scattano certi meccanismi del ricordo , oltre una certa età ; e fanno comprendere	ai non più bambini	come mai , non solo in parecchi importanti secoli del passato , il gusto di leggere e scrivere soprattutto di cose
REPUBBLICA	non più	comico	?	?	DET ADV NOUN	emerita introduzione al testo di letteratura gioiosamente strappata e cestinata in coro , con l' arrivo del professor keating (	il non più comico	e intenso robin williams ) .
REPUBBLICA	non più	città	Qualification or Set of Circumstances	?	DET ADV NOUN	inediti , semina stimoli , apprezza il buono e il nuovo che c' è nei periodici sussulti civili e creativi	della non più città	ma galassia megalopolitana , accetta le dure critiche -- quando colgono nel segno -- formulate da osservatori di ieri e di
REPUBBLICA	non più	ministro	Role	?	DET ADV NOUN	è già buio , quando la trasformazione	del non più ministro	del tesoro in presidente della repubblica si è compiuta definitivamente con il trasloco da via xx settembre : i commessi chiudono
REPUBBLICA	non più	bambino	?	?	DET ADV NOUN	un tempo nel quale	il non più bambino	, la non più bambina , sentono che tutti si aspettano qualcosa da loro , qualcosa di meglio e di più
REPUBBLICA	non più	tanto	?	?	DET ADV NOUN	del leone d' inverno di james goldman , da ieri in scena al manzoni di milano , rossella falk è	la non più tanto	soda- le consorte di enrico ii re d' inghilterra recitato da andrea giordana , nei panni della cui favorita è valentina
WIKICONLL	non più	giovane	Qualification or Set of Circumstances	?	DET ADV NOUN	formula 1 , con una squadra completamente nuova , che vede schierati due piloti italiani , giuseppe farina , ed	il non più giovane	luigi fagioli , classe 1898 , ed un pilota argentino , quasi quarantenne , ma di cui si dice un gran
WIKICONLL	non più	essenzialità	?	?	DET ADV NOUN	eccesso per lo spirito e per l' evoluzione ha mosso lo sguardo scientifico e profetico di teilhard a vedere oltre	la non più essenzialità	della stessa struttura sociale familiare per portare avanti l' evoluzione .
ITWAC	non più	studenti	Qualification or Set of Circumstances	?	DET ADV NOUN	offerte per i giovani , per i non giovani , per gli studenti e per	i non più studenti	di tutte le età , ma sempre attenti ai tuoi desideri .
ITWAC	non più	giovani	Qualification or Set of Circumstances	?	DET ADV NOUN	la vita	dei non più giovani	infatti , prosegue miselli è « carica della memoria del passato » , e soprattutto « della tradizione religiosa della chiesa
ITWAC	non più	giovani	Qualification or Set of Circumstances	?	DET ADV NOUN	lâ  tmapertura musicale con lâ  tmormai inflazionato il bel danubio blu vuole forse influenzare la memoria	dei non più giovani	riportandoli a 2001 odissea nello spazio , che ben difficilmente potrà ricordare qualcosa agli studenti enciclopedia del ' universo l' enciclopedia
ITWAC	non più	giovani	Qualification or Set of Circumstances	?	DET ADV NOUN	giovani che spesso sono quelli che non superano i test di osservatore arbitrale ma , vorrebbero comunque rimanere , e	i non più giovani	forse stanchi , demotivati e già appagati .
ITWAC	non più	verde	?	?	DET ADV NOUN	, insieme magari a qualche altra pecorella smarrita e ritrovata , per formalizzare la nascita dell' o.n.g.i. sembrerebbe interessato anche	il non più verde	stefanino , ma la sua carenza di vigore e la decrepita mollezza dallo stesso più volte dichiatamente ammessa non autorizza facili
ITWAC	non più	verde	?	?	DET ADV NOUN	sembrerebbe interessato anche	il non più verde	stefanino , ma la sua carenza di vigore e la decrepita mollezza dallo stesso più volte dichiatamente ammessa non autorizza facili
ITWAC	non più	vita	Entity	?	DET ADV NOUN	della lapide : l' epigrafe rende ufficiale la fine quando il dedicatario decide di farsi ricordare , quando si passa	dalla non più vita	alla storia e quindi alla memoria di sé .
ITWAC	non più	giovani	Qualification or Set of Circumstances	?	DET ADV NOUN	periodo , riferito a walter e william , si situano tra il ventennio fascista e il dopoguerra , e per	i non più giovani	costituiscono un momento caratterizzante del " come eravamo " , frammenti visivi di uno spaccato di vita non molto lontano da
ITWAC	non più	giovani	Qualification or Set of Circumstances	?	DET ADV NOUN	di quello che è successo attorno al g 8 è degli intellettuali e in particolare dei registi italiani , anche	i non più giovani	scola , monicelli , pontecorvo che , ancora una volta , avrebbero " coccolato i violenti " .
ITWAC	non più	giovani	Qualification or Set of Circumstances	?	DET ADV NOUN	ai giovani e	ai non più giovani	che si avviano verso la senilità i consigli elargiti sono sostanzialmente i medesimi e si basano sull' attenzione di quanto ci
ITWAC	non più	presenza	Qualification or Set of Circumstances	?	DET ADV NOUN	dopo gli avvenimenti dello scorso anno , alla riapertura di un' altra sessione , nonostante tanti cedimenti di carlo ,	la non più presenza	del duca di buckingam , i contrasti si riaccendono ancora sull' autoritarismo della corona ma anche su quello ecclesiastico .
ITWAC	non più	riconoscibilità	?	?	DET ADV NOUN	si può correre il rischio , cosa che è già in atto ,	della non più riconoscibilità	dell' architettura da parte dell' utenza ...
ITWAC	non più	vigenza	?	?	DET ADV NOUN	principio generale della sospensione obbligatoria ex lege del processo civile , amministrativo o contabile , depongono a maggior ragione per	la non più vigenza	della sospensione facoltativa per pregiudizialità del processo penale .
ITWAC	non più	giovani	Qualification or Set of Circumstances	?	DET ADV NOUN	lâ  tmapertura musicale con lâ  tmormai inflazionato il bel danubio blu vuole forse influenzare la memoria	dei non più giovani	riportandoli a 2001 odissea nello spazio , che ben difficilmente potrà ricordare qualcosa agli studenti enciclopedia del ' universo l' enciclopedia
ITWAC	non più	neonata	?	?	DET ADV NOUN	una giusta protesta che nasce dall' estremo disagio e mal servizio a cui ci sta sempre più abituando	la non più neonata	trenitalia s.p.a. " da ottobre , spiega balotta  segretario della fit cils lombarda  sono stati soppressi 186 treni pendolari
ITWAC	non più	vigenza	?	?	DET ADV NOUN	principio generale della sospensione obbligatoria ex lege del processo civile , amministrativo o contabile , depongono a maggior ragione per	la non più vigenza	della sospensione facoltativa per pregiudizialità del processo penale .
ITWAC	non più	lettore	?	?	DET ADV NOUN	breve , rappresentando ordinatamente quello che sarà piaciuto all' inventore , non operi soltanto nella immaginativa ma eziandio ne' sensi	del non più lettore	ma spettatore e uditore e che so io ?
ITWAC	non più	attraversamento	?	?	DET ADV NOUN	perchè si devìa il corso del fiume per attrarre turisti e ciò implica	il non più attraversamento	del ponte da parte di nessuno ...
ITWAC	non più	giovane	Qualification or Set of Circumstances	?	DET ADV NOUN	emily watson nei panni	della non più giovane	aristocratica gioca ad essere il contraltare della follia di luzhin e senza mai accentuarla troppo , la sottolinea : con altrettanta
ITWAC	non più	giovani	Qualification or Set of Circumstances	?	DET ADV NOUN	sul piano strettamente radiofonico , per	i non più giovani	legati in qualche modo alla modulazione di ampiezza , ricordiamo che le onde corte sono in costante dismissione ; entro la
ITWAC	non più	attraversamento	?	?	DET ADV NOUN	perchè si devìa il corso del fiume per attrarre turisti e ciò implica	il non più attraversamento	del ponte da parte di nessuno ...
ITWAC	non più	giovane	Qualification or Set of Circumstances	?	DET ADV NOUN	in quella città il solitario charley , conquistato dalla forza e dal coraggio	della non più giovane	sue ( annette benning ) , dovrà affrontare i demoni che lo perseguitano ed arrivare allo scontro violento con i despoti
ITWAC	non più	giovani	Qualification or Set of Circumstances	?	DET ADV NOUN	bisognerebbe sentirli sul serio i giovani e anche	i non più giovani	che hanno perso il lavoro , prima di interpretarne con tanta sicurezza le loro aspirazioni .
ITWAC	non più	sonno	?	?	DET ADV NOUN	" rotolai nel mondo di pantofole sbattendo la testa contro il pavimento	del non più sonno	.
ITWAC	non più	sostenibilità	?	?	DET ADV NOUN	in quell' assise si approfondiscono naturalmente i temi interni dell' organizzazione , ma particolarmente	la non più sostenibilità	- da parte dei lavoratori , pensionati , giovani ed immigrati - delle richieste da parte della proprietà edilizia attraverso un
ITWAC	non più	verde	?	?	DET ADV NOUN	nell' africa coloniale di inizio '900 , durante la guerra anglo-boera ,	la non più verde	aristocratica martha ( juliet aubrey ) scopre l' amore che aveva rimosso dalla propria vita nell' attendente del fratello .
ITWAC	non più	partecipazione	?	?	DET ADV NOUN	purtroppo , è di san francesco che mi ha ispirato dopo 25 anni di forzato silenzio - lo si evince	dalla non più partecipazione	di padre giovanni alle processioni della statua , cioè da quando 25 anni fa aveva già denunciato questo problema , ma
ITWAC	non più	giovinezza	?	?	DET ADV NOUN	vedo un vecchio seduto su una panchina , anch' esso accartocciato su se stesso , senza luminosità sul volto scavato	dalla non più giovinezza	.
ITWAC	non più	idoneità	?	?	DET ADV NOUN	a tutt ' oggi la provincia di latina non intenda proseguire l' opera , per motivazioni poco chiare e riconducibili	alla non più idoneità	del sito ; la costruzione dell' istituto scolastico è interamente finanziata con mutuo pari a 6.000 milioni di lire con ammortamento
ITWAC	non più	giovani	Qualification or Set of Circumstances	?	DET ADV NOUN	prime generazioni , fiorenza jones , presidente del comites del queensland & northern territory , ha voluto sottolineare che anche	i non più giovani	continuano a manifestare un forte interesse per l' italia e verso tutto ciò che questa rappresenta : leggono i giornali italiani
ITWAC	non più	neonata	?	?	DET ADV NOUN	una giusta protesta che nasce dall' estremo disagio e mal servizio a cui ci sta sempre più abituando	la non più neonata	trenitalia s.p.a. " da ottobre , spiega balotta  segretario della fit cils lombarda  sono stati soppressi 186 treni pendolari
ITWAC	non più	giovani	Qualification or Set of Circumstances	?	DET ADV NOUN	| continua | l' importanza della vita affettiva a tutte le età " anche per	i non più giovani	è possibile vivere con serenità il rapporto di coppia e migliorare così la qualità della vita ...
ITWAC	non più	giovani	Qualification or Set of Circumstances	?	DET ADV NOUN	, svuotarsi di giovani ed adulti , ma rimanere colma di anziani ecco che , telefonando al numero verde ,	i non più giovani	possono avere precise informazioni su servizi oltremodo utili in una città semideserta quali : l' assistenza domiciliare , il servizio di
ITWAC	non più	verde	?	?	DET ADV NOUN	il regista stanley donen ha fatto di meglio : audrey hepburn comunque sempre deliziosa in qualsiasi ruolo , pure ;	il non più verde	fred astaire prde di colpo vent' anni appena accenna a qualche passo di danza " .
ITWAC	non più	giovani	Qualification or Set of Circumstances	?	DET ADV NOUN	molti tra noi , soprattutto tra	i non più giovani	hanno certo vissuto lo scatenarsi della guerra con un senso profondo di frustrazione e di amarezza , accresciuto dallo spettacolo dei
ITWAC	non più	giovani	Qualification or Set of Circumstances	?	DET ADV NOUN	gessatore ( in nero ) in un cantiere edile , di notte violentatore di donne sole in età avanzata :	dalle non più giovani	alle vecchiette .
ITWAC	non più	giovani	Qualification or Set of Circumstances	?	DET ADV NOUN	lâ  tmapertura musicale con lâ  tmormai inflazionato il bel danubio blu vuole forse influenzare la memoria	dei non più giovani	riportandoli a 2001 odissea nello spazio , che ben difficilmente potrà ricordare qualcosa agli studenti lezioni , capitoli , viaggio nello
ITWAC	non più	ufficio	Place or function	?	DET ADV NOUN	ricordo molto bene di quel giorno , il tratto che mi portò	dal non più ufficio	, a casa ...
ITWAC	non più	giovani	Qualification or Set of Circumstances	?	DET ADV NOUN	ai giovani e	ai non più giovani	che si avviano verso la senilità i consigli elargiti sono sostanzialmente i medesimi e si basano sull' attenzione di quanto ci
ITWAC	non più	concedibilità	?	?	DET ADV NOUN	il complesso delle modifiche sono condivisibili perché ispirate al criterio della definitività e , quindi ,	della non più concedibilità	di ulteriori proroghe , pur se legislative .
ITWAC	non più	idoneo	?	?	DET ADV NOUN	le passate e le presenti inerzie degli enti nella gestione dei meccanismi di progressione , unitamente	al non più idoneo	requisito di anzianità di livello attualmente richiesto , hanno irrigidito l' intero sistema , spesso negando l' adeguato riconoscimento della professionalità
ITWAC	non più	giovani	Qualification or Set of Circumstances	?	DET ADV NOUN	, come si apprende dallo stesso rapporto , da una percentuale compresa tra il 15 e il 22 per cento	dei non più giovani	proviene denaro per finanziare attività imprenditoriali .
ITWAC	non più	giovani	Qualification or Set of Circumstances	?	DET ADV NOUN	le discoteche della fine degli anni novanta e le cubiste che ballano sovrastando la folla dei giovani e	dei non più giovani	in pista sono di là da venire .
ITWAC	non più	giovani	Qualification or Set of Circumstances	?	DET ADV NOUN	periodo ) che ancora non finisce di esercitrare su molte menti giovani e non più giovani una prepotente fascinazione :	sui non più giovani	in quanto protagonisti o testimoni di un' epoca ( quando non attirittura nostalgici ) ; sui giovani , in particolare sulla
ITWAC	non più	mille	?	?	DET ADV NOUN	ferventi saggi , ugualmente provvidi al cielo - nel condurre in salvo la travagliata storia dell' umanità - dal mille	al non più mille	.
ITWAC	non più	giovani	Qualification or Set of Circumstances	?	DET ADV NOUN	i giovani ed	i non più giovani	si ritrovano in piazza a ballare e mangiare partecipando ad un ludo collettivo di tradizione secolare .
ITWAC	non più	esistenza	?	?	DET ADV NOUN	i gorillaz non esistono e lamentano	la non più esistenza	del mondo , il deserto arido e la discarica , mettono in scena l' implosione della cultura pop attraverso l' accumulo
ITWAC	non più	ragazze	Kinship	?	DET ADV NOUN	4 )	alle non più ragazze	.
