REPUBBLICA	nuovo	vecchio	?	?	un dissenso che tuttavia quasi tutti hanno definito " fisiologico " , non allarmante : anche perché nel complesso il	nuovo-vecchio	presidente è stato votato da quasi l' ottanta per cento dei senatori .
REPUBBLICA	nuovo	vecchio	?	?	questa corsa al nuovo ( anche al	nuovo-vecchio	) nel mio paese ha subìto una strepitosa accelerazione negli ultimi tempi .
REPUBBLICA	nuovo	tory	?	?	di gabinetto , del sottosegretario alla tesoreria john moore , un altro uomo politico molto impegnato , efficiente e tipico	nuovo-tory	popolare non soltanto con l' elettorato femminile ma anche con gli yuppies , i giovani ambiziosi carrieristi dell' inghilterra della
REPUBBLICA	nuovo	pignone	?	?	roma -- la	nuovo-pignone	, la società di impiantistica del gruppo eni verrà quotata in borsa .
REPUBBLICA	nuovo	bruzzano	?	?	nel primo caso , la faida di motticella-africo	nuovo-bruzzano	è così tornata ad insanguinare questo lembo di zona ionica , a ridosso dell' aspromonte .
REPUBBLICA	nuovo	nuovo	?	?	su ciò che è rimasto di quel nuovo che ieri aveva motivato la nascita di questo anti-festival , e sul	nuovo-nuovo	di oggi , in sintonia o meno con quello di ieri .
REPUBBLICA	nuovo	la	?	?	è doveroso sottolineare che due dei più valorosi sforzi di spiegare interpretando la rivoluzione francese sono italiani ( il mondo	nuovo-la	nuit de varennes di ettore scola e i giacobini , seguito da i grandi camaleonti , di federico zardi ,
REPUBBLICA	nuovo	vecchio	?	?	ma questa squadra , rispetto al mondiale ha giurato fedeltà al	nuovo-vecchio	ct .
REPUBBLICA	nuovo	vecchio	?	?	il giudizio sul	nuovo-vecchio	tecnico scava un fossato , anzi una voragine tra lo stesso trap e tutti coloro che l' hanno più o
REPUBBLICA	nuovo	vecchio	?	?	con dodici gol in tredici partite ( e non tutte estive , non tutte facili ) , il	nuovo-vecchio	bomber juventino progetta e sogna con disarmante naturalezza : " la doppia operazione alle spalle è un ricordo , sto
REPUBBLICA	nuovo	il	?	?	bugie e da crudeli solitudini : la regia è dello stesso autore , e la compagnia è quella del teatro	nuovo-il	carro ( dal 12 ) .
REPUBBLICA	nuovo	wien	?	?	illustrato dai responsabili della rassegna , è dichiarato dal laborioso e un po' enigmatico titolo del festival -- " di	nuovo-wien	modern , prime , seconde e altre esecuzioni " -- che ha dunque accantonato la storica e bellissima dicitura "
REPUBBLICA	nuovo	wien	?	?	" di	nuovo-wien	modern " 1994 , incentrato sulle figure di gyorgy ligeti e helmut lachenmann , ma anche aperto a significativi collegamenti
REPUBBLICA	nuovo	vecchio	?	?	che vuole questo bossi si chiede anche silvio berlusconi che è un	nuovo-vecchio	, uno che conosceva le regole d' antan anche se ora ha preso la testa del nuovo senza partiti ,
REPUBBLICA	nuovo	vecchio	?	?	controllo locale e gli anticorpi che le mancano e fare in modo che non assuma l' assetto di un grande	nuovo-vecchio	pentapartito .
REPUBBLICA	nuovo	vecchio	?	?	la cosa orrenda di questo sottosopra è che c' è un	nuovo-vecchio	.
REPUBBLICA	nuovo	vecchio	?	?	qualcosa di simile sta avvenendo anche con la televisione di stato , anche qui il marchingegno del	nuovo-vecchio	funziona come in un nuovo patto consociativo .
REPUBBLICA	nuovo	vecchio	?	?	campagna elettorale : quella della destra è più aderente al suo elettorato , giocata sulla contrapposizione	nuovo-vecchio	e spruzzata di invidia sociale .
REPUBBLICA	nuovo	vecchio	?	?	il vecchio-nuovo gentile e il	nuovo-vecchio	gay sono i visi in luce del gruppo che ettore messina raduna oggi a trieste ( con ambrassa al posto
REPUBBLICA	nuovo	il	?	?	napoli -- pippo delbono è all' ultima prova generale del suo spettacolo barboni , una produzione del teatro	nuovo-il	carro con cui prende forma il suo desiderio , a lungo elaborato , di mettere in scena i percorsi faticosi
REPUBBLICA	nuovo	vecchio	?	?	" è quello	nuovo-vecchio	, cioè lo 047 .
REPUBBLICA	nuovo	vecchio	?	?	che oggi non ci sono , accanto agli apporti pazientemente saldati dal	nuovo-vecchio	manager toni cappellari ; e che , se verranno coperti da uno sponsor , saranno un canone anche munifico ,
WIKICONLL	nuovo	vecchio	?	?	il significato dell' aggettivo " maior " , dato che in molti altri casi viene usata la terminologia superiore-inferiore o	nuovo-vecchio	.
WIKICONLL	nuovo	psi	Cultural or political movement	?	tale iniziativa politica ha trovato l' assenso dello sdi di enrico boselli , dal	nuovo-psi	di gianni de michelis , dai socialisti italiani di saverio zavettieri e dal gruppo di ex-diessini guidati da gavino angius
WIKICONLL	nuovo	il	?	?	sodalizio tra " il carro " e il teatro nuovo di napoli prende vita nel 1982 la cooperativa " teatro	nuovo-il	carro " , che risulterà essere tra le migliori produzioni teatrali di quegli anni .
WIKICONLL	nuovo	atena	?	?	prevedeva vari allacci : da bari centrale , la tratta bari-altamura- avigliano-potenza- laurenzana si sarebbe congiunta con la piccola marsico	nuovo-atena	lucana , che avrebbe proseguito , con la posa di una terza rotaia ( per lo scartamento 950 mm )
WIKICONLL	nuovo	messico	?	?	letteratura al cégep di trois-rivières , a l’ université du québec a trois-rivières e in alcune università americane e del	nuovo-messico	.
WIKICONLL	nuovo	ragazzo	Kinship	?	jason fu soprannominato , fin dal suo esordio , " jason newkid " ( jason	nuovo-ragazzo	) .
WIKICONLL	nuovo	insediamento	?	?	regione di sebenico e tenin sparsi in 24 insediamenti ( " naselja " ) : novo – naselje ( "	nuovo-insediamento	" ) , pližote ( " plissótte " ) , gatara ( " gattara " ) , grubišić ( "
WIKICONLL	nuovo	wilson	?	?	di fare , per valutar- ne le reazioni ) e poi , capendo che questi non è adatto come "	nuovo-wilson	" , di pedinare wilson per capire quante possibilità ci sono di tornare amici , senza però ricevere buone notizie
ITWAC	nuovo	tipo	?	?	typedef tipo	nuovo-tipo	si osservi l' esempio seguente .
ITWAC	nuovo	realismo	movimento culturale/politico	?	cubismo , surrealismo , astrattismo , informale ,	nuovo-realismo	suddividono le opere presenti che qui però fanno tutt ' uno con l' ambiente così che l' arte moderna si
ITWAC	nuovo	cucciolo	?	?	, la " re-pet " ( il cui significato è un gioco di parole tra " ripeti " e "	nuovo-cucciolo	" , è stato regolarmente registrato dalla casa di produzione , chissà che non si voglia gettare nel business .
ITWAC	nuovo	psi	Cultural or political movement	?	governo in quella circostanza rispose ad una mia precisa domanda dicendo che quella norma era stata introdotta per consentire al	nuovo-psi	di potersi presentare alle elezioni ( ricordo che il senatore malan , come me , è stato tratto in inganno
ITWAC	nuovo	psi	Cultural or political movement	?	borelli anche se volessimo costituire il terzo polo vi faccio notare che con il nostro quasi 2 % il piccolissimo	nuovo-psi	e chi altro ma tutti piccoli e minoritari no ...
ITWAC	nuovo	continente	?	?	il	nuovo-continente	europa che abbiamo visto nascere l' altro ieri a dublino assomiglia molto poco alla prima comunità che si formò nel
ITWAC	nuovo	ritorno	?	?	huxley , le porte della percezione , paradiso e inferno , mondadori , milano 1993 pag 76 ; il mondo	nuovo-ritorno	al mondo nuovo , mondadori , milano 1991 , pag 296 ; cei , la verità vi farà liberi ,
ITWAC	nuovo	modo	?	?	la copertina di time del 18 febbraio è dedicata all' argomento e anticipa un servizio su un	nuovo-modo	di pensare il tumore al seno .
ITWAC	nuovo	segretario	Role	?	in fondo un modo per rinviare la questione	nuovo-segretario	, che trova l' adesione della sinistra .
ITWAC	nuovo	circo	?	?	nuovo ed originale , nato dalla collisione di due mondi che trovano un terreno di scambio e confronto ; il	nuovo-circo	, o il circo-teatro , in cui le discipline della pista , musica , teatro , danza , mimo e
ITWAC	nuovo	nome	?	?	12 then 13 echo " utilizzo : ` basename $ 0 ` vecchio-nome	nuovo-nome	nomefile " 14 exit $ e _ err _ arg 15 fi 16 17 vecchio _ nome = $ 1
ITWAC	nuovo	valore	?	?	blocchi del file vengono effettivamente scritti , ma e' mantenuta una traccia delle modifiche sotto forma di coppia vecchio-valore /	nuovo-valore	.
ITWAC	nuovo	recupero	?	?	dovrei fare una relazione sul confronto	nuovo-recupero	di beni o elementi architettonici .
ITWAC	nuovo	ritorno	?	?	huxley , le porte della percezione , paradiso e inferno , mondadori , milano 1993 pag 76 ; il mondo	nuovo-ritorno	al mondo nuovo , mondadori , milano 1991 , pag 296 ; cei , la verità vi farà liberi ,
ITWAC	nuovo	vita	Entity	?	del 2000 che , all' insegna dell' anno nuovo , secolo nuovo e , per chi ama crederlo , millennio	nuovo-vita	nuova , detta rubrica ha cambiato nome .
ITWAC	nuovo	forum	?	?	ritornoando sul discorso del nostro ex	nuovo-forum	che ha intrapreso un viaggio spaziale vorrei precisare che è partito da solo in questa missione , quindi visto che
ITWAC	nuovo	valore	?	?	il codice listato per farlo , appare simile a questo : ( setq nome-variabile	nuovo-valore	) dove nome-variabile è il nome della variabile e nuovo-valore è il valore che vorreste dare alla variabile ( in
ITWAC	nuovo	valore	?	?	farlo , appare simile a questo : ( setq nome-variabile nuovo-valore ) dove nome-variabile è il nome della variabile e	nuovo-valore	è il valore che vorreste dare alla variabile ( in gergo lisp , state legando una variabile ad un valore
ITWAC	nuovo	teatro	Place or function	?	teatrale krypton f.a.m.e. , teatro studio , scandicci ( fi ) , dal 5 al 10 aprile ; nuovo teatro	nuovo-teatro	stabile napoli l' ereditiera , teatro gobetti , torino , dal 5 al 10 aprile ; produzione fabbrica e la
REPUBBLICA	nuovo	nuova	?	?	decine di autori , fra i quali i critici parigini scelgono doillon e tèchinè come possibili alfieri della	nuova-nuova	ondata .
REPUBBLICA	nuovo	dimensione	?	?	juventus e il napoli una dietro l' altra : due confronti diretti che forse daranno la misura giusta della roma	nuova-dimensione	.
REPUBBLICA	nuovo	stadio	?	?	metrò porta	nuova-stadio	.
REPUBBLICA	nuovo	vecchia	?	?	a cominciare dai rapporti tra i soci di controllo della	nuova-vecchia	mondadori , cioè berlusconi , luca formenton e leonardo mondadori .
REPUBBLICA	nuovo	unità	?	?	se anche andate in aula con i vecchi 41 voti prodotti dallo stesso schieramento ( dc-psi-psdi-lega	nuova-unità	riformista-pli - pensionati ) resta una sua sconfitta -- gli chiedono -- significa che ha vinto radice fossati ...
REPUBBLICA	nuovo	unità	?	?	milano -- una batosta elettorale che riduce di molto le esigue , risicatissime forze della maggioranza dc-psi-psdi-pli-lega	nuova-unità	riformista .
REPUBBLICA	nuovo	vecchia	?	?	come sarà dunque questa	nuova-vecchia	cowley ?
REPUBBLICA	nuovo	vecchia	?	?	e vediamo- la cos' è questa " stella " , questa	nuova-vecchia	mafia che sembra lievitare mese dopo mese e occupare territori su territori che una volta erano incontrastato dominio dei padrini
REPUBBLICA	nuovo	vecchia	?	?	ma , giovanni brusca , è anche un mafioso non più in ' linea ' con la	nuova-vecchia	politica di cosa nostra siciliana .
REPUBBLICA	nuovo	vecchia	?	?	è proprio l' ultimo dei corleonesi , un boss che non sembra più in " linea " con la	nuova-vecchia	politica di cosa nostra siciliana .
REPUBBLICA	nuovo	vecchia	?	?	questa	nuova-vecchia	mini è così un vero tuffo nel passato .
REPUBBLICA	nuovo	pomerania	?	?	il simbolo della vittoria è la regione del meclemburgo	nuova-pomerania	.
REPUBBLICA	nuovo	milano	?	?	sono le sei di sera , corro a prendere il treno per milano : stazione di porta	nuova-milano	centrale , stesso ambiente , stessi drammi , stessi emigrati da paesi lontani .
REPUBBLICA	nuovo	nuova	?	?	dicono oggi a wall street : l' ascesa e la caduta di saylor sono il segnale che nella "	nuova-nuova	economia " le società serie prospereranno e i piazzisti di scatole vuote saranno crocefissi .
REPUBBLICA	nuovo	nuovo	?	?	gli altri candidati : maurizio bolognetti ( lista bonino ) al 2 per cento , bonaventura postiglione ( forza	nuova-nuovo	progetto ) , sotto l' uno per cento .
REPUBBLICA	nuovo	dc	movimento culturale/politico	?	se il referendum non passa , c' è chi già pensa di organizzare un terzo polo , una	nuova-dc	.
WIKICONLL	nuovo	ulma	?	?	il circondario di göppingen e con il circondario di heidenheim , ad est con i circondari bavaresi di günzburg e	nuova-ulma	come pure con la città extracircondariale di ulma , a sud con il circondario di biberach e a ovest con
WIKICONLL	nuovo	lingotto	?	?	collegno-porta	nuova-lingotto	( est-ovest ) , prima apertura febbraio 2006 .
WIKICONLL	nuovo	chieti	?	?	è in progetto anche il raddoppio del tratto pescara porta	nuova-chieti	che serve l' area metropolitana della città costiera e la zona industriale di chieti .
WIKICONLL	nuovo	gruppo	Qualification or Set of Circumstances	?	acquisizione di banca nuova ( sede a palermo ) e banca del popolo di trapani che vengono fuse in banca	nuova-gruppo	banca popolare di vicenza .
WIKICONLL	nuovo	russia	?	?	nel 1805 , evidentemente soddisfatto , estese la carica all' intera provincia della	nuova-russia	( novorossija ) , ovvero tutto il sud della russia recentemente conquistato agli ottomani .
WIKICONLL	nuovo	ulma	?	?	il circondario di	nuova-ulma	è uno dei circondari rurali dello stato tedesco della baviera .
WIKICONLL	nuovo	ulma	?	?	altenstadt (	nuova-ulma	) .
WIKICONLL	nuovo	ulma	?	?	holzheim (	nuova-ulma	) .
WIKICONLL	nuovo	ulma	?	?		nuova-ulma	.
WIKICONLL	nuovo	ulma	?	?	l' abbazia di roggenburg è un' abbazia premostratense situata presso la città di roggenburg , nel circondario di	nuova-ulma	, nel land della baviera .
WIKICONLL	nuovo	ulma	?	?	lo stabilimento di produzione di mannheim è il più importante , c' è poi quello di	nuova-ulma	, ed altri impianti in spagna , repubblica ceca e turchia .
ITWAC	nuovo	sinistra	movimento culturale/politico	?	perché anche tu , tra fucile , antifascismo e poteri - al-popolo-a-pugno-chiuso , continui a vivere di quella vecchia	nuova-sinistra	che così puntualmente ed efficacemente denunci nel libro ?
ITWAC	nuovo	destra	?	?	di quest' ultimo personaggio è rintracciabile in alcuni articoli , usciti con la sua firma , direttamente nella rivista della	nuova-destra	" diorama " [ 9 ] dell' ex-fuoriuscito dal msi , negli anni ottanta per un dissenso con l' ala
ITWAC	nuovo	regola	?	?	- r catena x	nuova-regola	sostituisci la regola posta alla posizione " x " con quella nuova .
ITWAC	nuovo	economia	?	?	, nel principio ( neg-entropico  in quanto determina un ordine nuovo ) dei rendimenti crescenti ( r.c. ) della	nuova-economia	, risiede fondamentalmente nella equivalenza dinamica che sussiste tra " tempo e denaro " .
ITWAC	nuovo	mente	?	?	conferma , seppure implicita , in più recente sentenza ( su n. 12041 del 28 novembre 1997 ) , ha	nuova-mente	escluso che il danno risarcibile , rientrante nella giurisdizione della corte dei conti , sia ravvisabile soltanto in una diminuzione
ITWAC	nuovo	giunta	?	?	non la pensano così gli esponenti del centro-sinistra , che dopo la composizione della	nuova-giunta	alla regione puglia chiederanno a nichi vendola di avviare le procedure per un " embargo " di tipo politico e
ITWAC	nuovo	economia	?	?	vissuto e vive quest' esperienza una testimonianza diretta , per approfondire questo tema che , per le sue caratteristiche di	nuova-economia	, ci sembra davvero affascinante .
ITWAC	nuovo	sinistra	movimento culturale/politico	?	perché anche tu , tra fucile , antifascismo e poteri - al-popolo-a-pugno-chiuso , continui a vivere di quella vecchia	nuova-sinistra	che così puntualmente ed efficacemente denunci nel libro ?
ITWAC	nuovo	integrazione	?	?	ma anche volendo sperimentare questa "	nuova-integrazione	" , perché si decanta tanto il decentramento ( che consente maggior adattabilità alle realtà locali ) e poi si
ITWAC	nuovo	evangelizzazione	?	?	la	nuova-evangelizzazione	è l' introduzione dell' uomo , di ogni uomo e di tutto l' uomo dentro all' atto redentivo di cristo
ITWAC	nuovo	mente	?	?	afflitto gettò lo sguardo in terra ,	nuova-mente	.
ITWAC	nuovo	sede	Place or function	?	ubik mis-tutto [ 03 06 2005 21:46 ] il mio fan-club non ha nessuna	nuova-sede	i misantropi non hanno fan-club 111336 .
ITWAC	nuovo	evangelizzazione	?	?	e' la	nuova-evangelizzazione	.
ITWAC	nuovo	integrazione	?	?	ma anche volendo sperimentare questa "	nuova-integrazione	" , perché si decanta tanto il decentramento ( che consente maggior adattabilità alle realtà locali ) e poi si
ITWAC	nuovo	finestra	?	?	assegniamo questa action : on ( release ) { fscommand ( "	nuova-finestra	" , " http://www.flash5.it " ) ; } dove nuova-finestra è il nome che abbiamo assegnato al comando ( possiamo
ITWAC	nuovo	finestra	?	?	action : on ( release ) { fscommand ( " nuova-finestra " , " http://www.flash5.it " ) ; } dove	nuova-finestra	è il nome che abbiamo assegnato al comando ( possiamo assegnare qualsiasi nome , basta che il valore negli script
ITWAC	nuovo	finestra	?	?	-- function aprifin _ dofscommand ( command , args ) { if ( command = = "	nuova-finestra	" ) { window .
ITWAC	nuovo	finestra	?	?	richiama il filmato flash aprifin e recupera le variabili command e args ( che nel nostro caso hanno valore "	nuova-finestra	" e " http://www.flash5.it " ) .
ITWAC	nuovo	finestra	?	?	infatti , in questo esempio , viene eseguita l' operazione di apertura finestra se il command è uguale a	nuova-finestra	.
ITWAC	nuovo	evangelizzazione	?	?	la	nuova-evangelizzazione	è l' introduzione dell' uomo , di ogni uomo e di tutto l' uomo dentro all' atto redentivo di cristo
ITWAC	nuovo	arte	Entity	?	" porto alegre " ; le palle / balle accartocciate , pronte per essere calciate in aria , della "	nuova-arte	" o delle " poesie-action " ; il boccheggiare asfittico con l' indicazione di vita / salvezza solo nella fuga
ITWAC	nuovo	arte	Entity	?	" porto alegre " ; le palle / balle accartocciate , pronte per essere calciate in aria , della "	nuova-arte	" o delle " poesie-action " ; il boccheggiare asfittico con l' indicazione di vita / salvezza solo nella fuga
ITWAC	nuovo	mente	?	?	il fine del progetto consiste nel riuscire a rendere	nuova-mente	vivo il parco inglobandolo con la rocca per rea-lizzare così una comprensione totale dell' insieme : un 49 connubio sublime
ITWAC	nuovo	sinistra	movimento culturale/politico	?	perché , anche tu , fra fucile , antifascismo e poteri-al-popolo-a-pugno-chiuso , continui a vivere di quella vecchia	nuova-sinistra	che così puntualmente e efficacemente denunci nel libro ?
ITWAC	nuovo	mente	?	?	afflitto gettò lo sguardo in terra ,	nuova-mente	.
ITWAC	nuovo	sinistra	movimento culturale/politico	?	perché , anche tu , fra fucile , antifascismo e poteri-al-popolo-a-pugno-chiuso , continui a vivere di quella vecchia	nuova-sinistra	che così puntualmente e efficacemente denunci nel libro ?
REPUBBLICA	nuovo	amici	Qualification or Set of Circumstances	?	le dimissioni ad urne appena chiuse degli assessori dc massimo palombi e alfredo antoniozzi del " correntone " ( forlaniani-forze	nuove-amici	di fiori ) .
REPUBBLICA	nuovo	area	Entity	?	del resto gli uomini che sono alla manovra hanno una calibratura nazionale e difficilmente si potrebbe immaginare un' intesa forze	nuove-area	zac limitata soltanto al piemonte .
REPUBBLICA	nuovo	ambra	?	?	di ceausescu , platini alla juventus , conigli volanti , i regali di berlusconi ai suoi elettori-consumatori , selezioni per	nuove-ambra	, di pietro che diventa ministro .
ITWAC	nuovo	base	Place or function	?	moro crea la sua corrente nell' area di sinistra con un suo 12,7 % , con forze	nuove-base	18,2 % e nuova sinistra ( sullo ) 2,6 % .
ITWAC	nuovo	novità	?	?	a fushe kosova nuovo responsabile finanziario e	nuove-novità	questo mese , a fushe kosova , è stato quello dei rifiuti .
ITWAC	nuovo	normative	?	?	, dell' evoluzione della gestione universitaria verso una sempre più forte autonomia e del continuo aggiornamento imposto dal susseguirsi di	nuove-normative	, sa fornire una risposta efficace e garantisce il mantenimento di un buon livello nei servizi forniti .
REPUBBLICA	nuovo	vecchi	?	?	e attorno ci sono gli altri , i nuovi della lega e i	nuovi-vecchi	di forza italia e di alleanza nazionale .
REPUBBLICA	nuovo	vecchi	?	?	poi diserta la cena con i	nuovi-vecchi	notabili , l' appuntamento con l' eterna , incorreggibile italia sempre alla ricerca di un papà generoso .
REPUBBLICA	nuovo	nuovi	?	?	il primo appuntamento è con i "	nuovi-nuovi	" , presentati dal critico alla galleria comunale d' arte moderna di bologna nel 1980 .
WIKICONLL	nuovo	nuovi	?	?	i	nuovi-nuovi	è il nome di un movimento artistico italia no così denominato in occasione di una mostra curata dal critico d'
ITWAC	nuovo	uomini	Qualification or Set of Circumstances	?	, ma non ha nulla a che fare col fattore x , probabilmente si limitava a mantenere le mutazioni dei	nuovi-uomini	stabili il più a lungo possibile .
ITWAC	nuovo	uomini	Qualification or Set of Circumstances	?	polizia tiene lontani i curiosi oltre i nastri gialli delimitanti mentre speciali equipe mediche s.h.i.e.l.d. sono intenti a trasportare i	nuovi-uomini	più gravi all' interno di speciali ambulanze e contemporaneamente bonificano l' intera area circondariale della tenuta del sud americano .
ITWAC	nuovo	partiti	?	?	la margherita , come altri	nuovi-partiti	del resto , per via della sua forma innovativa , sembra che nella sua prima fase sia stata poco democratica
ITWAC	nuovo	volti	?	?	presentato ogni sera da enzo iacchetti alla cittadella viareggina , il festival è costruito attorno al connubio volti	nuovi-volti	noti .
ITWAC	nuovo	registi	?	?	, canale 5 , h. 1.25 ) che sembrò all' epoca davvero qualcosa di nuovo persino all' interno dell' operazione	nuovi-registi	promulgata dall' industria culturale italiana .
ITWAC	nuovo	lavori	?	?	e questa forma di lavoro ( i cosiddetti	nuovi-lavori	) si va sempre piu' diffondendo tra i giovani , grazie anche alle ampie prospettive di liberta' economica e varieta'
