REPUBBLICA	presente	assente	?	?	il pci è il grande	presente-assente	di tutta la vicenda .
REPUBBLICA	presente	futuro	?	?	a seguire , a debita distanza economica , i gioielli del	presente-futuro	: ferri , mandorlini , zenga , lo stesso bergomi .
REPUBBLICA	presente	futuro	?	?	rapporto , diventato in america la bibbia del consumatore ma anche delle grandi corporation , traccia il profilo di un	presente-futuro	affidato ad alcuni punti-chiave : l' arroccamento degli esseri umani in una casa-fortezza in cui è possibile vivere meglio e
REPUBBLICA	presente	futuro	?	?	" , che dura oramai da qualche anno , film , oggetti , persone " cult " e il nostro	presente-futuro	rischia di essere " trash " , ne siamo tutti coinvolti .
REPUBBLICA	presente	passato	?	?	questo contesto , gli incontri delle società quotate con gli analisti diventano ancora più significativi e determinanti per comprendere il	presente-passato	e ottenere direttamente informazioni e indicazioni sulle prospettive e strategie nell' interesse del mercato .
REPUBBLICA	presente	assente	?	?	per poi riprender- si d' improvviso , tornando alla coscienza , mentre altri offrono sguardi ciechi , come borges ,	presente-assente	ad una cerimonia accademica .
REPUBBLICA	presente	percezione	?	?	è la nostra mente che garantisce un' avventurosa continuità ( salvo frantumazione nervosa ) fra il passato-ricordo , il	presente-percezione	e il futuro-aspettativa .
WIKICONLL	presente	futuro	?	?	la lingua ha otto tipi di suffissi tematici ( talvolta noti come formanti tematici del	presente-futuro	) .
ITWAC	presente	futuro	?	?	la grande partecipazione e il forte interesse suscitato fino ad ora dalla casa eco-logica ci fa ben sperare in un	presente-futuro	all' insegna delle energie rinnovabili e dell' uso sempre più consapevole e razionale dell' energia .
ITWAC	presente	disciplina	?	?	la	presente-disciplina	lascia impregiudicati i regimi che al momento della sua pubblicazione erano già stati autorizzati , i quali potranno peraltro formare
ITWAC	presente	futuro	?	?	sulla linea del tempo ( passato -	presente-futuro	) , gli alunni delle tre classi hanno realizzato alcune esperienze che hanno il loro fondamento prevalente sul progetto peace
ITWAC	presente	aspetto	?	?	- coagulo	presente-aspetto	biancastro-fluidificaz.in 25 min regolare-odore suigeneris-viscosita normale-ph 7,4 - agglutinaz .
ITWAC	presente	passato	?	?	; ha visitato un futuro prossimo ultraviolento , ha viaggiato nel tempo fino al diciottesimo secolo e ha sperimentato il	presente-passato	di un hotel del colorado posseduto dagli spiriti .
ITWAC	presente	passato	?	?	si manifesta tanto nell' enunciazione di un dettagliato scenario futuribile , quanto in una lettura e in un' analisi del	presente-passato	, tale che lascia intendere il quadro e l' indirizzo di certi provvedimenti .
ITWAC	presente	futuro	?	?	continuare ad esistere , le due parti ( e a maggior ragione ogni mediatore ) debbono adottare per governare il	presente-futuro	un velo d' ignoranza metodico nei confronti di quel passato , proprio ed altrui .
ITWAC	presente	realtà	Qualification or Set of Circumstances	?	presentazione " territori " il viaggio lucifèrico " tracce d' africa il viaggio lucifèrico esperienze itineranti nello spazio geografico (	presente-realtà	) francesca blesio tracce d' africa appunti di viaggio questa è la storia di un viaggio , anzi di due
ITWAC	presente	futuro	?	?	anche qui la sequenza passato ,	presente-futuro	si è spezzata : l' ordine attuale del mondo è una dimensione nuova , inattesa e imprevista .
ITWAC	presente	futuro	?	?	anzi , il tempo , diceva sant' agostino , è sempre presente-p assato , presente-presente e	presente-futuro	.
ITWAC	presente	passato	?	?	il tempo si articola in tre categorie : il presente-presente , il	presente-passato	ed il presente-futuro .
ITWAC	presente	futuro	?	?	il tempo si articola in tre categorie : il presente-presente , il presente-passato ed il	presente-futuro	.
ITWAC	presente	passato	?	?	al presente-futuro ed al	presente-passato	si sostituiscono il passato-presente ed il futuro-presente , i quali invertono il movimento del tempo : in altri termini ,
ITWAC	presente	futuro	?	?	il passato-futuro ed il	presente-futuro	sono surrogati , interpretano il futuro da una posizione condizionata che falsa la visione del libero futuro , sono false
ITWAC	presente	futuro	?	?	teatro ' che guardando nel dettaglio gli ultimi cent' anni non esita a trasformare la memoria in stimolo per quel	presente-futuro	che è esperienza quotidiana del teatro del duemila .
ITWAC	presente	futuro	?	?	della tradizione vuol dire individuarne proprio i « significati » ancora incompiuti , che attendono da noi - dal nostro	presente-futuro	- qualche compimento e definizione : si tratta , cioè , di individuare i risultati possibili .
ITWAC	presente	passato	?	?	" in shining nel gioco del	presente-passato	, l' immagine del 1921 e quella del 1980 si fondono , anche dal punto di vista tecnico , in
ITWAC	presente	realtà	Qualification or Set of Circumstances	?	presentazione " territori " il viaggio lucifèrico " erasmus da tours il viaggio lucifèrico esperienze itineranti nello spazio geografico (	presente-realtà	) francesco manetto erasmus da tours lettera i treni di notte mi sono sempre piaciuti ; attraversare i corridoi stretti
ITWAC	presente	passato	?	?	; ma che , nel cinema , realizza un' altra forma di progressione intrigante e ambigua , una sorta di	presente-passato	, meglio , un fermo-immagine di se stesso .
ITWAC	presente	futuro	?	?	vi è un asse di coerenza ferreo in tutto questo : la democrazia del	presente-futuro	del mondo non può avere niente a che fare con la separazione francese tra cittadinanza e appartenenza religiosa , di
ITWAC	presente	futuro	?	?	e di sintesi tra i frutti del passato ( tecniche di agopuntura , conoscenze del cerchio 77 ) e il	presente-futuro	( pratica buddista ) .
ITWAC	presente	passato	?	?	in tutto il mio intervento sono sempre stato in bilico tra l' imperfetto e il	presente-passato	prossimo : ho scelto l' imperfetto , affidandomi alla buona volontà di chi legge per estrapolare l' estensione temporale di
ITWAC	presente	realtà	Qualification or Set of Circumstances	?	nostre fatiche si sono poi dedicate a comprendere catturare e diffondere l' esperienza del viaggio nello spazio geografico , nel	presente-realtà	.
ITWAC	presente	futuro	?	?	questo caveat vale per il nostro passato-presente come per il	presente-futuro	.
ITWAC	presente	legge	documento	?	relativi a impianti di telecomunicazioni deve essere dimostrata l' idoneità del sito secondo quanto previsto dal piano urbanistico e dalla	presente-legge	.
ITWAC	presente	legge	documento	?	relativi a impianti di telecomunicazioni deve essere dimostrata l' idoneità del sito secondo quanto previsto dal piano urbanistico e dalla	presente-legge	.
ITWAC	presente	futuro	?	?	allora è inaccettabile , per tutte queste ragioni e infinite altre , l' eccesso retorico equalizzatore fra passato e	presente-futuro	, con ovvi retoremi antistoricisti : " la cosiddetta storia " ecc. , lo diciamo tutti con abuso ma ,
ITWAC	presente	passato	?	?	in tutto il mio intervento sono sempre stato in bilico tra l' imperfetto e il	presente-passato	prossimo : ho scelto l' imperfetto , affidandomi alla buona volontà di chi legge per estrapolare l' estensione temporale di
ITWAC	presente	futuro	?	?	si tratta di una analisi sul	presente-futuro	del blogging molto ampia che si occupa delle prospettive economiche delle piattaforme per weblog ( argomento del quale mi importa
ITWAC	presente	passato	?	?	su ciò che è presente nella esperienza e nella cultura del fanciullo , al fine di facilitare la comparazione tra	presente-passato	, tra vicino-lontano .
ITWAC	presente	cadavere	?	?	la vox populi ( alias amedeo pescio ) lo definì " il duca	presente-cadavere	" ; il senato , più gentile , concesse che i suoi discendenti fossero iscritti nel libro d' oro della
ITWAC	presente	futuro	?	?	storia come un viaggiò attraverso i cambiamenti del passato e un viaggio verso il cambiamento del	presente-futuro	.
ITWAC	presente	futuro	?	?	passato regime , nonche' la proliferante pubblicistica della ddr tesa a segnare confini netti tra un passato nazista e un	presente-futuro	socialista contribuirono , assieme ad altri fattori , ad alimentare una politica della memoria che denunciando il passato valesse per
ITWAC	presente	assente	?	?	con la sola esclusione di su aingiu mannu il quale rimarrà  come il fantasma di banquo  il grande	presente-assente	dell' intera escursione .
ITWAC	presente	passato	?	?	il salto definitivo da un	presente-passato	austero e parsimonioso , da quel dopoguerra di cui valletta preannuncia la fine , agli anni del " miracolo economico
ITWAC	presente	futuro	?	?	schema del periodo ipotetico della realtà è a ) presente-presente " si lo ves , se lo preguntas b )	presente-futuro	" si se lo dices , no te lo perdonare nunca la costruzione italiana futuro-futuro ( se lo vedrai glielo
ITWAC	presente	realtà	Qualification or Set of Circumstances	?	" territori " il viaggio lucifèrico " il viaggio del migrante il viaggio lucifèrico esperienze itineranti nello spazio geografico (	presente-realtà	) pietro fara e chiara frezzotti il viaggio del migrante dall' opinione pubblica l' idea del viaggio è considerata positivamente
ITWAC	presente	passato	?	?	e medie ) : - storia ed educazione civica : cronologia , evoluzione economico-sociale , organizzazione sociale , periodizzazione ,	presente-passato	, processo tecnologico , vicino-lontano ; - geografia : reciprocità uomo-ambiente , spazio biologico codificato , economico , fisico ,
REPUBBLICA	presente	votanti	?	?	si è imposto su quello di bocca solamente alla quarta votazione , quando erano necessarie 25 preferenze su 49 dei	presenti-votanti	: a sgarbi sono andati 26 voti , a bocca 21 , a pampoloni 2 , a villari zero .
ITWAC	presente	utenti	?	?	il rapporto operatori	presenti-utenti	non deve essere inferiore a 1 su 3 .
