REPUBBLICA	sempre	maggiore	Role	?	DET ADV NOUN	si accumulano e vanno anche oltre la vicenda biografica narrata da barbagallo ; ma ho voluto citar- li sia per	la sempre maggiore	esigenza che gli storici hanno di immaginare e costruire nuovi paradigmi d' indagine e di valutazione , sia per mostrare al
REPUBBLICA	sempre	più	?	?	DET ADJ ADV NOUN	nè sarebbe ragionevole lamentar- si degli intonaci scrosta- ti ,	degli infissi sempre più	stenti , dell' aria d' abbandono che si coglie in certi uffici governativi .
REPUBBLICA	sempre	più	?	?	DET ADV NOUN	forma di esasperata concorrenza fra le case automobilistiche che tende a trasferir- si alle aziende della componentistica , imponendo loro	un sempre più	accentuato contenimento dei costi .
REPUBBLICA	sempre	minore	?	?	DET ADV NOUN	, " non tanto , e non solo -- dice il rapporto -- per incapacità del management , quanto per	la sempre minore	autonomia di cui lo stesso management ha beneficiato nei confronti del socio politico " .
REPUBBLICA	sempre	maggiore	Role	?	DET ADV NOUN	il senso veristico della sua truccatura , l' accrescere ricattatorio della senilità , il far- gli tirar fuori le parole	nella sempre maggiore	difficoltà della afonia , fino all' esplosione finale , che è la gioia cupa di un intravisto universo manicomiale , tutto
REPUBBLICA	sempre	più	?	?	DET ADV NOUN	a tempo pieno ( la roma , il verona , il napoli , la sampdoria , la fiorentina ) ,	il sempre più	forte tam-tam televisivo ottennero di " bucare " strati di lettori che fino a quel momento non avevano sentito il bisogno
REPUBBLICA	sempre	maggiore	Role	?	DET ADV NOUN	e prodotti avanzati e di sviluppo di know-how specifico dei sistemi e delle reti -- sarà strategica ai fini di	un sempre maggiore	inserimento in questo settore .
REPUBBLICA	sempre	peggiori	?	?	DET ADV NOUN	per la giornata di ieri i dati ufficiali sono stati improvvisamente rinviati ad oggi con una tecnica che ormai denuncia	le sempre peggiori	abitudini dell' anfia e dell' unrae nel gestire questa materia .
REPUBBLICA	sempre	notte	?	?	DET ADV NOUN	eppure nel tutto manca qualcosa , l' assenza dell' alba ,	il sempre notte	, il mai una stella , il concerto di gocce d' acqua che è quasi un' estensione del silenzio .
REPUBBLICA	sempre	verdi	?	?	DET ADV NOUN	dei miei figli che talvolta mi invitano , nonostante i capelli grigi , a cimentar- me con chitarra e microfono	sulle sempre verdi	strade del rock .
REPUBBLICA	sempre	più	?	?	DET ADV NOUN	il regista non descrive tanto il susseguir- si degli accadimenti che portano alla soluzione dell' intrigo quanto	un sempre più	approfondito itinerario interiore dei personaggi che nel finale sentiamo vicini a noi e dai quali ci si stacca forse a malincuore
REPUBBLICA	sempre	maggiore	Role	?	DET ADV NOUN	popolazione di lingua spagnola si impone con l' hip-hop latino , con il grande revival della musica salsa , e	la sempre maggiore	diffusione del son cubano .
REPUBBLICA	sempre	possibile	?	?	DET ADV NOUN	condannate a una sosta imprevista , e a volte lunga , si predispone una copertura ravvicinata per garantir- le contro	un sempre possibile	attacco da parte di formazioni dei mujahiddin , che alternano in maniera imprevedibile i ponti d' oro al nemico che fugge
REPUBBLICA	sempre	più	?	?	DET ADV NOUN	restringer- si a pochi nomi e quindi l' ovvia tendenza di chi su quel mercato opera a rientrare assolutamente in	quel sempre più	ristretto giro di pochi nomi .
REPUBBLICA	sempre	rimpianto	?	?	DET ADV NOUN	cosa non avrebbe detto e scritto ,	il sempre rimpianto	anglologo , su queste campionature delle pettinature delle merveilleuses : en almée , en comète , à la grecque , à
REPUBBLICA	sempre	futuro	?	?	DET ADV NOUN	bisogno di un alibi che serva a giustificare a se stesso l' impossibilità materiale di superare l' eterno capitolo primo	del sempre futuro	romanzo , la vera ragione e origine della malattia , la causa del male oscuro .
REPUBBLICA	sempre	più	?	?	DET ADV NOUN	perplessità con cui la minoranza ha seguito in queste settimane l' evolver- si del dibattito sulle riforme istituzionali , e	le sempre più	impegnative prese di posizione dell' unità e di dirigenti come salvi o barbera .
REPUBBLICA	sempre	minore	?	?	DET ADV NOUN	, mercato decisivo per qualsiasi produttore di superalcolici , la flessione rischia di accentuar- si nei prossimi anni , dettata	dalla sempre minore	propensione degli americani al consumo liquori .
REPUBBLICA	sempre	peggiore	?	?	DET ADV NOUN	ma ormai il presidente , sospinto da	una sempre peggiore	crisi economica e dalle rivolte etniche e nazionalistiche nelle province del paese , sembra deciso ad andare oltre il comunismo riformato
REPUBBLICA	sempre	maggiore	Role	?	DET ADV NOUN	tornano a riaffermar- si i quotidiani locali ; tra i periodici si registra continuamente il nascere di nuove testate favorite	dalla sempre maggiore	specializzazione di settori e campi di interesse ; le stesse reti televisive locali dedicano uno spazio sempre maggiore all' informazione .
REPUBBLICA	sempre	verde	?	?	DET ADV NOUN	" sono l' unico ad aver parato un rigore di baggio " 1 tancredi ,	il sempre verde	sembra l' uomo in ammollo .
REPUBBLICA	sempre	mobile	?	?	DET ADV NOUN	delle singole figure divine ; e il tema filosofico del libro è il gioco delle contraddizioni , che si scioglie	nella sempre mobile	unità degli opposti .
REPUBBLICA	sempre	minore	?	?	DET ADV NOUN	precisamente l' allargar- si di una simile consapevolezza , e cioè la sottolineatura dell' importanza specifica della scrittura filosofica ,	la sempre minore	credibilità di un' operazione che distingua tra contenuto , significato e forma " letteraria " .
REPUBBLICA	sempre	rimpianto	?	?	DET ADV NOUN	" tolar " in sloveno , un nome antico che ammicca senza reticenze all' austria-ungheria , a maria teresa ,	al sempre rimpianto	impero .
REPUBBLICA	sempre	peggiori	?	?	DET ADV NOUN	il psi , infatti , sarebbe pronto a votare un candidato democristiano : ma non intende assolutamente ( considerati	i sempre peggiori	rapporti ) lavorare per portare anche il pds su questa posizione .
REPUBBLICA	sempre	protagonista	Qualification or Set of Circumstances	?	DET ADJ ADV NOUN	breukink --	l' olandese sempre protagonista	al tour , ha tre successi in carniere ( ma due lontani , alla tirreno-adriatico ) .
REPUBBLICA	sempre	più	?	?	DET ADJ ADV NOUN	, con cui sembra sempre stia per costruir- si un terzetto alla jules et jim anni '80 , indirizza invece	la sua sempre più	radicale scelta omosessuale verso le manifestazioni sadomaso , con una sorprendente simpatia verso i gruppi neonazisti , che forse ,
REPUBBLICA	sempre	più	?	?	DET ADV NOUN	soprattutto sull' energia , sul suono delle chitarre , su riff immediati e brucianti che s' intrecciano con la voce	del sempre più	bravo piero pelù .
REPUBBLICA	sempre	maggiore	Role	?	DET ADV NOUN	un suono rock , magari convenziona- le , classico , ma comunque di energia tipicamente rock , a conferma di	un sempre maggiore	appannamento del carisma della canzone d' autore .
REPUBBLICA	sempre	più	?	?	DET ADV NOUN	i riottosi membri della sua coalizione e stamattina varsavia potrebbe svegliar- si senza governo e senza alcun quadro di riferimento	nella sempre più	importante politica di privatizzazione .
REPUBBLICA	sempre	maggiore	Role	?	DET ADV NOUN	quote di import e di tener conto nei negoziati non solo della drammatica contrazione del mercato europeo , ma anche	della sempre maggiore	capacità produttiva delle imprese giapponesi in europa .
REPUBBLICA	sempre	peggiore	?	?	DET ADJ ADV NOUN	che , nel frattempo , non si riesca a fare una nuova legge ) , fotografi per l' ennesima volta	un esistente sempre peggiore	, quasi un interminabile fotofinish .
REPUBBLICA	sempre	maggiore	Role	?	DET ADV NOUN	bibbia dello spettacolo internazionale : si discuterà delle nuove tecniche di produzione e distribuzione dei film , e in particolare	della sempre maggiore	presenza di distributori ed esercenti nei progetti cinematografici , in qualità di finanziatori , e della relativa diversa distribuzione di oneri
REPUBBLICA	sempre	minoranza	?	?	DET ADJ ADV NOUN	world bank :	i ricchi sempre minoranza	.
REPUBBLICA	sempre	più	?	?	DET ADV NOUN	, difficilmente oggi le troveremmo nel rock , dove la chitarra viene sempre più esplorata in quanto icona , attraverso	un sempre più	raffinato gioco di citazioni .
REPUBBLICA	sempre	più	?	?	DET ADV NOUN	si stenta a creder- ci , ma la storia che racconta il nuovo film	del sempre più	grande ken loach è una storia vera .
REPUBBLICA	sempre	verdi	?	?	DET ADV NOUN	, anni sessanta ) , dei vetero-bikers ( stati uniti , vent' anni a metà degli anni cinquanta ) e	dei sempre verdi	pervs ( pervertiti : ma , pare , solo nell' uso di abiti di gomma con cinghie di cuoio ) derivati
REPUBBLICA	sempre	verdi	?	?	DET ADV NOUN	le migliori sono quelle progettate	dai sempre verdi	castiglioni , magistretti , mari ...
REPUBBLICA	sempre	maggiore	Role	?	DET ADV NOUN	settimane , la conferenza mondiale sulle donne organizzata dall' onu , una conferenza che dovrebbe svolger- si all' insegna di	un sempre maggiore	e più diffuso potere delle donne .
REPUBBLICA	sempre	critico	?	?	DET ADV NOUN	gli dà una mano perfino	il sempre critico	segretario socialista boselli : " ma sì , basta con la via epistolare al presidenzialismo " .
REPUBBLICA	sempre	amico	Qualification or Set of Circumstances	?	DET ADJ ADV NOUN	preso la sua vendetta sul circo dei meeting , sulle gare costruite , con le regole un po' larghe e	il pubblico sempre amico	e il primo riflesso per lui di questa botta è che , se pure guarisse per incanto , i suoi
REPUBBLICA	sempre	rimpianto	?	?	DET ADV NOUN	e in queste occasioni così rare , come si sente la mancanza	del sempre rimpianto	angelo maria ripellino , che per tutta una generazione ( privilegiata ) fu maestro e mago indimenticabile di una slavistica-russistica come
REPUBBLICA	sempre	più	?	?	DET ADJ ADV NOUN	computer e accessori , dei lettori di cd , dei microprocessori , degli impianti tv satellitari , di fronte a	un consumatore sempre più	restio a spendere , sempre più circospetto , l' elettronica manda in onda la guerra dei prezzi , la corsa
REPUBBLICA	sempre	più	?	?	DET ADJ ADV NOUN	-- è sparuto , e tende a restringer- si sempre più , in omaggio a sole leggi di mercato :	un pubblico sempre più	largo e , di necessità , più incompetente , tollera talune opere , tutte giovanili ; persino in provincia i
REPUBBLICA	sempre	maggiore	Role	?	DET ADV NOUN	da tetraggini " , eppure l' affollar- si della gente intorno a lui non è " indice della diffusione e	della sempre maggiore	affermazione del credo cattolico " .
REPUBBLICA	sempre	più	?	?	DET ADJ ADV NOUN	tarfusser non intende quindi sbilanciar- si sulla pista politica in questo che appare come	un giallo sempre più	intricato e misterioso .
REPUBBLICA	sempre	verdi	?	?	DET ADV NOUN	coppia mogol-battisti sulla musica italiana diventa totale : ogni disco pubblicato arriva al primo posto delle classifiche ( basta ricordare	i sempre verdi	fiori rosa fiori di pesco e emozioni ) e lo stesso accade per i brani incisi da altri , come nel
REPUBBLICA	sempre	n.	?	?	DET ADJ ADV NOUN	atene ,	l' americano sempre n.	1 .
REPUBBLICA	sempre	più	?	?	DET ADV NOUN	" consiglio dell' euro " e le istituzioni speciali che i paesi membri vorranno affiancar- gli , con buona pace	della sempre più	impotente commissione .
REPUBBLICA	sempre	più	?	?	DET ADV NOUN	-- che nel '65 aveva inaugurato un modello di " democrazia guidata " -- incapace di barcamenar- si oltre tra	il sempre più	influente partito comunista ( pki ) e i generali , fu costretto a dimetter- si e suharto divenne capo dello stato
REPUBBLICA	sempre	maggiore	Role	?	DET ADV NOUN	in questo contesto -- conclude il procuratore aggiunto -- poteva trattar- si di azioni che , a fronte	della sempre maggiore	impermeabilità degli apparati dello stato , miravano a condizionare anche esponenti delle istituzioni , attraverso i loro familiari " .
REPUBBLICA	sempre	titolare	?	?	DET ADV NOUN	detto che spero di render- me conto un giorno quanto mi è stato utile lavorare con lui " , rivela	il sempre titolare	serena , uno degli italiani che qui accusano di essere stati raccomandati .
REPUBBLICA	sempre	compito	?	?	DET ADV NOUN	un intero bicchiere e allora il campione del mondo lo ha inseguito con una brocca , davanti allo sguardo esterefatto	del sempre compito	schumacher .
REPUBBLICA	sempre	più	?	?	DET ADJ ADV NOUN	vide fazzoletti bianchi e scomposti che salutavano , s' accorse l' attaccatura delle ali si piegava segando- si : solo	dei cavi sempre più	cingolanti reggevano le ali .
REPUBBLICA	sempre	più	?	?	DET ADV NOUN	tognana , presidente degli industriali veneti ( che collaborò con lui negli anni ottanta come vicepresidente dei giovani ) e	la sempre più	stretta combinazione di interessi e strategie tra nordest e mezzogiorno .
REPUBBLICA	sempre	più	?	?	DET ADJ ADV NOUN	padroncini , della piccola e piccolissima impresa , dei lavoratori autonomi , degli operatori della " new economy " e	dell' indotto sempre più	esteso che ne deriva .
WIKICONLL	sempre	vergine	?	?	DET ADV NOUN	molte tradizioni riguardanti	la sempre vergine	maria , la " theotokos " ( madre di dio ) , la datrice di vita di dio , sono di
WIKICONLL	sempre	maggiore	Role	?	DET ADV NOUN	califfato , dapprima quello omayyade e poi abbaside , pur godendo di ampi spazi di autonomia sostanziale a causa di	una sempre maggiore	" perifericità " , sfruttata da vari movimenti ereticali islam ici per sfuggire alla repressione delle autorità sunnite di damasco dapprima
WIKICONLL	sempre	volley	?	?	DET ADV NOUN	retrocesse in a2 furono la roma volley , che scomparve così due anni dopo la vittoria dello scudetto , e	la sempre volley	padova .
WIKICONLL	sempre	ambito	?	?	DET ADV NOUN	dopo l' arrivo dei longobardi ( 603 )	il sempre ambito	territorio continuava ad esercitare il suo fascino e i duchi longobardi se lo dovettero contendere molto .
WIKICONLL	sempre	maggiore	Role	?	DET ADV NOUN	verso l' europa , cercando qualche punto di contatto tra il mondo tradizionale islamico e il continente europeo avviato verso	una sempre maggiore	modernità e secolarizzazione .
WIKICONLL	sempre	maggiore	Role	?	DET ADV NOUN	da parte degli abitanti dei comuni interessati sono rilevantemente cresciuti nel tempo , al punto da imporre l’ esigenza di	una sempre maggiore	sua qualificazione .
WIKICONLL	sempre	maggiore	Role	?	DET ADV NOUN	le attività produttive ( miniere , acciaierie ) e manifatturiere ( filande , cappellifici , vetrerie ) dell' area richiedevano	una sempre maggiore	mobilità dei lavoratori e delle maestranze ma , a parte qualche rara bibicletta , l' unico modo di andare da una
WIKICONLL	sempre	maggiore	Role	?	DET ADV NOUN	sporting marca & futsal star , progetto pilota che ha l’ intento di portare nuova energia , vigore ma anche	una sempre maggiore	professionalità nel calcio a 5 della provincia di treviso .
WIKICONLL	sempre	mancanza	?	?	DET ADV NOUN	fino a questo momento il via libera sembrava stesse arrivando , ma , per	la sempre mancanza	di fondi nelle casse dello stato per quel che riguardava le opere di pubblica utilità , proprio in quel momento ,
WIKICONLL	sempre	ottimista	?	?	DET ADJ ADV NOUN	intanto jack fa amicizia con hector rodriguez ,	un messicano sempre ottimista	, che ha il sogno di acquistare un carretto per hot dogs e di fondare una catena di carretti per
ITWAC	sempre	ottimo	?	?	DET ADV NOUN	dialoghi assurdi che fanno rimpiangere i più beceri episodi di dawson 's creek , una interpretazione degli attori ( salvando	il sempre ottimo	samuel l. jackson ) degna del nostro alberto tomba in " ariete " , una scelta alquanto azzardata sugli scenari metropolitani
ITWAC	sempre	contratti	documento	?	DET ADJ ADV NOUN	gambe alla panca , ma tienile sempre sollevate da terra durante le serie di esercizi , in questo modo terrai	gli addominali sempre contratti	e sotto sforzo .
ITWAC	sempre	priorità	?	?	DET ADV NOUN	2005 13:29 pm oggetto : per il mod da te citato problemi con la nuova versione non esistono , ma	dai sempre priorità	agli aggiornamenti ...
ITWAC	sempre	priorità	?	?	DET ADV NOUN	: max ha scritto : per il mod da te citato problemi con la nuova versione non esistono , ma	dai sempre priorità	agli aggiornamenti ...
ITWAC	sempre	giovinezza	?	?	DET ADV NOUN	17:31 posted by : se guardiamo indietro nei secoli l' avrebbero chiamata la " pulzella d' italia " per via	della sempre giovinezza	intellettuale e mentale : o semplicemente " oriana d' arco " perchè i suoi scritti sono più micidiali di un arco
ITWAC	sempre	seguito	?	?	DET ADV NOUN	a me piace e	lo sempre seguito	, quindi sono curioso di vedere come james entrerà a far parte di questo mondo , almeno lo vedrò in un
ITWAC	sempre	fidato	?	?	DET ADV NOUN	elfica al di là del mare , verso le terre immortali di valinor , assieme ai grandi degli elfi e	al sempre fidato	gandalf .
ITWAC	sempre	brava	?	?	DET ADV NOUN	nel cast troviamo anche	la sempre brava	maryl streep ( nel ruolo della spietata madre di raymond ) e i veterani jon voight , miguel ferrer ( cugino
ITWAC	sempre	apertura	?	?	DET ADV NOUN	di spazi per realizzare centri di ristoro per gli studenti dei comuni limitrofi che frequentano attività anche pomeridiane in considerazione	della sempre apertura	delle scuole sempre più prolungata ; individuazione nella città della localizzazione di una nuova scuola materna .
ITWAC	sempre	ottimo	?	?	DET ADV NOUN	e con ciò ho concluso i miei interventi sul tema , giusto per seguire le richieste	del sempre ottimo	moderatore .
ITWAC	sempre	verde	?	?	DET ADV NOUN	, che ha composto un collage con le foto più belle di queste " calciatrici " , ha scelto anche	la sempre verde	victoria beckham , ex spice e moglie di david .
ITWAC	sempre	rimpianto	?	?	DET ADV NOUN	, i dizionari più accreditati ( devoto-oli , zingarelli , sabatini-coletti , duro ) , i vocabolari linguistici e normativi	del sempre rimpianto	gabrielli , il citatissimo anche se da prendere con le molle grande dizionario italiano dell' uso del de mauro , si
ITWAC	sempre	brava	?	?	DET ADV NOUN	buffo e godibilissimo , sandler interpreta un giovane innamorato con i suoi problemi di personalità , affiancato	dalla sempre brava	emily watson .
ITWAC	sempre	volley	?	?	DET ADV NOUN	per quanto riguarda parma , invece , ci sono stati non pochi problemi nel primo set contro	la sempre volley	padova , in grado di annullare ben quattro set ball agli emiliani e chiudere poi in vantaggio 33 - 31 in
ITWAC	sempre	caratteristiche	?	?	DET ADV NOUN	a francoforte , dopo	le sempre caratteristiche	dichiarazioni di duisenberg , si è avuta l' impressione che non si sapesse che cosa dire .
ITWAC	sempre	brava	?	?	DET ADV NOUN	parliamo della madre della protagonista , qui interpretata	dalla sempre brava	ellen barkin , il suo e' un amore molto intenso ma anche molto egoista .
ITWAC	sempre	vergine	?	?	DET ADJ ADV NOUN	e santo amore con il quale ci hai amati , hai fatto nascere lo stesso vero dio e vero uomo	dalla gloriosa sempre vergine	beatissima santa maria e hai voluto che per mezzo della croce , del sangue e della morte di lui noi
ITWAC	sempre	brava	?	?	DET ADV NOUN	immancabile in studio il solito stuolo di parenti e amici dei concorrenti , intervistati con la consueta professionalità	dalla sempre brava	bignardi .
ITWAC	sempre	all	?	?	DET ADJ ADV NOUN	marianne , sente un vuoto " da riempire solo con del vino " , come scrive tra il serio e	il faceto sempre all	´ amico aerni .
ITWAC	sempre	volley	?	?	DET ADV NOUN	lo scontro diretto tra	il sempre volley	padova e l' icom latina ha visto la squadra di pascual ( l' icom , appunto ) prevalere in tre set
ITWAC	sempre	volley	?	?	DET ADV NOUN	continua quindi la crisi	del sempre volley	, che proprio in settimana ha esonerato il tecnico antonio babini .
ITWAC	sempre	brava	?	?	DET ADV NOUN	lo conferma la buona direzione degli attori , un introverso andrea di stefano e	la sempre brava	maya sansa .
ITWAC	sempre	ottimo	?	?	DET ADV NOUN	jar " dei thin lizzy ( recentemente ripresa dai metallica ) , senza dimenticare la suggestiva " moonshine whiskey "	del sempre ottimo	van morrison .
ITWAC	sempre	legge	documento	?	DET ADV NOUN	si fa senza strepito , ed	un sempre legge	a tavola , cantando , e spesso l' offiziale parla sopra qualche passo della lezione .
ITWAC	sempre	ganzo	?	?	DET ADV NOUN	era ultimo tango a par igi e	il sempre ganzo	56 enne faceva trepidare la piccola maria schneider nell' unico film nella storia del cinema italiano che la censura abbia mandato
ITWAC	sempre	seguito	?	?	DET ADV NOUN	a me piace e	lo sempre seguito	, quindi sono curioso di vedere come james entrerà a far parte di questo mondo , almeno lo vedrò in un
ITWAC	sempre	ottimisti	?	?	DET ADV NOUN	allo stesso modo è del tutto vano che	i sempre ottimisti	tecnici della pubblicità si inventino spot televisivi nella presunzione di convincere gli italiani a consumare con l ´ ovvio argomento che
ITWAC	sempre	verde	?	?	DET ADV NOUN	la domenica invece , dopo il solito pomeriggio al bar mediterraneo a conversano , la serata si può continuare o	al sempre verde	tribù o al nuovo karmacoma in stile buddha , bar parigino all' ultima moda a monopoli .
ITWAC	sempre	richieste	?	?	DET ADV NOUN	ma non si accontenta di servire	le sempre richieste	zuppe di mare o i soliti pesci arrosto : da subito punta all' eccellenza , dando vita ad una sorta di
ITWAC	sempre	ottimo	?	?	DET ADV NOUN	leggendo attentamente il bel volume della magic ( una splendida edizione tradotta in maniera magnifica da	un sempre ottimo	leonardo rizzi ) si trovano decine di citazioni di personaggi più o meno conosciuti che testimoniano il profondo amore di moore
ITWAC	sempre	volley	?	?	DET ADV NOUN	si spengono i riflettori a padova alessandro fuschetto	il sempre volley	padova accompagnerà la roma volley nella retrocessione in a 2 .
ITWAC	sempre	verdi	?	?	DET ADV NOUN	insieme a loro , 55 mila fans	dei sempre verdi	rolling stones .
ITWAC	sempre	verde	?	?	DET ADV NOUN	inoltre come spunto di riflessione vi ricordo che agli assoluti di firenze ,	il sempre verde	carosi ha vinto in modo netto grazie anche ad un' evidente miglior tecnica sull' ostacolo .
ITWAC	sempre	rimpianto	?	?	DET ADV NOUN	ma nel caso di bob , del figlio	del sempre rimpianto	robert assassinato a los angeles nel 1968 mentre marciava verso la casa bianca , e di andrew , il figlio di
ITWAC	sempre	verde	?	?	DET ADV NOUN	il centrocampo girava alla perfezione con i soliti malaman e malisan con in più l' esperienza	del sempre verde	rocca , ex-atalantino .
ITWAC	sempre	pag.	?	?	DET ADV NOUN	sociali sui quali , da sempre , si fonda la nostra società , al di là delle convinzioni religiose e	della sempre pag.	31 più marcata secolarizzazione della nostra società , come dimostra - è stato ricordato anche dall' onorevole delbono - la grande
ITWAC	sempre	rimpianto	?	?	DET ADV NOUN	infatti , bartolo longo e la contessa de fusco , attuando un saggio consiglio	del sempre rimpianto	p. ludovico da casoria , con atto notarile del 12 settembre 1906 , donano tutto al papa .
ITWAC	sempre	confidenza	?	?	DET ADV NOUN	ma perché	dai sempre confidenza	...
ITWAC	sempre	verde	?	?	DET ADV NOUN	inoltre come spunto di riflessione vi ricordo che agli assoluti di firenze ,	il sempre verde	carosi ha vinto in modo netto grazie anche ad un' evidente miglior tecnica sull' ostacolo .
ITWAC	sempre	parte	?	?	DET ADJ ADV NOUN	ridisegnamento e chiedono di rivedere il piano o almeno di poter esercitare l' attività venatoria nell' ambito confinante , essendo	lo stesso sempre parte	del territorio comunale , senza dover pagare due volte la cifra imposta » .
ITWAC	sempre	pi	?	?	DET ADV NOUN	sulla qualità , contando sul proverbiale genio italico , ma costoro scordano che c' & # xe 8 ; anche	un sempre pi	& # xf 9 ; vasto e allarmato mercato di fascia bassa che non ha modo di spendere tanti soldi per
ITWAC	sempre	brava	?	?	DET ADV NOUN	versione italiana , come d' altronde ci ha ormai abituato dynamic , è eccellente : ottimo il doppiaggio , curato	dalla sempre brava	isabella pasanisi ; i dialoghi e l' adattamento sono poi molto ben fatti .
ITWAC	sempre	mitica	?	?	DET ADV NOUN	honda jazz , con un motore da 1400 c.c. a benzina e ben 83 cavalli di cilindrata ; marcello proverà	la sempre mitica	jaguar xj 6 , dalla tecnica costruttiva della carrozzeria assolutamente rivoluzionaria : le giunzioni sono rivettate come sugli aerei , per
ITWAC	sempre	intesa	Qualification or Set of Circumstances	?	DET ADV NOUN	io mi sono affacciato solamente quest' anno alle gf , la bici infatti	lo sempre intesa	come uno svago fra amici , un modo per godersi la natura , ovviamente sulla scia di uno sport che da
ITWAC	sempre	ottimo	?	?	DET ADV NOUN	ecco a voi infatti il capolavoro di lucas in tutti i suoi dettagli :	dal sempre ottimo	millenniumfalcon.com abbiamo qui , grazie anche alla segnalazione di luca baldissera ( yavin 4 ) , alcune parti del romanzo ispirato
ITWAC	sempre	opaco	?	?	DET ADV NOUN	, è squadra di carattere , lotta , raggiunge due volte la parità con martins , entrato al posto di	un sempre opaco	vieri .
ITWAC	sempre	vergine	?	?	DET ADJ ADV NOUN	sacrificio eucaristico ci uniamo in sommo grado al culto della chiesa celeste comunicando con essa e venerando la memoria soprattutto	della gloriosa sempre vergine	maria , ma anche del beato giuseppe e dei beati apostoli e martiri e di tutti i santi .
ITWAC	sempre	ottimo	?	?	DET ADV NOUN	dialoghi assurdi che fanno rimpiangere i più beceri episodi di dawson 's creek , una interpretazione degli attori ( salvando	il sempre ottimo	samuel l. jackson ) degna del nostro alberto tomba in " ariete " , una scelta alquanto azzardata sugli scenari metropolitani
ITWAC	sempre	verdi	?	?	DET ADV NOUN	400 a quattro tempi e wr 250 due tempi , alle elitarie vor en ( 530/450/400 ) per finire con	le sempre verdi	honda xr 250 e 400 .
ITWAC	sempre	brava	?	?	DET ADV NOUN	il contorno dei caratteristi è molto forte : milena vukotic , gianni cavina ,	la sempre brava	marisa merlini .
ITWAC	sempre	carico	?	?	DET ADV NOUN	come già detto , per la categoria maschile vince massimo battaglia seguito d' un soffio da	un sempre carico	luca zardini e da cristian brenna .
ITWAC	sempre	buono	?	?	DET ADV NOUN	sistema : assumendo che vi sia spazio libero a sufficienza , le strade che si aprono sono due : utilizzare	il sempre buono	partition magic , che ha una licenza commerciale ed è a pagamento ma che permette di creare , ridefinire e ridimensionare
ITWAC	sempre	brava	?	?	DET ADV NOUN	ottimo film - perso al cinema - grande interpretazione	della sempre brava	kim basinger , molto molto brava anche la bambina .
ITWAC	sempre	verde	?	?	DET ADV NOUN	inoltre come spunto di riflessione vi ricordo che agli assoluti di firenze ,	il sempre verde	carosi ha vinto in modo netto grazie anche ad un' evidente miglior tecnica sull' ostacolo .
ITWAC	sempre	verde	?	?	DET ADV NOUN	inoltre come spunto di riflessione vi ricordo che agli assoluti di firenze ,	il sempre verde	carosi ha vinto in modo netto grazie anche ad un' evidente miglior tecnica sull' ostacolo .
ITWAC	sempre	verde	?	?	DET ADV NOUN	" campanella , che nella speciale classifica dei politici castellanesi presenti nelle manifestazioni che contano , ha da tempo scavalcato	il sempre verde	gianni bianco .
ITWAC	sempre	vuoto	?	?	DET ADJ ADV NOUN	all' interno c' è un' ostello per	gli sportivi sempre vuoto	dove è possibile alloggiare : un letto costa solamente 5 euro .
ITWAC	sempre	ottimo	?	?	DET ADV NOUN	se il modo di riprendere il paesaggio toscano in modo contemplativo e naturalistico è tipico del regista , qui coadiuvato	dal sempre ottimo	luca bigazzi ) tendente addirittura , e spiace dirlo , all' impersonalità .
ITWAC	sempre	verde	?	?	DET ADV NOUN	mamma che , per dare stabilità alla propria bimba , si troverà costretta a chiedere ospitalità all' odiato suocero ,	il sempre verde	redford .
ITWAC	sempre	mossa	?	?	DET ADV NOUN	si sostituisce una ironica componente fantastica che gli permette un sempre maggior controllo del momento puramente lirico , nonché di	una sempre mossa	varietà ed intensità poetica .
ITWAC	sempre	pressione	?	?	DET ADV NOUN	caro gaetano come si fa a liberarsi	dalla sempre pressione	pscologica , dell' indottrinamento alla falsità politica , e ritornarare alla lucidità mentale capace di realizzare commenti aspri duri , però
ITWAC	sempre	particolare	?	?	DET ADV NOUN	l' atteso kitano ( zatoichi ) , l' ultimo scott ( il genio della truffa ) e in tarda serata	il sempre particolare	winterbottom .
ITWAC	sempre	brava	?	?	DET ADV NOUN	) come quella della sempre brava emma thompson ( ma comunque più brava nel brutto " immagining argentina " e	della sempre brava	laura linney ( comunque meglio in " david gale " e " mystic river ) matthew reg .
ITWAC	sempre	volley	?	?	DET ADV NOUN	questo aspetto negativo per la squadra pugliese è stato poi messo in risalto dalla concretezza dell' avversario ,	il sempre volley	padova , che non solo ha commesso meno della metà degli errori ( 15 in totale ) , ma ha saputo
ITWAC	sempre	fatto	?	?	DET ADV NOUN	buffy afferrò la sua mano è la strinse tra le sue : io ti aiuterò	lo sempre fatto	angel : buffy ...
ITWAC	sempre	verde	?	?	DET ADV NOUN	inoltre come spunto di riflessione vi ricordo che agli assoluti di firenze ,	il sempre verde	carosi ha vinto in modo netto grazie anche ad un' evidente miglior tecnica sull' ostacolo .
ITWAC	sempre	verdi	?	?	DET ADV NOUN	si sono distinti longhitano ( '86 ) , zummo ( '85 ) e	i sempre verdi	nino cavallaro e ignazio orefice , importanti per l' esperienza » .
ITWAC	sempre	brava	?	?	DET ADV NOUN	ruoli troppo poco articolati per essere figure a tutto tondo , se la cavano comunque con dignità , a partire	dalla sempre brava	sarah polley .
ITWAC	sempre	volley	?	?	DET ADV NOUN	la itas diatec trentino che proprio non ne vuole sapere di perdere il treno per i playoff e vince contro	la sempre volley	padova , che , invece , non ne vorrebbe sapere di venir presa in mezzo nella lotta per la salvezza (
ITWAC	sempre	ottimisti	?	?	DET ADV NOUN	allo stesso modo è del tutto vano che	i sempre ottimisti	tecnici della pubblicità si inventino spot televisivi nella presunzione di convincere gli italiani a consumare con l ´ ovvio argomento che
ITWAC	sempre	verde	?	?	DET ADV NOUN	passiamo poi	al sempre verde	terminator 3 d ...
ITWAC	sempre	attesa	?	?	DET ADV NOUN	al suo posto la confederazione suggeriva il nome di berni , in vista	della sempre attesa	unificazione .
ITWAC	sempre	sottomissione	?	?	DET ADV NOUN	per difendere posizioni dominanti : dominate sempre dalle stesse caste arroccate al proprio usurpato successo professionale , che consente ideologicamente	la sempre sottomissione	della sofferenza umana .
ITWAC	sempre	ganzo	?	?	DET ADV NOUN	era ultimo tango a par igi e	il sempre ganzo	56 enne faceva trepidare la piccola maria schneider nell' unico film nella storia del cinema italiano che la censura abbia mandato
ITWAC	sempre	divisa	?	?	DET ADV NOUN	impronta di sé storicamente l' intero medioevo fino nell' età moderna avanzata , costituendo forse l' unico reale fattore unificante	della sempre divisa	e sempre agitata europa " romana " e cristiana medioevale .
ITWAC	sempre	ottimo	?	?	DET ADV NOUN	e qualche malumore , leggendo tra le righe dell' editoriale scritto	dal sempre ottimo	luca scatasta ( voto : 8 ) , questo volume deve averlo creato anche nella redazione della nostrana casa delle idee
ITWAC	sempre	fresca	?	?	DET ADV NOUN	tra maschi con la barba di tre giorni e l' ultimo lavaggio del mese prima ,	la sempre fresca	natascha mcelhone è l' unica ( si suppone ) a profumare di bucato " : ( massimo bertarelli , ' il
ITWAC	sempre	fresca	?	?	DET ADV NOUN	tra maschi con la barba di tre giorni e l' ultimo lavaggio del mese prima ,	la sempre fresca	natascha mcelhone è l' unica ( si suppone ) a profumare di bucato .
ITWAC	sempre	titolare	?	?	DET ADJ ADV NOUN	12/05/2005 18:52:10 max sharm , sharm adesso che cominciava a conoscere la serie a ritornerai	alla grande sempre titolare	12/05/2005 18:49:47 mario , montesilvano coraggio e a presto : ancora piu' forte !
ITWAC	sempre	volley	?	?	DET ADV NOUN	invece , per le nette vittorie di casa modena , contro la icom latina , di maxicono parma , contro	il sempre volley	padova , e della yahoo !
ITWAC	sempre	velocità	?	?	DET ADV NOUN	del numero di dicembre 1999 di macworld , e devo dire che sono d' accordo con te su ciò che	la sempre velocità	dei processori provoca .
ITWAC	sempre	ottimo	?	?	DET ADV NOUN	mantra liberatorio di " wichita vortex sutra " , testo di allen ginsberg e musica di philip glass , gridato	dal sempre ottimo	moni ovadia , a metà tra un poeta beat e un sacerdote in una chiesa di harlem .
ITWAC	sempre	star	Rank	?	DET ADV NOUN	partesti a piedi senza far pur motto 375 al tuo re , cui tu	dei sempre star	sotto .
ITWAC	sempre	ottimista	?	?	DET ADV NOUN	sarà inferiore alla media europea , al massimo arriverà al 1,1 - 1,3 , ben lontana da quel 2,1 previsto	dal sempre ottimista	governo berlusconiano , che purtroppo non è la prima volta che sbaglia le proprie previsioni economiche , dal miracolo economico ad
ITWAC	sempre	ottimo	?	?	DET ADV NOUN	drammatici , un intreccio di realtà crude e nascoste , pronte a riaffiorare quando il protagonista quoyle ( interpretato da	un sempre ottimo	kevin spacey ) dopo una vita costellata di fallimenti e amarezze torna nel paese di origine della sua famiglia .
ITWAC	sempre	procuratore	Role	?	DET ADV NOUN	le partite oggetto di indagine sono reggina-verona di serie a e chievo-atalanta di serie b. lo ha detto	il sempre procuratore	federale porceddu , in un intervallo del processo .
ITWAC	sempre	previsto	?	?	DET ADV NOUN	sequenze nel loro insieme , uno scivolare meccanico di ogni film sui passi del precedente nel mare degli archetipi e	del sempre previsto	imprevisto .
ITWAC	sempre	vergine	?	?	DET ADJ ADV NOUN	e santo amore con il quale ci hai amati , hai fatto nascere lo stesso vero dio e vero uomo	dalla gloriosa sempre vergine	beatissima santa maria e hai voluto che per mezzo della croce , del sangue e della morte di lui noi
ITWAC	sempre	sospetti	?	?	DET ADV NOUN	la secolarizzazione " , lamenta il devoto pizzettaro , nelle pur numerosissime università che si dicono cattoliche , spesso controllate	dai sempre sospetti	gesuiti .
ITWAC	sempre	compianto	?	?	DET ADV NOUN	perché non ricordo il maigret televisivo se non per la bellissima sigla " un giorno dopo l' altro " cantata	dal sempre compianto	tenco .
ITWAC	sempre	intesa	Qualification or Set of Circumstances	?	DET ADV NOUN	io mi sono affacciato solamente quest' anno alle gf , la bici infatti	lo sempre intesa	come uno svago fra amici , un modo per godersi la natura , ovviamente sulla scia di uno sport che da
ITWAC	sempre	brava	?	?	DET ADV NOUN	terzo posto per	la sempre brava	stefania de grandi .
ITWAC	sempre	volley	?	?	DET ADV NOUN	sarà la sua quarta stagione in italia dopo aver vestito le maglie della maxicono parma dal 1999 al 2001 ,	del sempre volley	padova nel campionato 20 01 - 2002 , della noicom cuneo nel 2002 - 2003 e dell' adriavolley per la prima
ITWAC	sempre	richiesta	?	?	DET ADV NOUN	trascinante nelle esibizioni come	nella sempre richiesta	" tutto il resto è noia " , la canzone che dice " mi sento più addosso " .
ITWAC	sempre	ottimo	?	?	DET ADV NOUN	stesso copione nella partita serale , con un perfetto equilibrio fino all' ultimo attacco , quando i padovani , condotti	dal sempre ottimo	enrico greggio , hanno messo a segno il break vincente di due punti .
ITWAC	sempre	rimpianto	?	?	DET ADV NOUN	infatti , bartolo longo e la contessa de fusco , attuando un saggio consiglio	del sempre rimpianto	p. ludovico da casoria , con atto notarile del 12 settembre 1906 , donano tutto al papa .
ITWAC	sempre	verde	?	?	DET ADV NOUN	tra le destinazioni spicca	la sempre verde	saint tropez , sarà il nuovo trend dell' estate ?
ITWAC	sempre	ottimo	?	?	DET ADV NOUN	equivoci , ormai vecchio come la dentiera di mio nonno , reitman costruisce una commedia perlomeno gradevole , basata su	un sempre ottimo	kevin kline e per una certa parte sul voyeurismo dello spettatore , che prova un piacere sottile ad immedesimarsi - seppur
ITWAC	sempre	carne	?	?	DET ADJ ADV NOUN	ottuagenarie per farne cibo per la tua gatta come facevi un tempo ( ecco spiegato lo sguardo d' odio :	alla lunga sempre carne	vecchia era ...
ITWAC	sempre	brava	?	?	DET ADV NOUN	si salva solo	la sempre brava	cecilia roth , il resto è uno strazio , tanto che si ride a crepapelle .
ITWAC	sempre	entusiasti	?	?	DET ADV NOUN	riproporre canzoni famose attraverso l' interpretazione giocosa e spontanea di melodie classiche napoletane e canzoni del festival di sanremo interpretate	dai sempre entusiasti	concorrenti ultracinquantenni .
ITWAC	sempre	ottimo	?	?	DET ADV NOUN	messi in rilievo nelle cronache delle ultime settimane , come il petrolchimico siracusano e la magona di piombino , fino	al sempre ottimo	75 % comunicato dai sindacati delle marche , impreziosito dal deserto totale registrato negli stabilimenti della fincantieri del porto di ancona
ITWAC	sempre	volley	?	?	DET ADV NOUN	- eccoli i tanto annunciati giovani che rinfoltiranno la rosa	del sempre volley	padova .
ITWAC	sempre	perfetta	?	?	DET ADV NOUN	il primo è catwoman in cui halle berry sfiderà	una sempre perfetta	sharon stone , che ha in questi giorni confermato la sua presenza nel sequel di " basic instinct " .
ITWAC	sempre	brava	?	?	DET ADV NOUN	immancabile in studio il solito stuolo di parenti e amici dei concorrenti , intervistati con la consueta professionalità	dalla sempre brava	bignardi .
ITWAC	sempre	forza	?	?	DET ADV NOUN	concordo inoltre	sul sempre forza	viola forte e duro [ nicola 83 26/04/2005 12:47:00 ] non ti preoccupare ale , tutto sotto controllo .
ITWAC	sempre	brava	?	?	DET ADV NOUN	lo sostengono l' ottima sceneggiatura e	la sempre brava	cameron diaz .
ITWAC	sempre	volley	?	?	DET ADV NOUN	l' opposto christian pampel si è presentato ieri mattina per la prima volta nella sede	del sempre volley	.
ITWAC	sempre	verde	?	?	DET ADV NOUN	chi volesse utilizzare il classico cucchiaino ottimo il gran pescatore del n ° 4 o	il sempre verde	toby della abu nell' analoga misura .
ITWAC	sempre	volley	?	?	DET ADV NOUN	| rispondi | perplesso giacomo tarsi | 16.06.05 - 01:28 rispondi da volleyball.it padova - morsut ha informato	la sempre volley	padova del contatto avviato con beppe cormio , ora direttore generale trentino .
ITWAC	sempre	rifugio	?	?	DET ADV NOUN	o krishna , amante supremo , tu	dai sempre rifugio	alle anime sottomesse e soddisfi i desideri di tutti gli esseri ; e a chiunque adori i tuoi piedi di loto
ITWAC	sempre	verde	?	?	DET ADV NOUN	due punti ottenuti al tie-break contro un' agguerrita taranto , in un match che vede finalmente il rientro in campo	del sempre verde	de giorgi .
ITWAC	sempre	comodo	?	?	DET ADV NOUN	strumentazione old style piena di quel che serve ( ma manca	il sempre comodo	contakm parziale ) .
ITWAC	sempre	amati	?	?	DET ADV NOUN	il timido ubriaco - cara valentina - una musica puo' fare e per concludere l' incontro message in a bottle	dei sempre amati	mitici the police per ricordare ai presenti di cercare di ascoltare sempre musica di qualità , quella con la m maiuscola
ITWAC	sempre	redivivo	?	?	DET ADV NOUN	testimonio che l' ultimo rappresentante del campionario di patriarchi estrosi , simpatici e pletorici offerto dal nostro autore , ossia	il sempre redivivo	giorgio bellusci , cede al nipote florian come pegno in favore della sua opera di conservazione e tradizione della memoria ,
ITWAC	sempre	pi	?	?	DET ADV NOUN	continuano a far discutere e a suscitare appassionate reazioni contrastanti , imponendosi , ad ogni modo , all ' attenzione	dei sempre pi	ù numerosi cultori del mondo celtico .
ITWAC	sempre	volley	?	?	DET ADV NOUN	sempre nelle retrovie salutiamo con entusiasmo il primo successo di roma che ha battuto in quattro set	il sempre volley	padova .
ITWAC	sempre	lucido	?	?	DET ADV NOUN	la domanda	del sempre lucido	teoremitti è : " perché carmen consoli produce un gruppo che canta come lei ?
ITWAC	sempre	ottimo	?	?	DET ADV NOUN	sufficientemente teso , vanta	un sempre ottimo	brian dennehy , mentre brian brown fatica a togliersi di dosso i panni del barista di cocktail .
ITWAC	sempre	volley	?	?	DET ADV NOUN	vincono , infine , la rinnovata sisley treviso ( 3 - 0 contro	la sempre volley	padova ) e la solida lube bancamarche macerata ( 3 - 0 contro la sira cucine ancona ) .
ITWAC	sempre	ottimo	?	?	DET ADV NOUN	: l' abile steno ( regia e sceneggiatura ) , gli ispirati monicelli age & scarpelli ( sceneggiatura ) ,	il sempre ottimo	castellani ( l' onorevole ) , la sensuale barzizza ( la ladra ) , il divertentissimo pavese ( tiscordi ) ,
ITWAC	sempre	pi	?	?	DET ADV NOUN	una maledizione rabbinica contro sharon tel aviv	nel sempre pi	ù aspro confronto che oppone il premier ariel sharon ( nella foto ) e la destra eversiva , a tre settimane
ITWAC	sempre	pi	?	?	DET ADV NOUN	" personaggi : gs : guardiano	del sempre pi	: picard si : sisko ja : janeway picard si trova in una radura dove svetta il toroide del guardiano del
ITWAC	sempre	volley	?	?	DET ADV NOUN	: il primo ha sorriso all' asystel milano , il secondo ha visto festeggiare l' itas diatec trentino ai danni	della sempre volley	padova .
ITWAC	sempre	pci	?	?	DET ADJ ADV NOUN	ho quindi votato pri , poi psi , ed infine	dal '74 sempre pci	/ pds / ds ...
ITWAC	sempre	rischio	?	?	DET ADV NOUN	per essere proprio sicuri e " coprirsi le spalle " da eventuali atti illegittimi dei provveditori , ma c' e'	il sempre rischio	che il tar non la conceda , dunque ...
ITWAC	sempre	attesa	?	?	DET ADV NOUN	dalle istituzioni è quella di affrettare l' iter per realizzare « il luogo della moda » per eccellenza , ovvero	la sempre attesa	città-della-moda sull' area garibaldi-repubblica .
ITWAC	sempre	volley	?	?	DET ADV NOUN	presentatik anche interessanti progetti della sisley treviso , della rpa perugia e	del sempre volley	padova .
ITWAC	sempre	volley	?	?	DET ADV NOUN	l' opposto christian pampel si è presentato ieri mattina per la prima volta nella sede	del sempre volley	.
ITWAC	sempre	verde	?	?	DET ADV NOUN	viene chiamata , allora ,	la sempre verde	florinda bolkan che si dice onorata di poter dare un simile riconoscimento ad un genio del make-up .
ITWAC	sempre	ganzo	?	?	DET ADV NOUN	era ultimo tango a par igi e	il sempre ganzo	56 enne faceva trepidare la piccola maria schneider nell' unico film nella storia del cinema italiano che la censura abbia mandato
ITWAC	sempre	sospetti	?	?	DET ADV NOUN	la secolarizzazione » , lamenta il devoto pizzettaro , nelle pur numerosissime università che si dicono cattoliche , spesso controllate	dai sempre sospetti	gesuiti .
ITWAC	sempre	visto	?	?	DET ADV NOUN	ciao schumi 84 jun 4 2005 , 05:46 pm effettivamente quest' anno nn sta facendo grandi cose !! io sinceramenti	lo sempre visto	come un pericolo x gli altri piloti ...
ITWAC	sempre	notte	?	?	DET ADV NOUN	interpretativa degli eventi : " ma nulla accade in nessun tempo " , dove " la scia di vita in	una sempre notte	/ di chi non vede ma ha presagi " , è la stessa , forse , di " quei lavori in
ITWAC	sempre	ottimo	?	?	DET ADV NOUN	l' aggiunta della sexy catherine zeta-jones , del veterano albert finney , che compare soltanto in un cammeo , e	del sempre ottimo	vincent cassel , che ci regala la figura di francois toulour , sorta di lupin del nuovo millennio .
ITWAC	sempre	pensata	?	?	DET ADV NOUN	gianluka avvisa il moderatore blusabbia italia 403 messaggi spedito - 14 july 2004 : 17:43:08 hai ragione io	lo sempre pensata	come te infatti quando sono andato al concerto ho fatto la stassa richiesta a eva e mi ha detto che cmq
ITWAC	sempre	attesa	?	?	DET ADV NOUN	modalità di intervento , promuovendo quella ricomposizione delle funzioni di tutela e di valorizzazione dei patrimoni storici ed artistici che	la sempre attesa	legge nazionale sui beni culturali dovrebbe assegnare al sistema delle autonomie locali " ( 30 ) .
ITWAC	sempre	volley	?	?	DET ADV NOUN	il nuovo successo in tre set in casa	della sempre volley	padova significa ancora primato in classifica per i lombardi .
ITWAC	sempre	giovani	Qualification or Set of Circumstances	?	DET ADV NOUN	ha dichiarato con molta schiettezza : " della balena sono il balenotto ; come vedete , sono ancora arzillo :	dei sempre giovani	sono il vessillo !
ITWAC	sempre	classici	?	?	DET ADV NOUN	abbinando marsine smoking , giacchini costruiti , husky da sera , cinture briglia	ai sempre classici	horse boots .
ITWAC	sempre	citazioni	?	?	DET ADV NOUN	risponde " beh , questo dipende da lei " luoghi londra : capitale inglese zed : luogo del mai e	del sempre citazioni	" that you can ' t trust freedom when it 's not in your hand ...
ITWAC	sempre	ottimo	?	?	DET ADV NOUN	di seguito ,	il sempre ottimo	chris cooper , con un ruolo che sarebbe stato facilmente relegabile a simil-macchietta grazie alla sceneggiatura assassina da cui proviene ,
ITWAC	sempre	volley	?	?	DET ADV NOUN	la itas diatec trentino che proprio non ne vuole sapere di perdere il treno per i playoff e vince contro	la sempre volley	padova , che , invece , non ne vorrebbe sapere di venir presa in mezzo nella lotta per la salvezza (
ITWAC	sempre	onde	?	?	DET ADJ ADV NOUN	durante le feste tutti i giorni , queste vacanze di natale su 22 giorni solo 2 non ho surfato ,	i restanti sempre onde	ben oltre il metro .
ITWAC	sempre	richiesta	?	?	DET ADV NOUN	orari contorti , dalle aule spesso inadatte o lontane dalla sede centrale , dalle ormai troppo piccole aule studio ,	dalla sempre richiesta	mensa studenti e dalla necessità di ampi parcheggi .
ITWAC	sempre	fortunati	?	?	DET ADV NOUN	sad home seattle a differenza	dei sempre fortunati	americani , che potranno gustarsi il gioco intero tra poche ore , gli appassionati italiani dovranno aspettare ancora qualche mese prima
ITWAC	sempre	brava	?	?	DET ADV NOUN	ozon ci regala due bei personaggi (	la sempre brava	valeria bruni tedeschi e il bel tenebroso stephane freiss ) alle prese con le nevrosi contemporanee e con i dilemmi di
ITWAC	sempre	attesa	?	?	DET ADV NOUN	delle priorita' per il suo governo , karamanlis ha subito indicato il completamento dei lavori in vista delle olimpiadi e	la sempre attesa	riforma della pubblica amministrazione .
ITWAC	sempre	ottimo	?	?	DET ADV NOUN	) risultano invece le riprese della tosca , con una menzione particolare per	il sempre ottimo	alessandro safina , probabilmente il miglior tenore italiano attualmente in circolazione ( e - miracolo !
ITWAC	sempre	pi	?	?	DET ADV NOUN	assumere in misura sempre crescente il ruolo di guida dell' intero ciclo di sviluppo e costringe le aziende ad utilizzare	le sempre pi	& # xf 9 ; emergenti tecnologie nell' area della progettazione e produzione ( computer aided design - cad , computer
ITWAC	sempre	brava	?	?	DET ADV NOUN	un ottimo adrien brody , che rende alla perfezione lo smarrimento del protagonista , ma grande prova anche	della sempre brava	jennifer jason leigh e della giovane keira knightley .
ITWAC	sempre	verde	?	?	DET ADV NOUN	inoltre come spunto di riflessione vi ricordo che agli assoluti di firenze ,	il sempre verde	carosi ha vinto in modo netto grazie anche ad un' evidente miglior tecnica sull' ostacolo .
ITWAC	sempre	brava	?	?	DET ADV NOUN	la pellicola racconta in particolare la nascita del romanzo in seguito all' incontro dello scrittore con una vedova (	una sempre brava	kate winslet ) e i suoi 4 figli ( freddy highmore nel ruolo di peter è fantastico ) .
ITWAC	sempre	addio	?	?	DET ADV NOUN	è il nostro addio quotidiano , questo è	il sempre addio	che io comando , una festa da santificare ogni giorno , per onorare la nascita del nostro ricongiungimento carnale .
ITWAC	sempre	ottimo	?	?	DET ADV NOUN	ascolto , poi , non si resterà certo delusi da gioielli come " plastic " , accompagnata dalle preziose rime	del sempre ottimo	diverse ( da non perdere anche il suo esordio solista " one a.m. " ) , oppure " busy signal (
ITWAC	sempre	piazzato	?	?	DET ADV NOUN	dove steels si riconferma sui livelli visti ad iniziostagione in francia e batte un o ' grady finalmente competitivo ed	il sempre piazzato	pollack ...
ITWAC	sempre	volley	?	?	DET ADV NOUN	invece , per le nette vittorie di casa modena , contro la icom latina , di maxicono parma , contro	il sempre volley	padova , e della yahoo !
ITWAC	sempre	volley	?	?	DET ADV NOUN	altro 3 - 0 per la vittoria	della sempre volley	padova : con gavrilov e granvorka in giornata positiva , i patavini hanno gioco facile contro la roma volley , ancora
ITWAC	sempre	verde	?	?	DET ADV NOUN	da allora ad oggi il romanzo è stato costantemente ristampato divenendo un " classico contemporaneo " ,	un sempre verde	letterario , ancora fresco documento nella sua coinvolgente drammaticità .
ITWAC	sempre	lingua	Qualification or Set of Circumstances	?	DET ADV NOUN	con il passare degli anni , diventa prioritaria la convinzione che la committenza e le aziende di trasporto necessitano di	una sempre lingua	: it http://www.agautvallestura.com agenzia telegraf point timbri , targhe , postazioni internet , assemblaggio mailing aziendale , recapito per aziende e
ITWAC	sempre	verde	?	?	DET ADV NOUN	mineralità , il frutto e le spezie dello scaloti 2003 , che rimane tra i migliori rosati d' italia ,	il sempre verde	notarpanaro , stavolta in versione 2002 , ed un inaspettato quanto indovinato salice salentino riserva 2000 ( subito dopo il patriglione
ITWAC	sempre	verde	?	?	DET ADV NOUN	shingo araki , noto anche per aver dato vita a prodotti come tommy la stella dei giants , goldrake e	la sempre verde	lady oscar .
ITWAC	sempre	lucido	?	?	DET ADV NOUN	la domanda	del sempre lucido	teoremitti è : " perché carmen consoli produce un gruppo che canta come lei ?
ITWAC	sempre	brava	?	?	DET ADV NOUN	l' irriconoscibile nicole kidman , la meravigliosa julianne moore e	la sempre brava	meryl streep , protagoniste di the hours il film di stephen daldry , ritirato all' ultimo momento da venezia , hanno
ITWAC	sempre	pci	?	?	DET ADJ ADV NOUN	----- original message ----- from : " ranvit " ho quindi votato pri , poi psi , ed infine	dal '74 sempre pci	/ pds / ds ...
ITWAC	sempre	camera	?	?	DET ADJ ADV NOUN	puoi , de la sua setta , se vuoi saver qual è la sua persona : ché ' l buon	col buon sempre camera	tene .
ITWAC	sempre	brava	?	?	DET ADV NOUN	sicuramente è stata aiutata dall' affiancamento	della sempre brava	cristina ricci , che stupisce a ogni interpretazione .
ITWAC	sempre	vergine	?	?	DET ADJ ADV NOUN	, ci uniamo in sommo grado al culto della chiesa celeste , comunicando con essa e venerando la memoria soprattutto	della gloriosa sempre vergine	maria , del beato giuseppe , dei beati apostoli e martiri e di tutti i santi .
ITWAC	sempre	vergine	?	?	DET ADJ ADV NOUN	a cristo capo e in comunione con tutti i suoi santi , devono pure venerare la memoria « innanzi tutto	della gloriosa sempre vergine	maria , madre del dio e signore nostro gesù cristo » maria e la chiesa 53 .
ITWAC	sempre	amici	Qualification or Set of Circumstances	?	DET ADV NOUN	e massimo giuntini ; a scanso di equivoci , infine , tutti i ramblers partecipano a questo lp , compresi	i sempre amici	giovanni ed alberto .
ITWAC	sempre	solido	?	?	DET ADV NOUN	sola , vestita come per una serata di gala ??? ) ; e non bastano certo le prove d' orgoglio	del sempre solido	will patton o di una statuaria rebecca romijn-stamos ( mai così bella , finalmente senza ostentati make-up ) a tenere in
ITWAC	sempre	solido	?	?	DET ADV NOUN	reeves , sempre più emaciato e " messianico " , quasi un grande buddha dall' anima dark ) , e	il sempre solido	mr smith-hugo weaving , sono i comprimari a mostrarsi assolutamente inadeguati , quasi ritenessero sufficiente un look particolarmente cool a mascherare
ITWAC	sempre	verde	?	?	DET ADV NOUN	scott speedman , seguito poi da sicuri professionisti come amanda plummer , alfred molina ( suo un cameo ) e	la sempre verde	debbie harry .
ITWAC	sempre	piazzato	?	?	DET ADV NOUN	al tour , mentre anquetil è in declino si impone il giovane aimar , davanti a jan janssen e	al sempre piazzato	poulidor .
ITWAC	sempre	scomparsa	?	?	DET ADV NOUN	digitale questo film , già conosciuto qui in italia per una prima edizione della defunta granata pess , poi rieditato	dalla sempre scomparsa	polygram / manga video e distribuito col titolo internazionale di wicked city , ed ora riproposto con un nuovo adattamento e
ITWAC	sempre	anno	?	?	DET ADJ ADV NOUN	alle femmine molto di dare il loro amore altrui così tosto , perché cotali risposte dovete lasciare alle foresi ,	le qual sempre anno	in bocca di dire ch ' a una fedito non cade l' albero .
ITWAC	sempre	sorprendente	?	?	DET ADV NOUN	slalom bagnato e slalom fortunato dunque per l' italia che ha ottenuto poi un 14 º posto con	il sempre sorprendente	altoatesino manfred moelgg , che era partito con il pettorale 24 .
ITWAC	sempre	simpatici	?	?	DET ADV NOUN	concerti - domani sera 5 agosto alle cave di cursi ( lecce )	i sempre simpatici	subsonica vi faranno ballare fino a svenire ...
ITWAC	sempre	diritto	?	?	DET ADJ ADV NOUN	girate a sinistra , continuate sempre diritto 500 m circa , arriverete a	una rotonda sempre diritto	per circa 300 m , troverete l' insegna motel castione sulla destra .
ITWAC	sempre	ottimo	?	?	DET ADV NOUN	e situazioni abilmente incastrati , tra i quali vengono inseriti divertenti e deliziosi siparietti ironici , come quello in cui	il sempre ottimo	biagio izzo si cimenta in un russo maccheronico , e non mancano le diverse , inaspettate , sorprese tipiche degli script
ITWAC	sempre	fastidio	?	?	DET ADV NOUN	quando sei brava	dai sempre fastidio	a qualcuno !
ITWAC	sempre	fastidio	?	?	DET ADV NOUN	abbraccio a tutte michela autore risposta : michelle inserita il : 20/07/2005 21:40:10 messaggio : citazione : quando sei brava	dai sempre fastidio	a qualcuno !
ITWAC	sempre	piazzato	?	?	DET ADV NOUN	riuscì ad avere la meglio su compagni di fuga di tutto rispetto : il suo compagno di squadra ivanov ,	il sempre piazzato	miky boogerd e il campione americano lance armstrong .
ITWAC	sempre	amico	Qualification or Set of Circumstances	?	DET ADV NOUN	ed è nato felini in collaborazione con	il sempre amico	alessandro palacino , in cui finalmente usciva fuori il mio progetto anche se ancora in embrione : un solo standard rivisitato
ITWAC	sempre	pi	?	?	DET ADV NOUN	mi manca la quotidiana pausa rilassante in questo angolino di mondo , ma , purtroppo ,	i sempre pi	& # xf 9 ; oberanti impegni di lavoro mi costringono a starvi lontana .
ITWAC	sempre	sabato	?	?	DET ADJ ADV NOUN	s. ilario , s. polo , invitano gli utenti in biblioteca per " liberare " i libri , montecchio farà	lo stesso sempre sabato	dalle ore 9 alle ore 12 , bibbiano invece alle ore 10 .
ITWAC	sempre	brava	?	?	DET ADV NOUN	la storia è quella di tracy ( evan rachel wood ) studentessa modello nonché figlia di melanie (	la sempre brava	holly hunter ) che una volta arrivata al liceo si trova davanti un mondo che non si aspettava .
ITWAC	sempre	dodicenne	?	?	DET ADV NOUN	ricondotto subito con sua grande gioia dai suoi cari , che trova in vero un po' mutati ,	il sempre dodicenne	david ( che ora dovrebbe avere 20 anni ) diventa un caso per la nasa , interessata alla ricomparsa del ragazzo
ITWAC	sempre	fine	?	?	DET ADV NOUN	pagg. 375/8 passim - da notare	la sempre fine	, ma tagliente , ironia del nostro , ( come sopra a proposito di nino bixio ) che aveva certamente l'
ITWAC	sempre	intento	?	?	DET ADV NOUN	scena iibis azzurra sul palco , maschera	i sempre intento	a scrivere .
