REPUBBLICA	sovente	mal	?	?	DET ADJ ADV NOUN	spesso comprava da loro quel che picasso , mirò , matisse o quant ' altri avevano il giorno prima regalato	ai loro sovente mal	messi amici poeti .
WIKICONLL	sovente	quantità	?	?	DET ADV NOUN	le misure sono comunque approssimative , perché	la sovente quantità	ingente di lana rende difficoltosi questi test fisici .
ITWAC	sovente	solitudine	?	?	DET ADV NOUN	l' imprecisione è consequenziale , così come	la sovente solitudine	della strana coppia vieri-cassano , a tratti abbandonata al suo destino .
ITWAC	sovente	mancanza	?	?	DET ADV NOUN	il principale elemento diagnostico rimane	la sovente mancanza	in questo caso degli effetti filtro sopra descritti .
ITWAC	sovente	citata	?	?	DET ADV NOUN	un indirizzo sin qui obiettivamente minoritario del quale costituiscono significativa espressione per quanto riguarda il consiglio di stato - oltre	alla sovente citata	v sez. 20.9.2001 n. 4970 , in realtà relativa al caso peculiare dell' aggiudicatario di gara annullata che ne impugni la
ITWAC	sovente	evidenza	?	?	DET ADV NOUN	i motivi sono fin troppo noti : innanzitutto colui che cagiona il danno cerca spesso di non riconoscerlo malgrado	la sovente evidenza	del fatto e , nel caso in cui lo riconosca , spesso tende a minimizzare le conseguenze del proprio comportamento dannoso
ITWAC	sovente	evidenza	?	?	DET ADV NOUN	i motivi sono fin troppo noti : innanzitutto colui che cagiona il danno cerca spesso di non riconoscerlo malgrado	la sovente evidenza	del fatto e , nel caso in cui lo riconosca , spesso tende a minimizzare le conseguenze del proprio comportamento dannoso
ITWAC	sovente	evidenza	?	?	DET ADV NOUN	i motivi sono fin troppo noti : innanzitutto colui che cagiona il danno cerca spesso di non riconoscerlo malgrado	la sovente evidenza	del fatto e , nel caso in cui lo riconosca , spesso tende a minimizzare le conseguenze del proprio comportamento dannoso
ITWAC	sovente	strumenti	?	?	DET ADJ ADV NOUN	esprime la sua contrarietà a come vengono , molto spesso , utilizzati i fondi e gli aiuti alimentari , essendo	i medesimi sovente strumenti	per il perseguimento di finalità speculative .
ITWAC	sovente	citata	?	?	DET ADV NOUN	un indirizzo sin qui obiettivamente minoritario del quale costituiscono significativa espressione per quanto riguarda il consiglio di stato - oltre	alla sovente citata	v sezione 20.9.2001 n. 4970 , in realtà relativa al caso peculiare dell' aggiudicatario di gara annullata che ne impugni la
ITWAC	sovente	presenza	Qualification or Set of Circumstances	?	DET ADV NOUN	posate sul fondo sabbioso sono interamente incrostate di coralli colorati , di madrepore , grandi gorgonie arancioni e ulteriormente abbellite	dalla sovente presenza	di fitti branchi di glass fish .
ITWAC	sovente	reiterazione	?	?	DET ADV NOUN	art , 5 legge 1 ° agosto 2003 n. 214 ) , operata per consentire di ovviare ai negativi effetti	della sovente reiterazione	dell' illecito sulla recidiva , che ha nuovamente attribuito alla competenza del tribunale la contravvenzione contemplata dall' art. 186 del codice
ITWAC	sovente	presenza	Qualification or Set of Circumstances	?	DET ADV NOUN	la sintonia ideologica tra stone e castro emerge nettamente ed è rimarcata	dalla sovente presenza	di entrambe le figure in campo , ma non si riveste mai di didascalica pedanteria .
