REPUBBLICA	spesso	strato	?	?	DET ADV NOUN	i risultati della spedizione geologica britannica dell' università di birmingham , conclusa- si recentemente , comunque ha accertato che	lo spesso strato	di ghiaccio antartico non ha subito modificazioni negli ultimi cinque milioni di anni , nonostante i numerosi stravolgimenti del clima che
REPUBBLICA	spesso	velo	?	?	DET ADV NOUN	, samar , ' rea ' di esser- si tolta per strada -- in un giorno di torrida calura --	lo spesso velo	nero che le copriva il volto .
REPUBBLICA	spesso	velo	?	?	DET ADV NOUN	i rari ex membri della setta che hanno deciso di parlare squarciano	lo spesso velo	di segreto che circondono la nascita , il successo e l' estinzione della setta creata alla fine degli anni ottanta ,
WIKICONLL	spesso	strato	?	?	DET ADV NOUN	non essendo rocciose , sono invece ricoperte da	uno spesso strato	di fertile terriccio sul quale prospera la vegetazione alpina , ma proprio per lo stesso motivo esse sono soventemente soggette a
WIKICONLL	spesso	strato	?	?	DET ADV NOUN	la sua superficie è inoltre ricoperta da	uno spesso strato	di regolite , probabilmente più spesso di quello che ricopre fobos , che riempie quasi completamente alcuni crateri .
WIKICONLL	spesso	muro	?	?	DET ADV NOUN	a gerico le case erano costruite con mattoni di fango di forma piano-convessa e venne realizzato	uno spesso muro	di cinta in pietra con una torre circolare , probabilmente utilizzato a protezione dalle inondazioni del vicino torrente , più che
WIKICONLL	spesso	cornicione	?	?	DET ADV NOUN	preceduta da una lunga scala , è caratterizzata da un portale del 1515 , sormontato da vari bassorilievi e da	uno spesso cornicione	.
WIKICONLL	spesso	manto	?	?	DET ADV NOUN	di origine antichissima e probabilmente medioevale , venne ricoperta da	uno spesso manto	di terra , e dimenticato .
WIKICONLL	spesso	bordo	?	?	DET ADV NOUN	e campana e di nuovo fortemente conica per la campana , decisamente svasata , la quale però presenta alla base	uno spesso bordo	rivolto verso l' interno .
WIKICONLL	spesso	strato	?	?	DET ADV NOUN	somatiche della foca monaca sono analoghe a quelle delle altre phocidae : corpo allungato , irregolarmente cilindrico , rivestito da	uno spesso strato	adiposo ricoperto da un fitto pelo corto , vellutato , impermeabile all' acqua .
WIKICONLL	spesso	muro	?	?	DET ADV NOUN	in mattoni crudi , che ricorda le ziggurat mesopotamiche , e quella che sembra essere una fortezza , circondata da	uno spesso muro	di cinta , che era articolata su almeno due piani , dotati di finestre .
WIKICONLL	spesso	strato	?	?	DET ADV NOUN	le città , di conseguenza , sono cupole sottomarine , con illuminazione artificiale in quanto	lo spesso strato	superficiale d' alghe non lascia passare la luce .
WIKICONLL	spesso	strato	?	?	DET ADV NOUN	questo genere di pavimentazione garantisce il transito anche in presenza di strade a pendenza elevata oppure coperte da	uno spesso strato	di neve ; inoltre , per via della sua struttura molto drenante , scongiura o quasi la formazione di ghiaccio .
WIKICONLL	spesso	banco	?	?	DET ADV NOUN	investì la piana dove oggi si estende il lago omodeo , le rigogliose foreste che vi crescevano rimasero sommerse da	uno spesso banco	di materiali incoerenti .
WIKICONLL	spesso	manto	?	?	DET ADV NOUN	la presenza di numerosi ghiacciai e	lo spesso manto	di ghiaccio della groenlandia e dell' antartide stanno ad indicare che la terra sta ancora attraversando un' era glaciale .
WIKICONLL	spesso	strato	?	?	DET ADV NOUN	anche nella stagione invernale viene spesso visitato da sommozzatori , che effettuano volentieri le loro riprese subacquee sotto	uno spesso strato	di ghiaccio e registrano nei documentari i giochi di colori delle acque sotterra- ne .
WIKICONLL	spesso	involucro	?	?	DET ADV NOUN	le spore sono circondate da	uno spesso involucro	prodotto dalla cellula che vi è contenuta ; entro la spora vi è un “ filamento polare ” che si diparte
WIKICONLL	spesso	strato	?	?	DET ADV NOUN	comunque è bene ricordare che tutta l' area del calderone , al di sotto di	uno spesso strato	di pietre , presenta un ulteriore strato di ghiaccio millenario .
WIKICONLL	spesso	isolamento	?	?	DET ADV NOUN	bisogna aggiungere che il contenitore dovrà disporre di	uno spesso isolamento	.
WIKICONLL	spesso	isolamento	?	?	DET ADV NOUN	di calore con altro tipo di fluido di lavoro e molteplici rabbocchi del serbatoio ) potrebbe ridurre la necessità di	uno spesso isolamento	e potrebbe permettere di funzionare evitando che si formino croste di ghiaccio .
WIKICONLL	spesso	manto	?	?	DET ADV NOUN	la mattina dopo , tutta springfield è ricoperta da	uno spesso manto	di neve , che blocca le strade .
WIKICONLL	spesso	strato	?	?	DET ADV NOUN	un altro problema della relazione fra ofioliti e crosta oceanica è	lo spesso strato	di gabbri delle ofioliti che richiede la presenza di grandi camere magmatiche al di sotto delle dorsali oceaniche .
WIKICONLL	spesso	muro	?	?	DET ADV NOUN	riguardante la cattedrale risale all' anno 1337 , quando il campanile dell' ex chiesa di santa maria venne rivestito con	uno spesso muro	per poter sostenere il nuovo edificio .
WIKICONLL	spesso	orizzonte	?	?	DET ADV NOUN	questi suoli sono caratterizzati da	uno spesso orizzonte	superficiale ( spesso identificato , a fini classificatori , come orizzonte diagnostico " mollico " ) , inscurito , fino a
WIKICONLL	spesso	muro	?	?	DET ADV NOUN	sommità dell' altura di ariccia , e vi restano brandelli di " agger " ( scoperti nel 1892 ) ,	lo spesso muro	( 11,30 metri ) che rafforzava la già naturalmente forte posizione del colle .
WIKICONLL	spesso	involucro	?	?	DET ADV NOUN	formato da ferro e nichel ( denominato " nife " ) , attorniato da una zona di transizione e da	uno spesso involucro	solido di composizione media basaltica , ricco in ferro e magnesio , racchiuso dalle rocce più superficiali e leggere ricche di
WIKICONLL	spesso	bordo	?	?	DET ADV NOUN	intorno a questo cerchio , si trova	uno spesso bordo	, sempre verde , recante al suo interno , nella parte superiore , la scritta bianca coritiba foot ball club ,
WIKICONLL	spesso	cornicione	?	?	DET ADV NOUN	zoccolatura in pietra e in marmo , che sfuma nella fascia decorata sottogronda a fondo monocromatico , conclusa infine da	uno spesso cornicione	marmoreo modanato .
WIKICONLL	spesso	involucro	?	?	DET ADV NOUN	rinvenibili tra luglio a maggio dell' anno successivo , questi bruchi , gregari , trascorrono l' inverno in	uno spesso involucro	serico .
WIKICONLL	spesso	muro	?	?	DET ADV NOUN	durante il xx secolo abbiano messo in luce prove dell’ esistenza di un antico edificio , tra cui parti di	uno spesso muro	probabilmente appartenente all’ entrata del castello .
WIKICONLL	spesso	cornicione	?	?	DET ADV NOUN	i tre blocchi sono conclusi da	uno spesso cornicione	in travertino che nasconde le falde delle coperture a tetto .
WIKICONLL	spesso	cornicione	?	?	DET ADV NOUN	aperture rettangolari , appare delimitato alle estremità da fasce in travertino , sottolineato da una alta zoccolatura e coronato da	uno spesso cornicione	modanato che funge da gronda in aggetto , ambedue nuovamente in travertino ; di dimensioni ridotte rispetto ai due dormitori ,
WIKICONLL	spesso	vetro	?	?	DET ADV NOUN	poco prima che finisca l' ossigeno però , lincoln riesce a salvar- li distruggendo	lo spesso vetro	della stanza con un' accetta presa in prestito dai vigili del fuoco .
WIKICONLL	spesso	cornicione	?	?	DET ADV NOUN	alquanto deteriorate - di pietra serena , scanditi da file regolari di quattro finestre rettangolari incorniciate , e conclusi da	uno spesso cornicione	modanato aggettante , ancora in pietra serena .
WIKICONLL	spesso	strato	?	?	DET ADJ ADV NOUN	calde acque equatoriali per prendere contatti con le altre ( sotto ) specie e ( in ) incrociar- si :	il loro spesso strato	di grasso isolante rende loro impossibile dissipare il calore corporeo interno in acque tropicali .
WIKICONLL	spesso	strato	?	?	DET ADV NOUN	proprio per questo motivo , le foche hanno sviluppato un altro marchingegno termico , vale a dire	uno spesso strato	sottocutaneo di tessuto adiposo , o lardo , che peraltro fornisce anche energia durante i periodi di digiuno e di allattamento
WIKICONLL	spesso	manto	?	?	DET ADV NOUN	quando d' inverno le forti nevicate ricoprono il terreno con	uno spesso manto	nevoso , i pica dalle orecchie grandi sono soliti scavare al di sotto di esso alla ricerca di piante , a
WIKICONLL	spesso	disco	?	?	DET ADV NOUN	studi successivi hanno mostrato che l' astro è circondato da	uno spesso disco	di polveri , che riduce la luminosità del corpo celeste di un fattore 2 ; di conseguenza , woh g64 brilla
WIKICONLL	spesso	manto	?	?	DET ADV NOUN	è stato bloccato , si temono colate di fango importanti , in quanto l' intera montagna è ancora coperta da	uno spesso manto	nevoso , che a contatto con le ceneri incandescenti si scioglie all' istante .
WIKICONLL	spesso	muro	?	?	DET ADV NOUN	a quel tempo lima era circondata da	uno spesso muro	di forma semicircolare che partiva da monserrate , sulla riva sinistra del rímac , e proseguiva verso sud .
WIKICONLL	spesso	cornicione	?	?	DET ADV NOUN	i tre livelli con mezzanino , caratterizzando- si per le aperture a tutto sesto dei due piani nobili e per	uno spesso cornicione	dentellato .
WIKICONLL	spesso	orizzonte	?	?	DET ADV NOUN	tipo " xanthic ferralsol " ( orizzonte b ferralico con colore da giallo a giallo pallido ) in congiunzione con	uno spesso orizzonte	lateritico , indicante condizioni climatiche con stagionalità pronunciata e livelli di falda freatica fluttuanti .
WIKICONLL	spesso	cornicione	?	?	DET ADV NOUN	nel sottotetto	uno spesso cornicione	dentellato disegna la parte alta della facciata .
WIKICONLL	spesso	disco	?	?	DET ADV NOUN	; si tratta di una be di herbig di classe b8e , con forti emissioni nell' hα , circondata da	uno spesso disco	di polveri che assorbe gran parte della sua radiazione , causando- ne anche un eccesso di radiazione infrarossa di ben 3
WIKICONLL	spesso	strato	?	?	DET ADV NOUN	omosauro è alto più di sette metri , dispone di una forza enorme e di	uno spesso strato	di pelle che gli fornisce una notevole resistenza alle ferite .
ITWAC	spesso	periodo	?	?	DET ADV NOUN	- sono state perse per conflitti di lavoro 9,8 milioni di ore , con una diminuzione del 68,1 % rispetto	allo spesso periodo	dell' anno precedente .
ITWAC	spesso	strato	?	?	DET ADV NOUN	ale 75 ( gay ) ti ho mandato un paio di foto , quella sotto	lo spesso strato	di sangue è la mia barca [ :) ] [ :) ] ps in giardino hai delle palme taglia le punte
ITWAC	spesso	periodo	?	?	DET ADV NOUN	l' indice del mercato azionario mondiale ( denominato in euro ) ha avuto un rendimento ,	nello spesso periodo	, pari al 357,6 % , ovvero l' 8,8 % annuo !
ITWAC	spesso	booklet	?	?	DET ADV NOUN	bello anche	lo spesso booklet	con i testi ; insomma , non vedo l' ora di rivederli la prossima estate a qualche festival .
ITWAC	spesso	volume	?	?	DET ADV NOUN	impossibile e inutile seguire la descrizione e il commento analitico di tondelli ,	nello spesso volume	che accompagna quello di maggiore formato delle tavole , firmato da tondelli e dalle esperte inglesi m .
ITWAC	spesso	booklet	?	?	DET ADV NOUN	bello anche	lo spesso booklet	con i testi ; insomma , non vedo l' ora di rivederli la prossima estate a qualche festival .
ITWAC	spesso	impegno	?	?	DET ADV NOUN	si attende	lo spesso impegno	per l' amministrazione del catasto e l' adozione di un quadro giuridico atto a creare una funzione pubblica indipendente , professionale
ITWAC	spesso	booklet	?	?	DET ADV NOUN	bello anche	lo spesso booklet	con i testi ; insomma , non vedo l' ora di rivederli la prossima estate a qualche festival .
ITWAC	spesso	involucro	?	?	DET ADV NOUN	il solo ed unico luogo irraggiungibile	dallo spesso involucro	di plastica sistemato ad imperia .
ITWAC	spesso	prodotto	?	?	DET ADV NOUN	infatti un olio difettoso sul mercato all' ingrosso ha un valore spesso inferiore al 50 %	dello spesso prodotto	ineccepibile , ma necessita di correzione non superiore al 15 - 20 % , in tal modo il miscelatore ottiene un
ITWAC	spesso	booklet	?	?	DET ADV NOUN	bello anche	lo spesso booklet	con i testi ; insomma , non vedo l' ora di rivederli la prossima estate a qualche festival .
ITWAC	spesso	strato	?	?	DET ADV NOUN	il racconto , " porgendo attentamente l' orecchio , egli guardava ogni tanto nell' interno attraverso i pochi spazi lasciati	dallo spesso strato	di gesso con cui si è soliti appannare dal di dentro le vetrine di questa specie di taverne " .
ITWAC	spesso	spirito	?	?	DET ADV NOUN	e' con	lo spesso spirito	che vogliamo sperimentare con voi anche la prova di verifica finale , con la quale ciascuno di voi può misurare il
ITWAC	spesso	tempo	Entity	?	DET ADV NOUN	prospettiva frontale e dall' alto	nello spesso tempo	, che permette , come certe pitture primitive , una presentazione ortogonale delle cose .
ITWAC	spesso	materasso	?	?	DET ADV NOUN	la pianura , formata da	una spesso materasso	alluvionale , e' costituita da rocce sciolte , e precisamente : a ) ghiaie e sabbie costituiscono l' alta pianura (
ITWAC	spesso	muro	?	?	DET ADV NOUN	se in tutta questa baraonda si deve eleggere un personaggio simbolo , un' icona che è riuscita a rompere	lo spesso muro	di condizionamenti , questo ruolo va senza dubbio alla nostra amica lara croft .
ITWAC	spesso	muro	?	?	DET ADV NOUN	se in tutta questa baraonda si deve eleggere un personaggio simbolo , un' icona che è riuscita a rompere	lo spesso muro	di condizionamenti , questo ruolo va senza dubbio alla nostra amica lara croft .
ITWAC	spesso	appeal	?	?	DET ADV NOUN	extra 19/12/2004 ocean 's twelve c' eravamo così ben abituati dopo gli altri film di soderbergh che speravamo di trovare	lo spesso appeal	.
ITWAC	spesso	piacere	?	?	DET ADV NOUN	anche se rubare in carcere non mi dà	lo spesso piacere	che farlo nei negozi .
ITWAC	spesso	tempo	Entity	?	DET ADV NOUN	tuttavia la soluzione sconfina rispetto ai correnti criteri estetici dell' ambiente e	nello spesso tempo	mantiene una contingente autonomia rispetto ai dogmi estetici del moderno a cui sembra esplicitamente aderire .
ITWAC	spesso	libro	Entity	?	DET ADV NOUN	tentativi odierni di attualizzazione impossibile , di riflessione paradossa-le sulla chiesa come " esperienza cristiana " , prendo a esempio	lo spesso libro	citato la chiesa di dio di louis bouyer , un singolare uomo di fede itinerante à rebour , dal protestantesimo all'
ITWAC	spesso	manto	?	?	DET ADV NOUN	( x quelli nei pressi della torre ) aggirate al torre e cominciate la difficile ricerca di qualche indizio	nello spesso manto	nevoso .
ITWAC	spesso	booklet	?	?	DET ADV NOUN	bello anche	lo spesso booklet	con i testi ; insomma , non vedo l' ora di rivederli la prossima estate a qualche festival .
ITWAC	spesso	booklet	?	?	DET ADV NOUN	bello anche	lo spesso booklet	con i testi ; insomma , non vedo l' ora di rivederli la prossima estate a qualche festival .
ITWAC	spesso	appeal	?	?	DET ADV NOUN	- 2004 alle : 9:49 c' eravamo così ben abituati dopo gli altri film di soderbergh che speravamo di trovare	lo spesso appeal	.
ITWAC	spesso	booklet	?	?	DET ADV NOUN	bello anche	lo spesso booklet	con i testi ; insomma , non vedo l' ora di rivederli la prossima estate a qualche festival .
ITWAC	spesso	paziente	Role	?	DET ADV NOUN	e proprio all' ateneo di ferrara si sta gia' sperimentando la possibilita' di stimolare le cellule staminali	dello spesso paziente	colpito da infarto .
ITWAC	spesso	booklet	?	?	DET ADV NOUN	bello anche	lo spesso booklet	con i testi ; insomma , non vedo l' ora di rivederli la prossima estate a qualche festival .
ITWAC	spesso	booklet	?	?	DET ADV NOUN	bello anche	lo spesso booklet	con i testi ; insomma , non vedo l' ora di rivederli la prossima estate a qualche festival .
ITWAC	spesso	booklet	?	?	DET ADV NOUN	bello anche	lo spesso booklet	con i testi ; insomma , non vedo l' ora di rivederli la prossima estate a qualche festival .
ITWAC	spesso	strato	?	?	DET ADV NOUN	ale 75 ( gay ) ti ho mandato un paio di foto , quella sotto	lo spesso strato	di sangue è la mia barca ps in giardino hai delle palme taglia le punte e usale come teaser !
ITWAC	spesso	studio	?	?	DET ADV NOUN	, in una collana intitolata " l' évolution de l' humanité " , edita da michel , pubblicarono nel 1954	uno spesso studio	su la cristianità e l' idea di crociata ( tr.it .
ITWAC	spesso	carichi	?	?	DET ADJ ADV NOUN	per di più i gomez hanno confezionato un lavoro lungo e gonfio , con	i bassi spesso carichi	di fuzz e le chitarre che tendono ad un suono indie , ma " split the difference " rimane solo
ITWAC	spesso	bicchiere	?	?	DET ADV NOUN	si sentì ridicolo mentre sorseggiava il liquore con	lo spesso bicchiere	in mano , fuori tono .
ITWAC	spesso	tavolo	?	?	DET ADV NOUN	era più pesante di quella dell' avversario , e i fendenti vibrati con ambo le mani avrebbero frantumato senza difficoltà	lo spesso tavolo	di quercia della sala .
ITWAC	spesso	richiesta	?	?	DET ADV NOUN	i calciatori poi , per la poliedricità delle caratteristiche della disciplina e per	la spesso richiesta	velocità nel recupero dagli infortuni ( spesso pure legati al danaro che l' infortunato muove ) , risultano atleti particolarmente bombardati
ITWAC	spesso	vetro	?	?	DET ADV NOUN	la presenza	dello spesso vetro	divisorio rendeva la conversazione confusa e distorta , cosicché quanto giungeva alle orecchie del giovane in attesa al di fuori era
ITWAC	spesso	booklet	?	?	DET ADV NOUN	bello anche	lo spesso booklet	con i testi ; insomma , non vedo l' ora di rivederli la prossima estate a qualche festival .
ITWAC	spesso	periodo	?	?	DET ADV NOUN	l' indice del mercato azionario mondiale ( denominato in euro ) ha avuto un rendimento ,	nello spesso periodo	, pari al 357,6 % , ovvero l' 8,8 % annuo !
ITWAC	spesso	piano	?	?	DET ADV NOUN	un punto importante è che le pratiche biogafiche mettono	sullo spesso piano	l' esperto e il soggetto in quanto persone dotate di una storia , del diritto-dovere di interpretarla e darle un senso
ITWAC	spesso	booklet	?	?	DET ADV NOUN	bello anche	lo spesso booklet	con i testi ; insomma , non vedo l' ora di rivederli la prossima estate a qualche festival .
ITWAC	spesso	booklet	?	?	DET ADV NOUN	bello anche	lo spesso booklet	con i testi ; insomma , non vedo l' ora di rivederli la prossima estate a qualche festival .
ITWAC	spesso	tessuto	?	?	DET ADV NOUN	quando ebbe finito , l' uomo lo afferrò per le spalle con una forza disperata , la presa percettibile attraverso	lo spesso tessuto	antiproiettile .
ITWAC	spesso	citata	?	?	DET ADV NOUN	e delle quali un paio ( music deluxe e mastertone multimedia ) con attività nel settore dell' editoria musicale e	la spesso citata	merlin come virtualmente inattiva .
ITWAC	spesso	percorso	?	?	DET ADV NOUN	per via	dello spesso percorso	ottico del fluido paramagnetico , le sue microstrutture non erano visibili , ma sarebbero divenute discernibili più tardi durante il loro
ITWAC	spesso	vetro	?	?	DET ADV NOUN	" il mago osservava il boccale vuoto alla luce di una delle lampade ; parte del suo volto emerse deformato	dallo spesso vetro	: " si , la spada .
ITWAC	spesso	strato	?	?	DET ADV NOUN	mueles , dove partono gli elicotteri che in 40 minuti di volo atterrano in prossimità delle colonie di foche ,	sullo spesso strato	di ghiaccio che in questo periodo dell' anno ricoprono le acque del golfo di san lorenzo .
ITWAC	spesso	booklet	?	?	DET ADV NOUN	bello anche	lo spesso booklet	con i testi ; insomma , non vedo l' ora di rivederli la prossima estate a qualche festival .
ITWAC	spesso	booklet	?	?	DET ADV NOUN	bello anche	lo spesso booklet	con i testi ; insomma , non vedo l' ora di rivederli la prossima estate a qualche festival .
ITWAC	spesso	manto	?	?	DET ADV NOUN	, agricoltura e belle arti ; la più strana è la fontaine d' eau chaude , detta muschio a causa	dello spesso manto	di muschio che la ricopre , una fonte di acqua calda proveniente dalla sorgente di bagniers .
ITWAC	spesso	collo	?	?	DET ADV NOUN	per un attimo privo di espressione , il suo volto era pallido e sudato e delle chiazze rosse gli imporporavano	lo spesso collo	.
ITWAC	spesso	volume	?	?	DET ADV NOUN	la prospettiva geografica di kopp - di cui vorrei profittare momentaneamente - ha interesse storico anche perché rifà	nello spesso volume	l' intero percorso della vita di gesù cristo , sulla scia dei vangeli e degli atti , risalendo alla prima tradizione
ITWAC	spesso	booklet	?	?	DET ADV NOUN	bello anche	lo spesso booklet	con i testi ; insomma , non vedo l' ora di rivederli la prossima estate a qualche festival .
ITWAC	spesso	booklet	?	?	DET ADV NOUN	bello anche	lo spesso booklet	con i testi ; insomma , non vedo l' ora di rivederli la prossima estate a qualche festival .
ITWAC	spesso	muro	?	?	DET ADV NOUN	la vetrina si palesava libera allo sguardo di tutti , incastonata	nello spesso muro	in cui altre vi trovavano posto .
ITWAC	spesso	periodo	?	?	DET ADV NOUN	l' indice del mercato azionario mondiale ( denominato in euro ) ha avuto un rendimento ,	nello spesso periodo	, pari al 357,6 % , ovvero l' 8,8 % annuo !
ITWAC	spesso	oro	?	?	DET ADV NOUN	indefesso lavorava il lottante guerriero che indicava il cammino a tutti e quattro sopra	lo spesso oro	[ tr .
ITWAC	spesso	strato	?	?	DET ADV NOUN	ale 75 ( gay ) ti ho mandato un paio di foto , quella sotto	lo spesso strato	di sangue è la mia barca ps in giardino hai delle palme taglia le punte e usale come teaser !
ITWAC	spesso	manto	?	?	DET ADV NOUN	ed anche negli altri centri della zona il freddo pungente e	lo spesso manto	nevoso hanno creato non pochi grattacapi .
ITWAC	spesso	vetro	?	?	DET ADV NOUN	" il mago osservava il boccale vuoto alla luce di una delle lampade ; parte del suo volto emerse deformato	dallo spesso vetro	: " si , la spada .
ITWAC	spesso	booklet	?	?	DET ADV NOUN	bello anche	lo spesso booklet	con i testi ; insomma , non vedo l' ora di rivederli la prossima estate a qualche festival .
ITWAC	spesso	protagonista	Qualification or Set of Circumstances	?	DET ADV NOUN	ce ne fosse stato bisogno visto che franco la civita lo ha detto dal primo momento , è stato confermato	dallo spesso protagonista	: non sarà il sindaco dimissionario l' assessore regionale che sta entrando nelle ipotesi .
ITWAC	spesso	valore	?	?	DET ADV NOUN	avranno quei prodotti , con marca nuova ,	lo spesso valore	percepito di quelli già presenti sul mercato e appoggiati dai grandi budget di comunicazione ?
ITWAC	spesso	peso	?	?	DET ADV NOUN	precisazioni e rettifiche del giorno dopo non avranno certo	lo spesso peso	.
ITWAC	spesso	booklet	?	?	DET ADV NOUN	bello anche	lo spesso booklet	con i testi ; insomma , non vedo l' ora di rivederli la prossima estate a qualche festival .
ITWAC	spesso	filo	?	?	DET ADV NOUN	, tentando di evitare le ortiche , si era soffermata a pochi passi da uno dei due pali che sostenevano	lo spesso filo	di plastica per il bucato .
ITWAC	spesso	libro	Entity	?	DET ADV NOUN	entrambi i libri e tagliate i capitoli con una lama exacto , interponendo i capitoli come meglio credete e portando	lo spesso libro	che ne verrà , dal vostro rilegatore di fiducia ...
ITWAC	spesso	strato	?	?	DET ADV NOUN	ale 75 ( gay ) ti ho mandato un paio di foto , quella sotto	lo spesso strato	di sangue è la mia barca ps in giardino hai delle palme taglia le punte e usale come teaser !
ITWAC	spesso	libro	Entity	?	DET ADV NOUN	pensiero italiano del settecento , marzorati 1959 , che però dedica di fatto al tema la quarta e ultima parte	dello spesso libro	, cap .
ITWAC	spesso	periodo	?	?	DET ADV NOUN	( 1631 )	nello spesso periodo	, era più affine alla sua mentalità la lotta tra papato ed impero che si svolgeva più vicino , in territorio
ITWAC	spesso	problema	Qualification or Set of Circumstances	?	DET ADV NOUN	i giapponesi sono zelanti fino all' inverosimile , ma lingua e location sono	un spesso problema	anche per loro .
ITWAC	spesso	re	Role	?	DET ADV NOUN	isola il sottotetto non praticabile posando dei materassini isolanti	dello spesso re	di 8 - 10 cm o versando 10 cm d' isolante sciolto 6 .
ITWAC	spesso	booklet	?	?	DET ADV NOUN	bello anche	lo spesso booklet	con i testi ; insomma , non vedo l' ora di rivederli la prossima estate a qualche festival .
ITWAC	spesso	poesie	?	?	DET ADJ ADV NOUN	n e l corso dei miei anni ricordo di aver letto per imparare a scrivere	il napoletano spesso poesie	di qualsiasi tendenza .
ITWAC	spesso	richiesta	?	?	DET ADV NOUN	i calciatori poi , per la poliedricità delle caratteristiche della disciplina e per	la spesso richiesta	velocità nel recupero dagli infortuni ( spesso pure legati al danaro che l' infortunato muove ) , risultano atleti particolarmente bombardati
ITWAC	spesso	strato	?	?	DET ADV NOUN	ale 75 ( gay ) ti ho mandato un paio di foto , quella sotto	lo spesso strato	di sangue è la mia barca ps in giardino hai delle palme taglia le punte e usale come teaser !
ITWAC	spesso	tavolo	?	?	DET ADV NOUN	era più pesante di quella dell' avversario , e i fendenti vibrati con ambo le mani avrebbero frantumato senza difficoltà	lo spesso tavolo	di quercia della sala .
ITWAC	spesso	strato	?	?	DET ADV NOUN	ale 75 ( gay ) ti ho mandato un paio di foto , quella sotto	lo spesso strato	di sangue è la mia barca ps in giardino hai delle palme taglia le punte e usale come teaser !
ITWAC	spesso	volume	?	?	DET ADV NOUN	la risposta più precisa è , naturalmente , quella ufficiale ; la definizione , cioè , che ne è data	nello spesso volume	rilegato in rosso e con lettere in oro che è l' annuario pontifìcio e la cui redazione è presso la stessa
ITWAC	spesso	muro	?	?	DET ADV NOUN	cartelle di contenuto giuridico , intendo disobbeddire al precetto di manlio cammarata e gettare , invece , un sasso contro	lo spesso muro	degli scandali più o meno palesi che da troppo tempo ormai avviliscono anche il settore dell' informatica .
ITWAC	spesso	appeal	?	?	DET ADV NOUN	recensione 06/01/2005 ocean 's twelve c' eravamo così ben abituati dopo gli altri film di soderbergh che speravamo di trovare	lo spesso appeal	.
ITWAC	spesso	strato	?	?	DET ADV NOUN	ale 75 ( gay ) ti ho mandato un paio di foto , quella sotto	lo spesso strato	di sangue è la mia barca ps in giardino hai delle palme taglia le punte e usale come teaser !
ITWAC	spesso	tempo	Entity	?	DET ADV NOUN	mezzo tra televisione , video giochi , musica sugli i-pod , radio , chat room di internet , tutti fruiti	allo spesso tempo	, spesso mentre fanno i compiti .
ITWAC	spesso	vetro	?	?	DET ADV NOUN	dall' altra parte	dello spesso vetro	, la donna tira fuori il suo telefono cellulare .
ITWAC	spesso	piano	?	?	DET ADV NOUN	credo che sia superfluo aggiungere che io lo uso con piena soddisfazione ( ma	sullo spesso piano	) .
ITWAC	spesso	piano	?	?	DET ADV NOUN	altra * in cui , in gran parte noi occidentali già viviamo , presentandola come come non senso , come	sullo spesso piano	di qualsiasi altra opzione di valore , anche la più oppressiva .
ITWAC	spesso	ritiro	?	?	DET ADV NOUN	continui problemi , in modo particolare per quanto riguarda 1 ) la i pulizia intorno agli ambienti , 2 )	il spesso ritiro	delle campane o dei contenitori con notevoli ritardo e credo con non rispetto dei tempi e del numero dei ritiri da
ITWAC	spesso	bordo	?	?	DET ADV NOUN	schermo con un bordo troppo largo e l' altro lato dell' immagine che si ripiega su se stessa , producendo	un spesso bordo	bianco e una striscia di " immagine fantasma " da quella parte .
ITWAC	spesso	giornale	?	?	DET ADV NOUN	in caso di recidività per parte dello stesso gerente e	nello spesso giornale	, le multe potranno essere , secondo le circostanze , accresciute fino al doppio .
