REPUBBLICA	tardi	anni	?	?	DET ADV NOUN	i due si persero di vista e lean incontrò sandra hotz in india	nei tardi anni	sessanta quando , sceso in un albergo che apparteneva ai genitori di lei , sandy lo accompagnò alla sua stanza .
REPUBBLICA	tardi	epigoni	?	?	DET ADV NOUN	nelle grandi bacheche dell' ingresso	i tardi epigoni	di daniele pifano , il collettivo degli autonomi ( come si vede siamo in pieno revival ) attacca la regione ,
REPUBBLICA	tardi	anni	?	?	DET ADV NOUN	incredibile ma vero , era stato un bel giovanotto	nei tardi anni	venti ( era nato nel 1907 ) , ma con una così ridotta riserva di espressioni facciali che , in pochi
REPUBBLICA	tardi	lavori	?	?	DET ADV NOUN	, sotto le dita di richter , tra settecento e ottocento , rivelazioni armoniche e timbriche che si credevano solo	dei tardi lavori	beethoveniani , e questi ultimi , come la sonata op. 101 , richter li spinge avanti , toccano una dolcezza ,
REPUBBLICA	tardi	anni	?	?	DET ADV NOUN	trasgressive promesse , sarà l' età , ma del più " terribile " degli " enfants " della nouvelle vague	dei tardi anni	cinquanta non c' è segno .
REPUBBLICA	tardi	anni	?	?	DET ADV NOUN	parla dell' operato dell' m 15 fra il 1955 e	i tardi anni	settanta , del suo sinistro potere svincolato da qualsiasi controllo ; dei piani , avallati dal primo ministro eden , per
REPUBBLICA	tardi	anni	?	?	DET ADV NOUN	e lì rammentava le incomprensioni e i dissapori fra gli aspiranti-spie inglesi e americani	nei tardi anni	'30 , che secondo gli emissari del comintern avrebbero dovuto felicemente collaborare per il successo di stalin .
REPUBBLICA	tardi	anni	?	?	DET ADV NOUN	primo maggio e nemmeno un clamoroso refuso di tipografia , ho subito telefonato al vecchio jimmy van alen , che	nei tardi anni	sessanta propose alcune varianti al punteggio , delle quali solo il tie-break è rimasto nella storia .
REPUBBLICA	tardi	anni	?	?	DET ADV NOUN	quel match ci illuse di aver ritrovato la grande speranza	dei tardi anni	'30 .
REPUBBLICA	tardi	epigoni	?	?	DET ADV NOUN	pur senza alcuna irriverenza , occorre dire che essi , rispetto a hegel , erano	dei tardi epigoni	.
REPUBBLICA	tardi	anni	?	?	DET ADV NOUN	quest' ultimo termine era nato in francia fin	dai tardi anni	venti .
REPUBBLICA	tardi	pomeriggio	?	?	DET ADV NOUN	ore , ma che è diventata ufficiale solo dopo un incontro tra i sette consiglieri comunali limiani che è iniziato	nel tardi pomeriggio	negli uffici di segreteria dell' europarlamentare dc .
REPUBBLICA	tardi	anni	?	?	DET ADV NOUN	ma non mi pare inverosimile che	nei tardi anni	ottanta del nostro secolo , caratterizzati da comunicazioni e scambi ( magari anche solo turistici ) e dalla diffusione planetaria della
REPUBBLICA	tardi	seguaci	Qualification or Set of Circumstances	?	DET ADV NOUN	duro flop , dunque , per	taluni tardi seguaci	di sedicenti filosofie , che sostengono tuttora l' inautenticità dell' ascolto meccanico , anche di esecuzioni somme in compact disc ,
REPUBBLICA	tardi	anni	?	?	DET ADV NOUN	nel novero della cultura di sinistra ,	nei tardi anni	quaranta , troviamo un bruno barilli , un sem benelli , un curzio malaparte , un massimo bontempelli .
REPUBBLICA	tardi	pomeriggio	?	?	DET ADV NOUN	gli scontri si sono avuti	nel tardi pomeriggio	di ieri alla manifestazione conclusiva della campagna elettorale della lega lombarda al circolo della stampa di milano , presente il segretario
REPUBBLICA	tardi	anni	?	?	DET ADV NOUN	nel campo della germanistica notai due segnali molto intelligenti , fin	dai tardi anni	cinquanta , in raffaele la capria : un entusiasmo precoce per robert musil ( sia pure accompagnato , come spesso succede
REPUBBLICA	tardi	anni	?	?	DET ADV NOUN	alla fine del suo libro , robert fulghum racconta la storia di quando , come molti occidentali	nei tardi anni	sessanta , andò in oriente in cerca di illuminazione .
REPUBBLICA	tardi	anni	?	?	DET ADV NOUN	così , dai primi lavori in acciaio dipinto costruiti per accumulo di elementi preesistenti , si passa ai lavori	dei tardi anni	sessanta ( orangerie e festa del sole ) , e dei settanta per arrivare alle table-pieces degli ottanta .
REPUBBLICA	tardi	esponenti	Qualification or Set of Circumstances	?	DET ADV NOUN	in israele il duello che chiude un' epoca i due vecchi isacchi che si confrontano alla prova delle urne sono	i tardi esponenti	di modelli ideologici ormai superati .
REPUBBLICA	tardi	esponenti	Qualification or Set of Circumstances	?	DET ADV NOUN	i due isacchi dal pelo grigio sono entrambi	i tardi esponenti	di modelli ideologici superati .
REPUBBLICA	tardi	gradi	?	?	DET ADV NOUN	gli eventi corrono più veloci delle menti di	molti tardi gradi	della sinistra sindacale e politica , che ancora ragionano come se il problema cruciale dei lavoratori italiani fosse oggi la riconquista
REPUBBLICA	tardi	anni	?	?	DET ADV NOUN	giovanissimi fan e solo qualche trentenne , memore del finardi di musica ribelle , la radio e altri storici hit	dei tardi anni	settanta .
REPUBBLICA	tardi	pomeriggio	?	?	DET ADV NOUN	tolto agli abitanti di roma anche il piacere del " ponentino " , un venticello fresco che arrivava dal mare	nei tardi pomeriggio	estivi .
REPUBBLICA	tardi	epigoni	?	?	DET ADJ ADV NOUN	proprio oggi che stava rischiando seriamente di essere scavalcato a sinistra	dai suoi tardi epigoni	.
REPUBBLICA	tardi	anni	?	?	DET ADV NOUN	se bobbio avesse acconsentito a ripetere nei primi anni 90 quello che fece	nei tardi anni	70 , non avrebbe reso credibile il psi ma soltanto nuociuto alla propria credibilità .
REPUBBLICA	tardi	anni	?	?	DET ADV NOUN	reed e john cale : rapresentarono la perfetta antitesi all' immagine di " pace & amore " della west coast	dei tardi anni	sessanta , il versante newyorkese , poetico ed eccessivo , di un rock che abbatteva in maniera radicale convenzioni ed abitudini
REPUBBLICA	tardi	pomeriggio	?	?	DET ADV NOUN	è appreso , mentre giovanni paolo ii e i suoi collaboratori erano riuniti per decidere il da far- si ,	nel tardi pomeriggio	di ieri è arrivato in vaticano un ultimo messaggio del rappresentante del segretaio generale dell' onu in bosnia , il giapponese
REPUBBLICA	tardi	anni	?	?	DET ADV NOUN	fosse stato qui il vecchio jack kramer , il campione mondiale	dei tardi anni	'40 , gli avrebbe detto che è impresa arrischiata cercar di colpire a tutto braccio , senza riguardo alcuno per la
REPUBBLICA	tardi	rispetto	?	?	DET ADV NOUN	ma è una difesa zoppa perché il processo penale è un poco e	un tardi rispetto	al processo politico in cui andreotti è già , da anni , pesantemente condannato .
REPUBBLICA	tardi	eredi	?	?	DET ADV NOUN	internazionale , sotto la fattispecie di un gigantesco fenomeno di criminalità politica , le cui stimmate seguiterebbero a bollare anche	i tardi eredi	, oltre ogni trasformazione ; di qui il giudizio sulla costituzione , su cui vengono riversate , per la sua origine
REPUBBLICA	tardi	eredi	?	?	DET ADJ ADV NOUN	se invece si vuol aprire un dialogo fra	i loro tardi eredi	, sia pure rinverditi e trasformati da fiuggi e dalla bolognina , niente di male , ma è meglio dir-
REPUBBLICA	tardi	epigoni	?	?	DET ADV NOUN	saba a sibilla aleramo -- avrebbero potuto immaginare che una frase di rilke avrebbe campeggiato un giorno sulla tribuna congressuale	dei tardi epigoni	di palmiro togliatti .
REPUBBLICA	tardi	seguaci	Qualification or Set of Circumstances	?	DET ADJ ADV NOUN	luciano canfora ha sostenuto che trotzkij , pur essendo un grande fascinatore , non è però riuscito ad ammaestrare	i suoi tardi seguaci	, nemmeno sul piano stilistico .
REPUBBLICA	tardi	amori	?	?	DET ADV NOUN	comincia la stagione	dei tardi amori	.
REPUBBLICA	tardi	anni	?	?	DET ADV NOUN	in gioventù , mario pannunzio era stato pittore ; appassionato di cinema ,	nei tardi anni	trenta aveva recensito i nuovi film su " omnibus " .
REPUBBLICA	tardi	pensieri	?	?	DET ADJ ADV NOUN	e in uno	dei suoi tardi pensieri	, nel 1837 , constaterà che " in compagnia dell' industria , la bassezza dell' animo , la freddezza ,
REPUBBLICA	tardi	epigoni	?	?	DET ADJ ADV NOUN	: per aver capito , meglio tardi che mai , di dover rompere l' isolamento in cui la gestione miope	dei suoi tardi epigoni	aveva confinato mediobanca e la comit , e aver avuto il coraggio di contraddire se stesso .
REPUBBLICA	tardi	anni	?	?	DET ADV NOUN	riteniamo , infine , che la grande fioritura straussiana sia quella della maturità , e	dei tardi anni	.
REPUBBLICA	tardi	anni	?	?	DET ADV NOUN	ma il governo anti-comunista di kuomintang , che ha governato l' isola sin	dai tardi anni	'40 , la chiama ancora la repubblica della cina , e pretende che essa sia la vera erede di cinquemila anni
REPUBBLICA	tardi	film	Qualification or Set of Circumstances	?	DET ADV NOUN	è che continua rivelazione -- mentre i giudici e i prelati mentono o nascondono , e anche le altre figure	dei tardi film	di dreyer saranno meno aperte alla luce .
WIKICONLL	tardi	anni	?	?	DET ADV NOUN	io lo incontrai durante	i tardi anni	'90 con i damageplan e dean zelinsky .
