REPUBBLICA	vecchio	nuovo	?	?	come il	vecchio-nuovo	leader legittimato dal no .
REPUBBLICA	vecchio	milan	?	?	serena : anticipa il suo uomo , lo scarta , poi evita pure laudrup : avanza e fa come antonini	vecchio-milan	: percorsi cinquanta metri , porge palla al vicino pileggi e lo sorprende fottutamente : pileggi non controlla e serve
REPUBBLICA	vecchio	giovane	Qualification or Set of Circumstances	?	e allora , diamo- ci un addio municipale ,	vecchio-giovane	tognolino .
REPUBBLICA	vecchio	de	?	?	il teatro , in sostanza , negli ultimi anni , con la gestione canessa-del	vecchio-de	simone , ha risolto la sua crisi di immagine e di ruolo .
REPUBBLICA	vecchio	bambino	?	?	di lì a poco il	vecchio-bambino	sarebbe riapparso da qualche parte .
REPUBBLICA	vecchio	credenti	Qualification or Set of Circumstances	?	si chiude con la più grave crisi religiosa interna che la russia abbia mai vissuto ( con lo scisma dei	vecchio-credenti	, avversari delle riforme del patriarca nikon ) , nella quale , in qualche modo , perì l' idea stessa
REPUBBLICA	vecchio	credenti	Qualification or Set of Circumstances	?	al confronto , appare assai più grave l' assenza di dati sui	vecchio-credenti	, che miljukov ( 1931 ) accreditava a più di 20 milioni , accanto ai circa 50 di ortodossi .
REPUBBLICA	vecchio	stile	Entity	?	ai banchieri	vecchio-stile	non è mai piaciuta l' arroganza del palazzinaro newyorkese , la sua vanità , i suo modi di fare da
REPUBBLICA	vecchio	falso	?	?	ma il nemico radicale è sempre il giovane-vecchio e il	vecchio-falso	giovine , che è per lo più un esploratore dilettante , sicofante per istinto e senza mercede , e che
REPUBBLICA	vecchio	contadino	?	?	sua volta indossata in palestina e giordania non per lo struscio e lo shopping del sabato , ma quale copricapo	vecchio-contadino	analogo alla scoppola siciliana rinnegata dai giovani ...
REPUBBLICA	vecchio	giovane	Qualification or Set of Circumstances	?	un forcing spirituale , un pressing mentale che costituiscono il tratto saliente di questo	vecchio-giovane	tecnico : mi piace lavorare così , ho a disposizione cervelli duttili , non incontro muri di cemento ma tavolette
REPUBBLICA	vecchio	credente	Qualification or Set of Circumstances	?	riscatto sociale era assai più interessante , con la sua barba da	vecchio-credente	, in una sala piena d' ombre della biblioteca puskin , vladimir vazurov : " niente da dire sul cernyscevskij
REPUBBLICA	vecchio	giovane	Qualification or Set of Circumstances	?	pedro almodovar , che arriva trafelato all' intervista nel salotto neoclassico dell' hotel lancaster di parigi , assomiglia certo al	vecchio-giovane	pedro che a venezia , nel 1983 scandalizzò i benpensanti con il fascino discreto del peccato .
REPUBBLICA	vecchio	stile	Entity	?	freschi può anche far faville , come qui accade , nei numeri di coreografie di sapore esotico , di ritmo	vecchio-stile	.
REPUBBLICA	vecchio	nuovo	?	?	quella contrapposizione	vecchio-nuovo	( mondo ) , prima che geografica è cosmologica , perché come risulta da uno scritto cinquecentesco di maksim grek
REPUBBLICA	vecchio	stampo	?	?	" ed è un peccato " commenta camille paglia , enfant-terrible dell' accademia americana e nemica giurata delle femministe	vecchio-stampo	.
REPUBBLICA	vecchio	stile	Entity	?	alla fine degli anni ottanta , quando il tradizionale partito democratico è entrato in crisi , assieme alla politica americana	vecchio-stile	, non gli è restato che andare in pensione , lasciando la presidenza della camera a thomas foley .
REPUBBLICA	vecchio	vecchio	?	?	adesso credo proprio di essere un	vecchio-vecchio	" .
REPUBBLICA	vecchio	sosa	?	?	grandissima azione orlandini-del	vecchio-sosa	, assist per berti che tira addosso a bucci .
REPUBBLICA	vecchio	giovane	Qualification or Set of Circumstances	?	il wild era , in primo luogo , il male , dal quale il	vecchio-giovane	presbiteriano era ossessionato .
REPUBBLICA	vecchio	benetton	?	?	tratta dell' euromercato ( sette ipermercati che fanno capo al gruppo standa ) che forse sarà acquistata dalla coppia del	vecchio-benetton	già protagonista del blitz su autogrill-gs .
REPUBBLICA	vecchio	benetton	?	?	fortuna avevano avuto con la sme quando avevano sollecitato l' esclusione della quota iri dall' opa che la coppia del	vecchio-benetton	doveva lanciare sulla vecchia finanziaria alimentare pubblica .
REPUBBLICA	vecchio	benetton	?	?	beneficio finanziario è già stato acquisito : alla fine dello scorso marzo la standa ha incassato 405,9 miliardi da del	vecchio-benetton	che , assieme al trasferimento di mutui e debiti per circa 185 miliardi , consente alla " casa degli italiani
REPUBBLICA	vecchio	benetton	?	?	grande distribuzione sono i piatti forti della sme , la società ex iri passata sotto il controllo delle famiglie del	vecchio-benetton	( nella foto gilberto benetton ) .
REPUBBLICA	vecchio	benetton	?	?	l' ex azienda iri , ora controllata dalla coppia del	vecchio-benetton	ha quindi bisogno di una riorganizzazione stategica e il piano dei nuovi proprietari è già pronto : separare le attività
REPUBBLICA	vecchio	palazzo	Place or function	?	palazzo	vecchio-palazzo	medici riccardi .
REPUBBLICA	vecchio	benetton	?	?	in realtà rappresenta un ulteriore avvicinamento fra la coppia del	vecchio-benetton	( proprietari di gs ) e la fininvest di silvio berlusconi , azionista di maggioranza della standa .
REPUBBLICA	vecchio	benetton	?	?	150 miliardi ) ma si tratta di un risultato contabile legato alla cessione dell' euromercato al gruppo gs ( del	vecchio-benetton	) .
REPUBBLICA	vecchio	nuovo	?	?	credo che questa storia del	vecchio-nuovo	non stia in piedi .
REPUBBLICA	vecchio	nuovo	?	?	il	vecchio-nuovo	gentile e il nuovo-vecchio gay sono i visi in luce del gruppo che ettore messina raduna oggi a trieste (
REPUBBLICA	vecchio	benetton	?	?	ma non cambiò mai nome continuando a chiamar- si società elettrica meridionale fino al 1995 quando l' accoppiata del	vecchio-benetton	, nuovi proprietari della gs-autogrill decisero di cancellare quella griffe centenaria .
REPUBBLICA	vecchio	nuova	?	?	, arrivava esausto al nostro tavolo ( già stavamo alla brcalka , il laboratorio verde , di fronte alla sinagoga	vecchio-nuova	) a raccontar- ci con tranquillità dei suoi sforzi che sapevamo faticosi , delle sue abilità ad eludere obblighi e
REPUBBLICA	vecchio	stile	Entity	?	la troupe capitanata da nello mascia ha fatto numerose scorrerie	vecchio-stile	tra il pubblico e sui palchi .
REPUBBLICA	vecchio	la	?	?	il soggetto inedito di ' tarzan , il	vecchio-la	vera storia del re della foresta ' , scritto nel 1994 da age e adriano incrocci , è stato pubblicato
REPUBBLICA	vecchio	benetton	?	?	di questi è stata contabilizzata grazie alla plusvalenza di 139 miliardi realizzata con la vendita di euromercato alla cordata del	vecchio-benetton	.
REPUBBLICA	vecchio	fanciullo	?	?	e per chi ancora non avesse capito , quel	vecchio-fanciullo	dalla pelle trasparente che amava pranzare da solo nelle tavole calde , approntò uno spiritosissimo decalogo , why i write
REPUBBLICA	vecchio	stile	Entity	?	" , le dice l' avvocatessa in uno slancio materno	vecchio-stile	.
REPUBBLICA	vecchio	nuovo	?	?	è lei che rischia di più nel gioco del	vecchio-nuovo	: deve smarcar- si dal sindaco uscente vitali ( sennò avrebbero ricandidato lui , no ?
REPUBBLICA	vecchio	giovane	Qualification or Set of Circumstances	?	questo	vecchio-giovane	insegnante , che ha dato ai giovani fiducia , conforto e amore , ha ricevuto da loro molto di più
REPUBBLICA	vecchio	benetton	?	?	a sorpresa del	vecchio-benetton	escono del tutto dalla società .
WIKICONLL	vecchio	stile	Entity	?	entrambe le parti combatterono con opliti e arcieri sulle navi , in un modo che tucidide chiama "	vecchio-stile	" .
WIKICONLL	vecchio	salviati	?	?	unico , che risiede in un centro di controllo posto a metà del tratto san marco	vecchio-salviati	, denominato appunto il cionfo .
WIKICONLL	vecchio	salviati	?	?	per le tre fermate risiedente in un centro di controllo posto nel tratto san marco	vecchio-salviati	, denominato appunto il cionfo .
WIKICONLL	vecchio	sole	?	?	un altro mito popolare riguardava la donna-luna strangolatrice del	vecchio-sole	, che era scappato , nascondendo- si nel cielo ; i fuegini , infatti , credevano nella esistenza di una
ITWAC	vecchio	bambino	?	?	in sintesi : il	vecchio-bambino	, anche se ha vissuto la sua magia come una maledizione , non nega - nelle sue confessioni - di
ITWAC	vecchio	inzaghi	?	?	ma io tifo per vincere anche se si gioca gattuso trequartista e con l' attacco del	vecchio-inzaghi	s ...
ITWAC	vecchio	inzaghi	?	?	ma io tifo per vincere anche se si gioca gattuso trequartista e con l' attacco del	vecchio-inzaghi	s ...
ITWAC	vecchio	stile	Entity	?	di vista cinematografico , è che quello diretto da michael bay è un film postmoderno , malgrado il suo tono	vecchio-stile	, le frasi retoriche e le battute .
ITWAC	vecchio	ora	?	?	: - bene - disse il	vecchio-ora	chiudi gli occhi e ascoltami attentamente .
ITWAC	vecchio	stile	Entity	?	più manifesta , dietro i processi dell' economia globale , la presenza egemonica usa a tutto campo : dai protezionisti	vecchio-stile	( la " guerra delle banane " ) all' imposizione al mondo dei brevetti transgenici , all' uso ormai sistematico
ITWAC	vecchio	stampo	?	?	come apparato burocratico , come potere temporale , non sopportavo i cardinali e questi politicanti clericali che sembrano degli aristocratici	vecchio-stampo	.
ITWAC	vecchio	stile	Entity	?	più manifesta , dietro i processi dell' economia globale , la presenza egemonica usa a tutto campo : dai protezionisti	vecchio-stile	( la " guerra delle banane " ) all' imposizione al mondo dei brevetti transgenici , all' uso ormai sistematico
ITWAC	vecchio	uomo	Qualification or Set of Circumstances	?	era un uomo , sebbene non riuscisse a capire se fosse un bambino-uomo , un uomo-uomo od un	vecchio-uomo	.
ITWAC	vecchio	stile	Entity	?	più manifesta , dietro i processi dell' economia globale , la presenza egemonica usa a tutto campo : dai protezionisti	vecchio-stile	( la " guerra delle banane " ) all' imposizione al mondo dei brevetti transgenici , all' uso ormai sistematico
ITWAC	vecchio	giovane	Qualification or Set of Circumstances	?	e' il pensiero di un	vecchio-giovane	, sempre incantato innanzi ad una donna ...
ITWAC	vecchio	ultras	?	?	1988/89 fiorentina-juve 2 - 1 rui barros , r. baggio , 2 - 1 borgonovo 26/03/2005 23:02:09	vecchio-ultras	, curva fiesole il ricordo più b ello è una partita dove vincemmo due volte ...
ITWAC	vecchio	giovane	Qualification or Set of Circumstances	?	io sono un	vecchio-giovane	democristiano , un " democon " e non certo un " teocon " .
ITWAC	vecchio	stile	Entity	?	kubrick ha realizzato alcuni grandi film , marchiati come suoi , in un modo piuttosto	vecchio-stile	.
ITWAC	vecchio	stile	Entity	?	più manifesta , dietro i processi dell' economia globale , la presenza egemonica usa a tutto campo : dai protezionisti	vecchio-stile	( la " guerra delle banane " ) all' imposizione al mondo dei brevetti transgenici , all' uso ormai sistematico
ITWAC	vecchio	vecchio	?	?	adesso credo proprio di essere un	vecchio-vecchio	.
ITWAC	vecchio	cattolici	?	?	mille cresime da srecko novak ( ex seminarista a zagabria , poi espulso e finito nel seminario di berna dei	vecchio-cattolici	da dove però sarebbe stato nuovamente allontanato ancora prima dell' ordinazione sacerdotale ) , un atto definito " scismatico "
ITWAC	vecchio	bambino	?	?		vecchio-bambino	o bambino-vecchio , con la paura lancinante della vecchiaia e della morte .
ITWAC	vecchio	bambino	?	?	15 riguarda la scuola di buddismo e un incontro di m. con il presidente-maestro di detta scuola , visto come	vecchio-bambino	- nel significato di lao-tzu = il saggio sempre nuovo , ( maestro di taoismo ) .
ITWAC	vecchio	bambino	?	?	dell' albero , lo sa da sempre , e se lo fa ripetere ancora una volta in sogno dal suo	vecchio-bambino	interiore , mentre si trova di passaggio nell' albergo che lo accoglie tra una tappa e l' altra del suo
ITWAC	vecchio	nome	?	?	12 then 13 echo " utilizzo : ` basename $ 0 `	vecchio-nome	nuovo-nome nomefile " 14 exit $ e _ err _ arg 15 fi 16 17 vecchio _ nome = $
ITWAC	vecchio	stile	Entity	?	ma l' innesto non funziona e gli inserti esotici restano come corpi estranei , piantati in un solido kolossal	vecchio-stile	.
ITWAC	vecchio	bambino	?	?	e regressioni , dentro la psiche di un unico individuo , in time out of joint l' anti-eroe , il	vecchio-bambino	ragle gumm , qualche anno più tardi , in the three stigmata of palmer eidritch ( 1964 ) , dentro
ITWAC	vecchio	valore	?	?	i blocchi del file vengono effettivamente scritti , ma e' mantenuta una traccia delle modifiche sotto forma di coppia	vecchio-valore	/ nuovo-valore .
ITWAC	vecchio	stile	Entity	?	più manifesta , dietro i processi dell' economia globale , la presenza egemonica usa a tutto campo : dai protezionisti	vecchio-stile	( la " guerra delle banane " ) all' imposizione al mondo dei brevetti transgenici all' uso ormai sistematico degli
ITWAC	vecchio	ragazzo	Kinship	?	temibilissimo in particolare un	vecchio-ragazzo	vestito del consueto nero che , lo sanno anche i bambini , svacca come poche altre cose , calzato di
ITWAC	vecchio	stile	Entity	?	più manifesta , dietro i processi dell' economia globale , la presenza egemonica usa a tutto campo : dai protezionisti	vecchio-stile	( la " guerra delle banane " ) all' imposizione al mondo dei brevetti transgenici , all' uso ormai sistematico
ITWAC	vecchio	osteria	?	?	2001 parco del ticino lato piemontese km 40 livello : facile in treno : torino-oleggio castello in bici : oleggio-mulino	vecchio-osteria	del ristoro-trecate-novara in treno : novara-torino dal 22 al 30 settembre barcellona e la catalunia in treno : torino -
ITWAC	vecchio	stile	Entity	?	più manifesta , dietro i processi dell' economia globale , la presenza egemonica usa a tutto campo : dai protezionisti	vecchio-stile	( la " guerra delle banane " ) all' imposizione al mondo dei brevetti transgenici , all' uso ormai sistematico
ITWAC	vecchio	amico	Qualification or Set of Circumstances	?	- oggi il covent garden è come un	vecchio-amico	, che si reincontra e lo si riconosce anche se si è appena sottoposto a un lifting » .
ITWAC	vecchio	tempo	Entity	?	norah può essere pastoso ma ci è ancora un mondo della differenza fra aor moderno e	vecchio-tempo	aor-aor-gh .
ITWAC	vecchio	stile	Entity	?	la mancanza dei logotipi oe ( francese ) , ij ( olandese ) e virgolette , ,	vecchio-stile	` ` ( tedesco ) è tollerabile .
ITWAC	vecchio	babilonese	?	?	non addirittura al redattore , che nella loro rilettura del vecchio documento dovettero sostituirla a quella parallela e sinonima del	vecchio-babilonese	.
ITWAC	vecchio	babilonese	?	?	lass & # 333 ; h & # 275 ; r ha il suo parallelo in quella già comune nel	vecchio-babilonese	, e nelle leggi di esnunna : mah & # 299 ; rat illaku , « rata corrente » (
ITWAC	vecchio	bambino	?	?	, depositata quella « neve » impalpabile di poncif , si accetta con più indulgenza quel bisbigliare flebile del grande	vecchio-bambino	, che si ribella all' autobiografia perché sa che anche la memoria si tarla .
ITWAC	vecchio	stampo	?	?	ordine , cosa che papa montini non voleva , e originare , involontariamente , un' eventuale divisione giuridica tra gesuiti	vecchio-stampo	e gesuiti riformati , cosa che paolo vi paventava .
ITWAC	vecchio	architetto	?	?	dopo anno , quello che era feto-architetto , diventa giovine-architetto , adolescente - architetto , uomo - architetto , e	vecchio-architetto	; ed infine morto-architetto .
ITWAC	vecchio	architetto	?	?	dopo anno , quello che era feto-architetto , diventa giovine-architetto , adolescente - architetto , uomo - architetto , e	vecchio-architetto	; ed infine morto-architetto .
REPUBBLICA	vecchio	giovani	Qualification or Set of Circumstances	?	dal nostro essere dei	vecchi-giovani	.
REPUBBLICA	vecchio	giovani	Qualification or Set of Circumstances	?	la contrapposizione	vecchi-giovani	falsifica il dibattito ribattono al manifesto una dinamica generazionale esiste solo nel senso di differenti biografie politiche , ma le
REPUBBLICA	vecchio	giovani	Qualification or Set of Circumstances	?	è riesplosa la polemica	vecchi-giovani	.
REPUBBLICA	vecchio	giovani	Qualification or Set of Circumstances	?	con varie confusioni e libere associazioni freudiane sul conflitto latente	vecchi-giovani	, e sui nodi intrecciati dei ruoli femminili madre-moglie-figlia-amante .
REPUBBLICA	vecchio	giovani	Qualification or Set of Circumstances	?	perché l' affiatamento	vecchi-giovani	non è ancora completato e le prime amichevoli hanno offerto una squadra dal doppio volto : buona capacità di palleggio
REPUBBLICA	vecchio	vecchi	?	?	presto perché fra i vincitori non mancano i riciclati , i	vecchi-vecchi	e i rancorosi .
REPUBBLICA	vecchio	giovani	Qualification or Set of Circumstances	?	comunque , i	vecchi-giovani	tirano : mille persone al campo agnelli , per una partita che solitamente ne avrebbe richiamate poche centinaia .
ITWAC	vecchio	utenti	?	?	medici e infermieri , e i	vecchi-utenti	devono solo obbedire .
ITWAC	vecchio	cattolici	?	?	recentemente anche i	vecchi-cattolici	e gli anglicani sembrano essersi orientati in questa direzione .
ITWAC	vecchio	amici	Qualification or Set of Circumstances	?	grazie ancora , sono sicuro che qui ho ritrovato i miei	vecchi-amici	, quelli per cui il duce.net per me valeva qualcosa .
ITWAC	vecchio	giovani	Qualification or Set of Circumstances	?	pur non essendo l' unico ritrovo per	vecchi-giovani	gauchistes ( solo a milano ce ne sono una decina ) che non si rassegnano al naufragio delle utopie ,
ITWAC	vecchio	bambini	Qualification or Set of Circumstances	?	e la vita continua , fino allo splendido finale , con i due	vecchi-bambini	.
ITWAC	vecchio	utenti	?	?	medici e infermieri , e i	vecchi-utenti	devono solo obbedire .
ITWAC	vecchio	bambini	Qualification or Set of Circumstances	?	non può sopportare di vedere i "	vecchi-bambini	" ( siamo in tema : è il titolo di una canzone di 40 anni fa di gino paolo :
ITWAC	vecchio	utenti	?	?	medici e infermieri , e i	vecchi-utenti	devono solo obbedire .
ITWAC	vecchio	bambini	Qualification or Set of Circumstances	?		vecchi-bambini	, bambini-vecchi , di mezza età , giovani ?
ITWAC	vecchio	utenti	?	?	medici e infermieri , e i	vecchi-utenti	devono solo obbedire .
ITWAC	vecchio	bambini	Qualification or Set of Circumstances	?	bacili di legno grezzo , acqua che viene sputata e gettata addosso ai personaggi , acqua continuamente agitata da inquietanti	vecchi-bambini	rumoristi che fanno da sarcastico contraltare alle tese e tragiche atmosfere , acqua che come sudore e lacrime gronda dalle
REPUBBLICA	vecchio	romano	?	?	vela : seconda regata classe finn ( semeraro ) , fd ( celon-celon ) , soling ( lamaro-dalla	vecchia-romano	) , star ( gorla-peraboni ) , tornado ( zuccoli-santella ) , 470 m. ( montefusco-montefusco ) , 470 f.
REPUBBLICA	vecchio	romano	?	?	vela : terza regata classe finn ( semeraro ) , fd ( celon-celon ) , soling ( lamaro-dalla	vecchia-romano	) , star ( gorla-peraboni ) , tornado ( zuccoli-santella ) , 470 m. ( montefusco-montefusco ) , 470 f.
REPUBBLICA	vecchio	romano	?	?	vela : terza regata classe finn ( semeraro ) , fd ( celon-celon ) , soling ( lamaro-dalla	vecchia-romano	) , star ( gorla-peraboni ) , tornado ( zuccoli-santella ) , 470 m. ( montefusco-montefusco ) , 470 femm
REPUBBLICA	vecchio	romano	?	?	vela : quinta regata classe finn ( semeraro ) , fd ( celon-celon ) , soling ( lamaro-dalla	vecchia-romano	) , star ( gorla-peraboni ) , tornado ( zuccoli-santella ) , 470 m. ( montefusco-montefusco ) , 470 f.
REPUBBLICA	vecchio	romano	?	?	a pusan ) : settima regata classe finn ( semeraro ) , fd ( celon-celon ) , soling ( lamaro-dalla	vecchia-romano	) , star ( gorla-peraboni ) , tornado ( zuccoli-santella ) , 470 maschile ( montefusco-montefusco ) , 470 femminile
REPUBBLICA	vecchio	romano	?	?	pusan ) : regate di recupero classe finn ( semeraro ) , f.d. ( celon-celon ) , soling ( lamaro-dalla	vecchia-romano	) , star ( gorla-peraboni ) , tornado ( zuccoli-santella ) , 47 o uomini ( montefusco-montefusco ) , tavole
REPUBBLICA	vecchio	fabbrica	Place or function	?	muore la	vecchia-fabbrica	simbolo dell' industria milanese e nasce invece la silicon valley italiana .
REPUBBLICA	vecchio	nuova	?	?	non è audace , infatti , pensare che , di trionfo in trionfo , la	vecchia-nuova	dc stia imboccando una via che porterà alla fine dell' egemonia democristiana in italia : con la perdita di ogni
REPUBBLICA	vecchio	bambina	Qualification or Set of Circumstances	?	jacob andersen , è un distaccato prestigiatore in smoking , e la sua compagna , beatrice libonati , è una	vecchia-bambina	di animalità sinistra .
REPUBBLICA	vecchio	mostro	?	?	a un certo livello è la rabbiosa reazione della	vecchia-mostro	, espatriata dall' europa , che in america ha scoperto la crudeltà della legge del più forte ( i suoi
REPUBBLICA	vecchio	maniera	?	?	: ma robin ha il grano di follia necessario e in qualche momento ( il discorso alle truppe dei giocattoli	vecchia-maniera	, che dovranno affrontare in campo i " wargames " ) è assolutamente perfetto .
REPUBBLICA	vecchio	nuova	?	?	i possibili partner e sugli alleati , sui possibili partner da cercare al nord per evitare che la	vecchia-nuova	dc si riduca in pochi mesi a percentuali da prefisso telefonico , come impietosamente vaticina bossi ?
REPUBBLICA	vecchio	bambina	Qualification or Set of Circumstances	?	la drammatica storia della	vecchia-bambina	si è svolta a florinas .
REPUBBLICA	vecchio	bambina	Qualification or Set of Circumstances	?	in una condizione tutt ' altro che surreale , ben diversa da quella raccontata dallo scrittore colombiano , alla	vecchia-bambina	nata in sardegna è toccato un destino amaro e inquietante : non render- si conto del trascorrere del tempo e
REPUBBLICA	vecchio	maniera	?	?	però il tono	vecchia-maniera	non è spiacevole , il cast abbonda di attori simpatici , il " restiling " è tutto sommato abbastanza onesto
REPUBBLICA	vecchio	maniera	?	?	oppure raccontare una commedia romantica	vecchia-maniera	, tutta imperniata su una storia d' amore ?
REPUBBLICA	vecchio	nuova	?	?	la risposta , in relazione alla	vecchia-nuova	dc , non può che essere negativa .
REPUBBLICA	vecchio	vampiro	?	?	nel suo film , non ci sono veri colpevoli : né la	vecchia-vampiro	né il medico malvagio .
WIKICONLL	vecchio	città	Qualification or Set of Circumstances	?	blatine-škrape " ) , vallo ( " bol " ) , i colli ( " brda " ) , città	vecchia-città	nuova ( " grad " ) , i grippi ( " gripe " ) , caprario o cabàn ( "
ITWAC	vecchio	chiesa	Place or function	?	rispetto al cantiere attualmente in essere nel tratto chiesa	vecchia-chiesa	nuova a campalto , afferma che da circa una settimana i lavori sono fermi .
ITWAC	vecchio	maniera	?	?	però il tono	vecchia-maniera	non è spiacevole , il cast abbonda di attori simpatici , il " restiling " è tutto sommato abbastanza onesto
ITWAC	vecchio	maniera	?	?	la trama è da romanzo d' appendice	vecchia-maniera	, fitto di luoghi , pericoli , enigmi .
ITWAC	vecchio	vecchia	?	?	un vecchio e una	vecchia-vecchia	, la terza e la quarta età .
ITWAC	vecchio	maniera	?	?	la trama è da romanzo d' appendice	vecchia-maniera	, fitto di luoghi , pericoli , enigmi .
ITWAC	vecchio	maniera	?	?	il che non toglie del tutto al film il suo gusto	vecchia-maniera	, come una patina del tempo abbastanza piacevole " .
ITWAC	vecchio	maniera	?	?	il tutto sullo sfondo di un pacifismo generico che vorrebbe rinfrescare il colore a un melodramma	vecchia-maniera	dove due star su tre ( law e kidman ) , si prendono troppo sul serio , la terza (
ITWAC	vecchio	bambina	Qualification or Set of Circumstances	?	qui la	vecchia-bambina	incontrerà il demone del fuoco calcifer , anch' egli vittima di una maledizione .
ITWAC	vecchio	maniera	?	?	il tutto sullo sfondo di un pacifismo generico che vorrebbe rinfrescare il colore a un melodramma	vecchia-maniera	dove due star su tre ( law e kidman ) , si prendono troppo sul serio , la terza (
ITWAC	vecchio	ala	?	?	di marco colombo 1987 : fondazione del circolo famigliare nel vecchio bar oratorio 1987 : allacciamento fognatura-acqua-gas : oratorio ala	vecchia-ala	nuova 1988 : costruzione portichetto circolo / oratorio 1990 : pavimentazione cortile interno oratorio 1991 : sommaria ristrutturazione spogliatoi campo
ITWAC	vecchio	ala	?	?	di marco colombo 1987 : fondazione del circolo famigliare nel vecchio bar oratorio 1987 : allacciamento fognatura-acqua-gas : oratorio ala	vecchia-ala	nuova 1988 : costruzione portichetto circolo / oratorio 1990 : pavimentazione cortile interno oratorio 1991 : sommaria ristrutturazione spogliatoi campo
ITWAC	vecchio	bambina	Qualification or Set of Circumstances	?	qui la	vecchia-bambina	incontrerà il demone del fuoco calcifer , anch' egli vittima di una maledizione .
ITWAC	vecchio	spirito	?	?	) niente di ché , però la	vecchia-spirito	è piuttosto ben stilizzata e suscita in effetti un certo spavento , specie quando si accosta ai bambini " .
ITWAC	vecchio	energia	?	?	invece di vedere cosa sia appropriato e cosa non lo sia , l' umano	vecchia-energia	lo vede tutto come qualcosa che deve rimanere e con cui trattare .
ITWAC	vecchio	maniera	?	?	parlamento , forse la maggioranza , e' indeciso se e' ancora il caso di tenersi buoni i detentori del potere	vecchia-maniera	o se e' giunta l' ora di sbilanciarsi per la vera democrazia , inclusa quella nei partiti .
ITWAC	vecchio	scuola	Place or function	?	questo editoriale e' per voi , professionisti instancabili dell' rpg nipponico	vecchia-scuola	, e l' odioso videogiocatore casual è avvertito !
ITWAC	vecchio	maniera	?	?	però il tono	vecchia-maniera	non è spiacevole , il cast abbonda di attori simpatici , il " restiling " è tutto sommato abbastanza onesto
